Action,Cap,Game,NED,Opponent,Opponent name,Period,Player,Score,Seconds,Team,Time
Starting goalkeeper,13.0,1,0,0,FRA,1.0,WILLEMSZ D,0 - 0,480,NED,8:00
Starting goalkeeper,1.0,1,0,0,FRA,1.0,COUNIL L,0 - 0,480,FRA,8:00
Sprint won possession,4.0,1,0,0,FRA,1.0,van der SLOOT S,0 - 0,480,NED,8:00
20 sec. exclusion in centre,8.0,1,0,0,FRA,1.0,BATTU A,0 - 0,466,FRA,7:46
Extra player shot - Goal,2.0,1,1,0,FRA,1.0,SMIT Y,1 - 0,453,NED,7:33
20 sec. exclusion in centre,6.0,1,1,0,FRA,1.0,STOMPHORST N,1 - 0,431,NED,7:11
20 sec. exclusion in centre,2.0,1,1,0,FRA,1.0,MILLOT E,1 - 0,385,FRA,6:25
Extra player shot - Goal,9.0,1,2,0,FRA,1.0,MEGENS M,2 - 0,369,NED,6:09
Turnover foul,12.0,1,2,0,FRA,1.0,DAULE A,2 - 0,340,FRA,5:40
Action shot - Missed,2.0,1,2,0,FRA,1.0,SMIT Y,2 - 0,330,NED,5:30
Turnover foul,3.0,1,2,0,FRA,1.0,BACHELIER L,2 - 0,322,FRA,5:22
Action shot - Saved,4.0,1,2,0,FRA,1.0,van der SLOOT S,2 - 0,311,NED,5:11
Action shot - Blocked,5.0,1,2,0,FRA,1.0,GUILLET L,2 - 0,283,FRA,4:43
Action shot - Blocked,3.0,1,2,0,FRA,1.0,GENEE D,2 - 0,257,NED,4:17
Penalty foul,11.0,1,2,0,FRA,1.0,BARBIEUX M,2 - 0,256,FRA,4:16
Penalty shot - Goal,4.0,1,3,0,FRA,1.0,van der SLOOT S,3 - 0,256,NED,4:16
20 sec. exclusion in centre,11.0,1,3,0,FRA,1.0,KLAASSEN L,3 - 0,237,NED,3:57
Action shot - Goal,9.0,1,4,0,FRA,1.0,MEGENS M,4 - 0,202,NED,3:22
Action shot - Missed,9.0,1,4,0,FRA,1.0,SACRE A,4 - 0,177,FRA,2:57
Action shot - Saved,9.0,1,4,0,FRA,1.0,MEGENS M,4 - 0,166,NED,2:46
Turnover foul,7.0,1,4,0,FRA,1.0,VALVERDE C,4 - 0,138,FRA,2:18
Steal,4.0,1,4,0,FRA,1.0,van der SLOOT S,4 - 0,138,NED,2:18
Action shot - Saved,4.0,1,4,0,FRA,1.0,van der SLOOT S,4 - 0,125,NED,2:05
5m shot - Goal,11.0,1,5,0,FRA,1.0,KLAASSEN L,5 - 0,110,NED,1:50
Centre shot - Saved,3.0,1,5,0,FRA,1.0,BACHELIER L,5 - 0,82,FRA,1:22
5m shot - Goal,11.0,1,6,0,FRA,1.0,KLAASSEN L,6 - 0,65,NED,1:05
Turnover foul,2.0,1,6,0,FRA,1.0,MILLOT E,6 - 0,52,FRA,0:52
Centre shot - Goal,12.0,1,7,0,FRA,1.0,JOUSTRA K,7 - 0,41,NED,0:41
Turnover foul,3.0,1,7,0,FRA,1.0,BACHELIER L,7 - 0,32,FRA,0:32
20 sec. exclusion in centre,3.0,1,7,0,FRA,1.0,BACHELIER L,7 - 0,19,FRA,0:19
Action shot - Saved,5.0,1,7,0,FRA,1.0,GENEE A,7 - 0,4,NED,0:04
5m shot - Missed,9.0,1,7,0,FRA,1.0,MEGENS M,7 - 0,1,NED,0:01
Starting goalkeeper,1.0,1,7,0,FRA,2.0,AARTS L,7 - 0,480,NED,8:00
Starting goalkeeper,1.0,1,7,0,FRA,2.0,COUNIL L,7 - 0,480,FRA,8:00
Sprint won possession,4.0,1,7,0,FRA,2.0,van der SLOOT S,7 - 0,480,NED,8:00
5m shot - Goal,11.0,1,8,0,FRA,2.0,KLAASSEN L,8 - 0,460,NED,7:40
5m shot - Missed,8.0,1,8,0,FRA,2.0,BATTU A,8 - 0,436,FRA,7:16
5m shot - Blocked,10.0,1,8,0,FRA,2.0,KOOLHAAS I,8 - 0,406,NED,6:46
Action shot - Saved,2.0,1,8,0,FRA,2.0,MILLOT E,8 - 0,380,FRA,6:20
Action shot - Goal,4.0,1,9,0,FRA,2.0,van der SLOOT S,9 - 0,366,NED,6:06
5m shot - Saved,9.0,1,9,0,FRA,2.0,SACRE A,9 - 0,337,FRA,5:37
Action shot - Goal,3.0,1,10,0,FRA,2.0,GENEE D,10 - 0,313,NED,5:13
Turnover foul,9.0,1,10,0,FRA,2.0,SACRE A,10 - 0,302,FRA,5:02
Steal,4.0,1,10,0,FRA,2.0,van der SLOOT S,10 - 0,302,NED,5:02
Turnover foul,4.0,1,10,0,FRA,2.0,van der SLOOT S,10 - 0,283,NED,4:43
Steal,3.0,1,10,0,FRA,2.0,BACHELIER L,10 - 0,283,FRA,4:43
20 sec. exclusion in field,8.0,1,10,0,FRA,2.0,SEVENICH V,10 - 0,282,NED,4:42
Turnover foul,4.0,1,10,0,FRA,2.0,SACRE A,10 - 0,246,FRA,4:06
Steal,5.0,1,10,0,FRA,2.0,GENEE A,10 - 0,246,NED,4:06
Turnover foul,4.0,1,10,0,FRA,2.0,van der SLOOT S,10 - 0,239,NED,3:59
Steal,2.0,1,10,0,FRA,2.0,MILLOT E,10 - 0,239,FRA,3:59
5m shot - Saved,2.0,1,10,0,FRA,2.0,MILLOT E,10 - 0,210,FRA,3:30
5m shot - Goal,3.0,1,11,0,FRA,2.0,GENEE D,11 - 0,184,NED,3:04
5m shot - Saved,2.0,1,11,0,FRA,2.0,SMIT Y,11 - 0,131,NED,2:11
Turnover foul,2.0,1,11,0,FRA,2.0,SMIT Y,11 - 0,121,NED,2:01
Steal,12.0,1,11,0,FRA,2.0,DAULE A,11 - 0,121,FRA,2:01
20 sec. exclusion in centre,9.0,1,11,0,FRA,2.0,MEGENS M,11 - 0,102,NED,1:42
Time-Out,,1,11,0,FRA,2.0,,11 - 0,102,FRA,1:42
Action shot - Saved,2.0,1,11,0,FRA,2.0,MILLOT E,11 - 0,73,FRA,1:13
Centre shot - Goal,3.0,1,12,0,FRA,2.0,GENEE D,12 - 0,62,NED,1:02
5m shot - Post,2.0,1,12,0,FRA,2.0,MILLOT E,12 - 0,34,FRA,0:34
Penalty foul,9.0,1,12,0,FRA,4.0,SACRE A,12 - 0,177,FRA,2:57
Turnover foul,6.0,1,12,0,FRA,4.0,MAHIEU G,12 - 0,156,FRA,2:36
Steal,1.0,1,12,0,FRA,4.0,AARTS L,12 - 0,156,NED,2:36
Action shot - Saved,7.0,1,12,0,FRA,4.0,NIJHUIS M,12 - 0,142,NED,2:22
Turnover foul,2.0,1,12,0,FRA,4.0,MILLOT E,12 - 0,123,FRA,2:03
Steal,5.0,1,12,0,FRA,4.0,GENEE A,12 - 0,123,NED,2:03
20 sec. exclusion in centre,3.0,1,12,0,FRA,2.0,BACHELIER L,12 - 0,11,FRA,0:11
Extra player shot - Saved,3.0,1,12,0,FRA,2.0,GENEE D,12 - 0,1,NED,0:01
Starting goalkeeper,13.0,1,12,0,FRA,3.0,WILLEMSZ D,12 - 0,480,NED,8:00
Starting goalkeeper,1.0,1,12,0,FRA,3.0,COUNIL L,12 - 0,480,FRA,8:00
Sprint won possession,4.0,1,12,0,FRA,3.0,van der SLOOT S,12 - 0,480,NED,8:00
Turnover foul,11.0,1,12,0,FRA,3.0,KLAASSEN L,12 - 0,451,NED,7:31
Steal,9.0,1,12,0,FRA,3.0,SACRE A,12 - 0,451,FRA,7:31
Action shot - Goal,11.0,1,13,0,FRA,3.0,KLAASSEN L,13 - 0,406,NED,6:46
Turnover foul,6.0,1,13,0,FRA,3.0,MAHIEU G,13 - 0,384,FRA,6:24
20 sec. exclusion in field,6.0,1,13,0,FRA,3.0,STOMPHORST N,13 - 0,355,NED,5:55
Action shot - Goal,2.0,1,13,1,FRA,3.0,MILLOT E,13 - 1,334,FRA,5:34
Action shot - Goal,5.0,1,14,1,FRA,3.0,GENEE A,14 - 1,317,NED,5:17
20 sec. exclusion in centre,11.0,1,14,1,FRA,3.0,KLAASSEN L,14 - 1,298,NED,4:58
Extra player shot - Saved,7.0,1,14,1,FRA,3.0,VALVERDE C,14 - 1,283,FRA,4:43
20 sec. exclusion in centre,2.0,1,14,1,FRA,3.0,SMIT Y,14 - 1,265,NED,4:25
5m shot - Missed,3.0,1,14,1,FRA,3.0,BACHELIER L,14 - 1,262,FRA,4:22
20 sec. exclusion in centre,10.0,1,14,1,FRA,3.0,DESCHAMPT Y,14 - 1,243,FRA,4:03
5m shot - Saved,9.0,1,14,1,FRA,3.0,MEGENS M,14 - 1,228,NED,3:48
Turnover foul,10.0,1,14,1,FRA,3.0,KOOLHAAS I,14 - 1,176,NED,2:56
Steal,3.0,1,14,1,FRA,3.0,BACHELIER L,14 - 1,176,FRA,2:56
5m shot - Saved,7.0,1,14,1,FRA,3.0,VALVERDE C,14 - 1,148,FRA,2:28
Turnover foul,9.0,1,14,1,FRA,3.0,MEGENS M,14 - 1,131,NED,2:11
5m shot - Saved,4.0,1,14,1,FRA,3.0,SACRE A,14 - 1,104,FRA,1:44
Turnover foul,10.0,1,14,1,FRA,3.0,KOOLHAAS I,14 - 1,84,NED,1:24
Steal,4.0,1,14,1,FRA,3.0,SACRE A,14 - 1,84,FRA,1:24
20 sec. exclusion in centre,7.0,1,14,1,FRA,3.0,NIJHUIS M,14 - 1,58,NED,0:58
Time-Out,,1,14,1,FRA,3.0,,14 - 1,58,FRA,0:58
Turnover foul,2.0,1,14,1,FRA,3.0,MILLOT E,14 - 1,47,FRA,0:47
Steal,4.0,1,14,1,FRA,3.0,van der SLOOT S,14 - 1,47,NED,0:47
5m shot - Post,7.0,1,14,1,FRA,3.0,NIJHUIS M,14 - 1,23,NED,0:23
Action shot - Missed,12.0,1,14,1,FRA,3.0,DAULE A,14 - 1,4,FRA,0:04
Time-Out,,1,14,1,FRA,3.0,,14 - 1,4,NED,0:04
20 sec. exclusion in centre,3.0,1,14,1,FRA,3.0,BACHELIER L,14 - 1,1,FRA,0:01
Exclusion with substitution,3.0,1,14,1,FRA,3.0,BACHELIER L,14 - 1,1,FRA,0:01
Penalty shot - Goal,4.0,1,15,1,FRA,3.0,van der SLOOT S,15 - 1,1,NED,0:01
Starting goalkeeper,1.0,1,15,1,FRA,4.0,AARTS L,15 - 1,480,NED,8:00
Starting goalkeeper,1.0,1,15,1,FRA,4.0,COUNIL L,15 - 1,480,FRA,8:00
Sprint won possession,4.0,1,15,1,FRA,4.0,van der SLOOT S,15 - 1,480,NED,8:00
Turnover foul,2.0,1,15,1,FRA,4.0,SMIT Y,15 - 1,464,NED,7:44
Steal,8.0,1,15,1,FRA,4.0,BATTU A,15 - 1,464,FRA,7:44
5m shot - Blocked,12.0,1,15,1,FRA,4.0,DAULE A,15 - 1,434,FRA,7:14
5m shot - Post,3.0,1,15,1,FRA,4.0,GENEE D,15 - 1,419,NED,6:59
5m shot - Saved,2.0,1,15,1,FRA,4.0,MILLOT E,15 - 1,389,FRA,6:29
20 sec. exclusion in field,6.0,1,15,1,FRA,4.0,MAHIEU G,15 - 1,382,FRA,6:22
Action shot - Goal,9.0,1,16,1,FRA,4.0,MEGENS M,16 - 1,361,NED,6:01
5m shot - Blocked,9.0,1,16,1,FRA,4.0,SACRE A,16 - 1,331,FRA,5:31
5m shot - Post,7.0,1,16,1,FRA,4.0,VALVERDE C,16 - 1,305,FRA,5:05
Turnover foul,8.0,1,16,1,FRA,4.0,SEVENICH V,16 - 1,297,NED,4:57
Steal,9.0,1,16,1,FRA,4.0,MEGENS M,16 - 1,297,NED,4:57
20 sec. exclusion in field,10.0,1,16,1,FRA,4.0,DESCHAMPT Y,16 - 1,290,FRA,4:50
Turnover foul,4.0,1,16,1,FRA,4.0,van der SLOOT S,16 - 1,281,NED,4:41
Steal,11.0,1,16,1,FRA,4.0,BARBIEUX M,16 - 1,281,FRA,4:41
Turnover foul,9.0,1,16,1,FRA,4.0,SACRE A,16 - 1,254,FRA,4:14
Steal,6.0,1,16,1,FRA,4.0,STOMPHORST N,16 - 1,254,NED,4:14
Action shot - Missed,3.0,1,16,1,FRA,4.0,GENEE D,16 - 1,235,NED,3:55
5m shot - Saved,12.0,1,16,1,FRA,4.0,DAULE A,16 - 1,205,FRA,3:25
20 sec. exclusion in field,2.0,1,16,1,FRA,4.0,SMIT Y,16 - 1,198,NED,3:18
Steal,8.0,1,16,1,FRA,4.0,SEVENICH V,16 - 1,181,NED,3:01
Penalty foul,10.0,1,16,1,FRA,4.0,DESCHAMPT Y,16 - 1,181,FRA,3:01
Exclusion with substitution,10.0,1,16,1,FRA,4.0,DESCHAMPT Y,16 - 1,181,FRA,3:01
Penalty shot - Goal,8.0,1,17,1,FRA,4.0,SEVENICH V,17 - 1,177,NED,2:57
Action shot - Post,11.0,1,17,1,FRA,4.0,KLAASSEN L,17 - 1,96,NED,1:36
Centre shot - Goal,6.0,1,17,2,FRA,4.0,MAHIEU G,17 - 2,62,FRA,1:02
5m shot - Post,11.0,1,17,2,FRA,4.0,KLAASSEN L,17 - 2,36,NED,0:36
Turnover foul,9.0,1,17,2,FRA,4.0,SACRE A,17 - 2,8,FRA,0:08
Steal,6.0,1,17,2,FRA,4.0,STOMPHORST N,17 - 2,8,NED,0:08
Centre shot - Saved,12.0,1,17,2,FRA,4.0,JOUSTRA K,17 - 2,1,NED,0:01
Starting goalkeeper,1.0,2,0,0,JPN,1.0,AOKI M,0 - 0,480,JPN,8:00
Starting goalkeeper,13.0,2,0,0,JPN,1.0,WILLEMSZ D,0 - 0,480,NED,8:00
Sprint won possession,4.0,2,0,0,JPN,1.0,van der SLOOT S,0 - 0,480,NED,8:00
20 sec. exclusion in centre,6.0,2,0,0,JPN,1.0,STOMPHORST N,0 - 0,439,NED,7:19
Action shot - Post,7.0,2,0,0,JPN,1.0,INABA A,0 - 0,421,JPN,7:01
Centre shot - Goal,4.0,2,1,0,JPN,1.0,van der SLOOT S,0 - 1,409,NED,6:49
Turnover foul,7.0,2,1,0,JPN,1.0,INABA A,0 - 1,395,JPN,6:35
20 sec. exclusion in centre,11.0,2,1,0,JPN,1.0,TOKUMOTO M,0 - 1,385,JPN,6:25
Centre shot - Goal,8.0,2,2,0,JPN,1.0,SEVENICH V,0 - 2,383,NED,6:23
Turnover foul,12.0,2,2,0,JPN,1.0,SUZUKI K,0 - 2,362,JPN,6:02
Counter attack - Goal,2.0,2,3,0,JPN,1.0,SMIT Y,0 - 3,356,NED,5:56
Turnover foul,7.0,2,3,0,JPN,1.0,INABA A,0 - 3,333,JPN,5:33
Steal,8.0,2,3,0,JPN,1.0,SEVENICH V,0 - 3,333,NED,5:33
Counter attack - Goal,4.0,2,4,0,JPN,1.0,van der SLOOT S,0 - 4,327,NED,5:27
Time-Out,,2,4,0,JPN,1.0,,0 - 4,327,JPN,5:27
20 sec. exclusion in centre,3.0,2,4,0,JPN,1.0,GENEE D,0 - 4,308,NED,5:08
Action shot - Saved,10.0,2,4,0,JPN,1.0,NORO M,0 - 4,300,JPN,5:00
Centre shot - Saved,8.0,2,4,0,JPN,1.0,SEVENICH V,0 - 4,284,NED,4:44
5m shot - Blocked,2.0,2,4,0,JPN,1.0,ARIMA Y,0 - 4,256,JPN,4:16
Centre shot - Goal,4.0,2,5,0,JPN,1.0,van der SLOOT S,0 - 5,236,NED,3:56
Turnover foul,6.0,2,5,0,JPN,1.0,YAMAMOTO M,0 - 5,221,JPN,3:41
Steal,8.0,2,5,0,JPN,1.0,SEVENICH V,0 - 5,221,NED,3:41
Turnover foul,8.0,2,5,0,JPN,1.0,SEVENICH V,0 - 5,210,NED,3:30
Steal,10.0,2,5,0,JPN,1.0,NORO M,0 - 5,210,JPN,3:30
Turnover foul,3.0,2,5,0,JPN,1.0,KAZAMA Y,0 - 5,187,JPN,3:07
Steal,11.0,2,5,0,JPN,1.0,KLAASSEN L,0 - 5,187,NED,3:07
20 sec. exclusion in centre,12.0,2,5,0,JPN,1.0,SUZUKI K,0 - 5,184,JPN,3:04
Extra player shot - Goal,2.0,2,6,0,JPN,1.0,SMIT Y,0 - 6,174,NED,2:54
5m shot - Post,3.0,2,6,0,JPN,1.0,KAZAMA Y,0 - 6,141,JPN,2:21
Turnover foul,6.0,2,6,0,JPN,1.0,STOMPHORST N,0 - 6,125,NED,2:05
Steal,5.0,2,6,0,JPN,1.0,SAKANOUE C,0 - 6,125,JPN,2:05
20 sec. exclusion in field,12.0,2,6,0,JPN,1.0,JOUSTRA K,0 - 6,113,NED,1:53
Goalkeeper substitution,1.0,2,6,0,JPN,1.0,AARTS L,0 - 6,89,NED,1:29
Action shot - Missed,2.0,2,6,0,JPN,1.0,ARIMA Y,0 - 6,88,JPN,1:28
Turnover foul,10.0,2,6,0,JPN,1.0,KOOLHAAS I,0 - 6,72,NED,1:12
Steal,1.0,2,6,0,JPN,1.0,AOKI M,0 - 6,72,JPN,1:12
5m shot - Missed,2.0,2,6,0,JPN,1.0,ARIMA Y,0 - 6,54,JPN,0:54
Action shot - Saved,7.0,2,6,0,JPN,1.0,NIJHUIS M,0 - 6,42,NED,0:42
20 sec. exclusion in centre,11.0,2,6,0,JPN,1.0,KLAASSEN L,0 - 6,31,NED,0:31
Turnover foul,12.0,2,6,0,JPN,1.0,SUZUKI K,0 - 6,23,JPN,0:23
Time-Out,,2,6,0,JPN,1.0,,0 - 6,23,NED,0:23
Action shot - Goal,5.0,2,7,0,JPN,1.0,GENEE A,0 - 7,3,NED,0:03
5m shot - Saved,8.0,2,7,0,JPN,1.0,NIIZAWA Y,0 - 7,1,JPN,0:01
Starting goalkeeper,1.0,2,7,0,JPN,2.0,AOKI M,0 - 7,480,JPN,8:00
Starting goalkeeper,1.0,2,7,0,JPN,2.0,AARTS L,0 - 7,480,NED,8:00
Sprint won possession,3.0,2,7,0,JPN,2.0,GENEE D,0 - 7,480,NED,8:00
Turnover foul,10.0,2,7,0,JPN,2.0,KOOLHAAS I,0 - 7,463,NED,7:43
Steal,2.0,2,7,0,JPN,2.0,ARIMA Y,0 - 7,463,JPN,7:43
20 sec. exclusion in centre,5.0,2,7,0,JPN,2.0,GENEE A,0 - 7,448,NED,7:28
Centre shot - Saved,2.0,2,7,0,JPN,2.0,ARIMA Y,0 - 7,431,JPN,7:11
20 sec. exclusion in field,10.0,2,7,0,JPN,2.0,NORO M,0 - 7,410,JPN,6:50
Extra player shot - Goal,4.0,2,8,0,JPN,2.0,van der SLOOT S,0 - 8,393,NED,6:33
Goalkeeper substitution,13.0,2,8,0,JPN,2.0,SHIOYA M,0 - 8,390,JPN,6:30
5m shot - Goal,4.0,2,8,1,JPN,2.0,MAGARIYAMA S,1 - 8,362,JPN,6:02
Centre shot - Saved,6.0,2,8,1,JPN,2.0,STOMPHORST N,1 - 8,338,NED,5:38
5m shot - Goal,11.0,2,8,2,JPN,2.0,TOKUMOTO M,2 - 8,321,JPN,5:21
Turnover foul,3.0,2,8,2,JPN,2.0,GENEE D,2 - 8,291,NED,4:51
Steal,13.0,2,8,2,JPN,2.0,SHIOYA M,2 - 8,291,JPN,4:51
5m shot - Missed,12.0,2,8,2,JPN,2.0,SUZUKI K,2 - 8,279,JPN,4:39
20 sec. exclusion in centre,11.0,2,8,2,JPN,2.0,TOKUMOTO M,2 - 8,256,JPN,4:16
Extra player shot - Missed,6.0,2,8,2,JPN,2.0,STOMPHORST N,2 - 8,245,NED,4:05
5m shot - Saved,10.0,2,8,2,JPN,3.0,NORO M,2 - 8,1,JPN,0:01
Starting goalkeeper,13.0,2,8,2,JPN,4.0,SHIOYA M,2 - 8,480,JPN,8:00
Starting goalkeeper,1.0,2,8,2,JPN,4.0,AARTS L,2 - 8,480,NED,8:00
Sprint won possession,3.0,2,8,2,JPN,4.0,GENEE D,2 - 8,480,NED,8:00
20 sec. exclusion in field,10.0,2,8,2,JPN,4.0,NORO M,2 - 8,468,JPN,7:48
Exclusion with substitution,10.0,2,8,2,JPN,4.0,NORO M,2 - 8,468,JPN,7:48
Extra player shot - Blocked,2.0,2,8,2,JPN,4.0,SMIT Y,2 - 8,448,NED,7:28
Action shot - Blocked,2.0,2,8,2,JPN,4.0,ARIMA Y,2 - 8,433,JPN,7:13
Action shot - Goal,9.0,2,16,7,JPN,4.0,MEGENS M,7 - 16,420,NED,7:00
20 sec. exclusion in centre,9.0,2,16,7,JPN,4.0,MEGENS M,7 - 16,391,NED,6:31
Extra player shot - Goal,6.0,2,16,8,JPN,4.0,YAMAMOTO M,8 - 16,388,JPN,6:28
Centre shot - Goal,8.0,2,17,8,JPN,4.0,SEVENICH V,8 - 17,372,NED,6:12
Action shot - Blocked,5.0,2,17,8,JPN,4.0,SAKANOUE C,8 - 17,343,JPN,5:43
Turnover foul,1.0,2,17,8,JPN,4.0,AARTS L,8 - 17,320,NED,5:20
Turnover foul,13.0,2,17,8,JPN,4.0,SHIOYA M,8 - 17,310,JPN,5:10
Steal,11.0,2,17,8,JPN,4.0,KLAASSEN L,8 - 17,310,NED,5:10
Action shot - Post,9.0,2,17,8,JPN,4.0,MEGENS M,8 - 17,300,NED,5:00
Double exclusion,11.0,2,17,8,JPN,4.0,KLAASSEN L,8 - 17,278,NED,4:38
Double exclusion,6.0,2,17,8,JPN,4.0,YAMAMOTO M,8 - 17,278,JPN,4:38
5m shot - Post,5.0,2,17,8,JPN,4.0,SAKANOUE C,8 - 17,267,JPN,4:27
Penalty foul,4.0,2,17,8,JPN,2.0,van der SLOOT S,8 - 17,242,NED,4:02
Penalty shot - Goal,12.0,2,8,3,JPN,2.0,SUZUKI K,3 - 8,242,JPN,4:02
Centre shot - Goal,8.0,2,9,3,JPN,2.0,SEVENICH V,3 - 9,220,NED,3:40
Turnover foul,4.0,2,9,3,JPN,2.0,MAGARIYAMA S,3 - 9,193,JPN,3:13
Steal,1.0,2,9,3,JPN,2.0,AARTS L,3 - 9,193,NED,3:13
Turnover foul,8.0,2,9,3,JPN,2.0,SEVENICH V,3 - 9,174,NED,2:54
Steal,4.0,2,9,3,JPN,2.0,MAGARIYAMA S,3 - 9,174,JPN,2:54
Counter attack - Goal,2.0,2,9,4,JPN,2.0,ARIMA Y,4 - 9,167,JPN,2:47
Time-Out,,2,9,4,JPN,2.0,,4 - 9,167,NED,2:47
Turnover foul,8.0,2,9,4,JPN,2.0,SEVENICH V,4 - 9,154,NED,2:34
Steal,13.0,2,9,4,JPN,2.0,SHIOYA M,4 - 9,154,JPN,2:34
Turnover foul,4.0,2,9,4,JPN,2.0,MAGARIYAMA S,4 - 9,127,JPN,2:07
20 sec. exclusion in centre,5.0,2,9,4,JPN,2.0,SAKANOUE C,4 - 9,110,JPN,1:50
Extra player shot - Goal,4.0,2,10,4,JPN,2.0,van der SLOOT S,4 - 10,96,NED,1:36
20 sec. exclusion in centre,5.0,2,10,4,JPN,2.0,GENEE A,4 - 10,86,NED,1:26
Extra player shot - Goal,2.0,2,10,5,JPN,2.0,ARIMA Y,5 - 10,72,JPN,1:12
Centre shot - Saved,2.0,2,10,5,JPN,2.0,SMIT Y,5 - 10,52,NED,0:52
Centre shot - Post,4.0,2,10,5,JPN,2.0,van der SLOOT S,5 - 10,25,NED,0:25
Turnover foul,6.0,2,10,5,JPN,2.0,YAMAMOTO M,5 - 10,7,JPN,0:07
Steal,1.0,2,10,5,JPN,2.0,AARTS L,5 - 10,7,NED,0:07
Starting goalkeeper,13.0,2,10,5,JPN,3.0,SHIOYA M,5 - 10,480,JPN,8:00
Starting goalkeeper,13.0,2,10,5,JPN,3.0,WILLEMSZ D,5 - 10,480,NED,8:00
Sprint won possession,4.0,2,10,5,JPN,3.0,van der SLOOT S,5 - 10,480,NED,8:00
5m shot - Saved,2.0,2,10,5,JPN,3.0,SMIT Y,5 - 10,451,NED,7:31
Turnover foul,12.0,2,10,5,JPN,3.0,SUZUKI K,5 - 10,420,JPN,7:00
Steal,4.0,2,10,5,JPN,3.0,van der SLOOT S,5 - 10,420,NED,7:00
Action shot - Saved,7.0,2,10,5,JPN,3.0,NIJHUIS M,5 - 10,404,NED,6:44
20 sec. exclusion in field,4.0,2,10,5,JPN,3.0,van der SLOOT S,5 - 10,392,NED,6:32
Extra player shot - Saved,12.0,2,10,5,JPN,3.0,SUZUKI K,5 - 10,382,JPN,6:22
Turnover foul,11.0,2,10,5,JPN,3.0,TOKUMOTO M,5 - 10,362,JPN,6:02
Steal,13.0,2,10,5,JPN,3.0,WILLEMSZ D,5 - 10,362,NED,6:02
20 sec. exclusion in field,11.0,2,10,5,JPN,3.0,TOKUMOTO M,5 - 10,340,JPN,5:40
Extra player shot - Missed,12.0,2,10,5,JPN,3.0,JOUSTRA K,5 - 10,340,NED,5:40
Exclusion with substitution,11.0,2,10,5,JPN,3.0,TOKUMOTO M,5 - 10,340,JPN,5:40
5m shot - Goal,2.0,2,10,6,JPN,3.0,ARIMA Y,6 - 10,331,JPN,5:31
Turnover foul,2.0,2,10,6,JPN,3.0,SMIT Y,6 - 10,309,NED,5:09
Steal,7.0,2,10,6,JPN,3.0,INABA A,6 - 10,309,JPN,5:09
Action shot - Goal,9.0,2,11,6,JPN,3.0,MEGENS M,6 - 11,277,NED,4:37
Turnover foul,4.0,2,11,6,JPN,3.0,MAGARIYAMA S,6 - 11,268,JPN,4:28
Steal,13.0,2,11,6,JPN,3.0,WILLEMSZ D,6 - 11,268,NED,4:28
Penalty foul,2.0,2,11,6,JPN,3.0,ARIMA Y,6 - 11,250,JPN,4:10
Penalty shot - Goal,9.0,2,12,6,JPN,3.0,MEGENS M,6 - 12,250,NED,4:10
20 sec. exclusion in centre,9.0,2,12,6,JPN,3.0,MEGENS M,6 - 12,235,NED,3:55
Time-Out,,2,12,6,JPN,3.0,,6 - 12,235,JPN,3:55
Action shot - Saved,7.0,2,12,6,JPN,3.0,INABA A,6 - 12,182,JPN,3:02
Action shot - Saved,4.0,2,12,6,JPN,3.0,van der SLOOT S,6 - 12,178,NED,2:58
Action shot - Post,7.0,2,12,6,JPN,3.0,INABA A,6 - 12,172,JPN,2:52
5m shot - Saved,5.0,2,12,6,JPN,3.0,SAKANOUE C,6 - 12,161,JPN,2:41
Turnover foul,4.0,2,12,6,JPN,3.0,van der SLOOT S,6 - 12,142,NED,2:22
Steal,5.0,2,12,6,JPN,3.0,SAKANOUE C,6 - 12,142,JPN,2:22
Centre shot - Saved,4.0,2,12,6,JPN,3.0,MAGARIYAMA S,6 - 12,118,JPN,1:58
Centre shot - Goal,4.0,2,13,6,JPN,3.0,van der SLOOT S,6 - 13,103,NED,1:43
Turnover foul,6.0,2,13,6,JPN,3.0,YAMAMOTO M,6 - 13,80,JPN,1:20
Steal,6.0,2,13,6,JPN,3.0,STOMPHORST N,6 - 13,80,NED,1:20
Turnover foul,6.0,2,13,6,JPN,3.0,STOMPHORST N,6 - 13,60,NED,1:00
Centre shot - Goal,3.0,2,13,7,JPN,3.0,KAZAMA Y,7 - 13,60,JPN,1:00
Action shot - Goal,7.0,2,14,7,JPN,3.0,NIJHUIS M,7 - 14,44,NED,0:44
Centre shot - Saved,2.0,2,14,7,JPN,3.0,ARIMA Y,7 - 14,21,JPN,0:21
20 sec. exclusion in field,10.0,2,14,7,JPN,3.0,NORO M,7 - 14,17,JPN,0:17
Time-Out,,2,14,7,JPN,3.0,,7 - 14,17,NED,0:17
Action shot - Goal,8.0,2,15,7,JPN,3.0,SEVENICH V,7 - 15,6,NED,0:06
20 sec. exclusion in field,6.0,2,15,7,JPN,4.0,STOMPHORST N,7 - 15,252,NED,4:12
Time-Out,,2,15,7,JPN,4.0,,7 - 15,247,JPN,4:07
Extra player shot - Blocked,6.0,2,15,7,JPN,4.0,YAMAMOTO M,7 - 15,235,JPN,3:55
5m shot - Goal,11.0,2,18,8,JPN,4.0,KLAASSEN L,8 - 18,208,NED,3:28
Turnover foul,8.0,2,18,8,JPN,4.0,NIIZAWA Y,8 - 18,166,JPN,2:46
Steal,7.0,2,18,8,JPN,4.0,NIJHUIS M,8 - 18,166,NED,2:46
Turnover foul,8.0,2,18,8,JPN,4.0,SEVENICH V,8 - 18,160,NED,2:40
Steal,13.0,2,18,8,JPN,4.0,SHIOYA M,8 - 18,160,JPN,2:40
5m shot - Post,7.0,2,18,8,JPN,4.0,INABA A,8 - 18,149,JPN,2:29
5m shot - Goal,7.0,2,19,8,JPN,4.0,NIJHUIS M,8 - 19,135,NED,2:15
5m shot - Missed,2.0,2,19,8,JPN,4.0,ARIMA Y,8 - 19,113,JPN,1:53
20 sec. exclusion in field,7.0,2,19,8,JPN,4.0,INABA A,8 - 19,103,JPN,1:43
Extra player shot - Saved,7.0,2,19,8,JPN,4.0,NIJHUIS M,8 - 19,65,NED,1:05
Penalty foul,2.0,2,19,8,JPN,4.0,SMIT Y,8 - 19,65,NED,1:05
Penalty shot - Saved,3.0,2,19,8,JPN,4.0,KAZAMA Y,8 - 19,65,JPN,1:05
Action shot - Missed,11.0,2,19,8,JPN,4.0,KLAASSEN L,8 - 19,46,NED,0:46
Centre shot - Saved,2.0,2,19,8,JPN,4.0,ARIMA Y,8 - 19,31,JPN,0:31
5m shot - Goal,11.0,2,20,8,JPN,4.0,KLAASSEN L,8 - 20,4,NED,0:04
5m shot - Saved,2.0,2,20,8,JPN,4.0,ARIMA Y,8 - 20,1,JPN,0:01
Starting goalkeeper,13.0,3,0,0,HUN,1.0,WILLEMSZ D,0 - 0,480,NED,8:00
Starting goalkeeper,1.0,3,0,0,HUN,1.0,GANGL E,0 - 0,480,HUN,8:00
Sprint won possession,12.0,3,0,0,HUN,1.0,SZILAGYI D,0 - 0,480,HUN,8:00
20 sec. exclusion in centre,3.0,3,0,0,HUN,1.0,GENEE D,0 - 0,458,NED,7:38
Extra player shot - Post,3.0,3,0,0,HUN,1.0,ANTAL D,0 - 0,445,HUN,7:25
Action shot - Post,11.0,3,0,0,HUN,1.0,KLAASSEN L,0 - 0,427,NED,7:07
5m shot - Post,8.0,3,0,0,HUN,1.0,KESZTHELYI R,0 - 0,405,HUN,6:45
20 sec. exclusion in centre,11.0,3,0,0,HUN,1.0,CSABAI D,0 - 0,389,HUN,6:29
Extra player shot - Blocked,2.0,3,0,0,HUN,1.0,SMIT Y,0 - 0,380,NED,6:20
Turnover foul,5.0,3,0,0,HUN,1.0,SZUCS G,0 - 0,362,HUN,6:02
Steal,11.0,3,0,0,HUN,1.0,KLAASSEN L,0 - 0,362,NED,6:02
Turnover foul,8.0,3,0,0,HUN,1.0,SEVENICH V,0 - 0,344,NED,5:44
Steal,3.0,3,0,0,HUN,1.0,ANTAL D,0 - 0,344,HUN,5:44
Action shot - Saved,3.0,3,0,0,HUN,1.0,ANTAL D,0 - 0,322,HUN,5:22
Action shot - Goal,9.0,3,1,0,HUN,1.0,MEGENS M,1 - 0,300,NED,5:00
5m shot - Missed,5.0,3,1,0,HUN,1.0,SZUCS G,1 - 0,272,HUN,4:32
Turnover foul,2.0,3,1,0,HUN,1.0,SMIT Y,1 - 0,267,NED,4:27
Steal,12.0,3,1,0,HUN,1.0,SZILAGYI D,1 - 0,267,HUN,4:27
Counter attack - Goal,5.0,3,1,1,HUN,1.0,SZUCS G,1 - 1,260,HUN,4:20
5m shot - Saved,2.0,3,1,1,HUN,1.0,SMIT Y,1 - 1,238,NED,3:58
Action shot - Saved,4.0,3,1,1,HUN,1.0,van der SLOOT S,1 - 1,205,NED,3:25
Turnover foul,6.0,3,1,1,HUN,1.0,TAKACS O,1 - 1,180,HUN,3:00
Steal,6.0,3,1,1,HUN,1.0,STOMPHORST N,1 - 1,180,NED,3:00
5m shot - Goal,4.0,3,2,1,HUN,1.0,van der SLOOT S,2 - 1,154,NED,2:34
Action shot - Saved,7.0,3,2,1,HUN,1.0,ILLES A,2 - 1,130,HUN,2:10
20 sec. exclusion in field,6.0,3,2,1,HUN,1.0,STOMPHORST N,2 - 1,127,NED,2:07
Turnover foul,9.0,3,2,1,HUN,1.0,TOTH I,2 - 1,102,HUN,1:42
Steal,12.0,3,2,1,HUN,1.0,JOUSTRA K,2 - 1,102,NED,1:42
Turnover foul,12.0,3,2,1,HUN,1.0,JOUSTRA K,2 - 1,79,NED,1:19
Steal,7.0,3,2,1,HUN,1.0,ILLES A,2 - 1,79,HUN,1:19
5m shot - Goal,5.0,3,2,2,HUN,1.0,SZUCS G,2 - 2,53,HUN,0:53
5m shot - Missed,2.0,3,2,2,HUN,1.0,SMIT Y,2 - 2,23,NED,0:23
Time-Out,,3,2,2,HUN,1.0,,2 - 2,21,HUN,0:21
5m shot - Saved,12.0,3,2,2,HUN,1.0,SZILAGYI D,2 - 2,2,HUN,0:02
Time-Out,,3,2,2,HUN,1.0,,2 - 2,2,NED,0:02
5m shot - Saved,11.0,3,2,2,HUN,1.0,KLAASSEN L,2 - 2,1,NED,0:01
Starting goalkeeper,13.0,3,2,2,HUN,2.0,WILLEMSZ D,2 - 2,480,NED,8:00
Starting goalkeeper,1.0,3,2,2,HUN,2.0,GANGL E,2 - 2,480,HUN,8:00
Sprint won possession,4.0,3,2,2,HUN,2.0,van der SLOOT S,2 - 2,480,NED,8:00
20 sec. exclusion in centre,11.0,3,2,2,HUN,2.0,CSABAI D,2 - 2,456,HUN,7:36
Extra player shot - Blocked,11.0,3,2,2,HUN,2.0,KLAASSEN L,2 - 2,443,NED,7:23
5m shot - Post,6.0,3,2,2,HUN,2.0,TAKACS O,2 - 2,416,HUN,6:56
Centre shot - Goal,10.0,3,2,3,HUN,2.0,BUJKA B,2 - 3,415,HUN,6:55
Turnover foul,9.0,3,2,3,HUN,2.0,MEGENS M,2 - 3,387,NED,6:27
Steal,1.0,3,2,3,HUN,2.0,GANGL E,2 - 3,387,HUN,6:27
Yellow card,,3,2,3,HUN,2.0,Team Official,2 - 3,371,HUN,6:11
Turnover foul,11.0,3,2,3,HUN,2.0,KLAASSEN L,2 - 3,359,NED,5:59
Turnover foul,6.0,3,2,3,HUN,2.0,TAKACS O,2 - 3,359,HUN,5:59
20 sec. exclusion in centre,8.0,3,2,3,HUN,2.0,SEVENICH V,2 - 3,326,NED,5:26
Action shot - Post,12.0,3,2,3,HUN,2.0,SZILAGYI D,2 - 3,304,HUN,5:04
Centre shot - Saved,9.0,3,2,3,HUN,2.0,MEGENS M,2 - 3,278,NED,4:38
Turnover foul,9.0,3,2,3,HUN,2.0,TOTH I,2 - 3,251,HUN,4:11
Steal,11.0,3,2,3,HUN,2.0,KLAASSEN L,2 - 3,251,NED,4:11
20 sec. exclusion in centre,5.0,3,2,3,HUN,2.0,SZUCS G,2 - 3,230,HUN,3:50
Extra player shot - Blocked,5.0,3,2,3,HUN,2.0,GENEE A,2 - 3,214,NED,3:34
Centre shot - Missed,9.0,3,2,3,HUN,2.0,TOTH I,2 - 3,191,HUN,3:11
Action shot - Post,6.0,3,2,3,HUN,2.0,STOMPHORST N,2 - 3,168,NED,2:48
Action shot - Blocked,12.0,3,2,3,HUN,2.0,SZILAGYI D,2 - 3,144,HUN,2:24
Time-Out,,3,2,3,HUN,2.0,,2 - 3,144,NED,2:24
Turnover foul,7.0,3,2,3,HUN,2.0,NIJHUIS M,2 - 3,124,NED,2:04
Steal,5.0,3,2,3,HUN,2.0,SZUCS G,2 - 3,124,HUN,2:04
20 sec. exclusion in field,8.0,3,2,3,HUN,4.0,KESZTHELYI R,2 - 3,250,HUN,4:10
Extra player shot - Saved,8.0,3,2,3,HUN,4.0,SEVENICH V,2 - 3,230,NED,3:50
Turnover foul,3.0,3,2,3,HUN,4.0,ANTAL D,2 - 3,216,HUN,3:36
20 sec. exclusion in field,7.0,3,2,3,HUN,4.0,ILLES A,2 - 3,213,HUN,3:33
Extra player shot - Goal,2.0,3,6,8,HUN,4.0,SMIT Y,6 - 8,210,NED,3:30
Action shot - Goal,4.0,3,6,9,HUN,4.0,GURISATTI G,6 - 9,184,HUN,3:04
Action shot - Goal,2.0,3,7,9,HUN,4.0,SMIT Y,7 - 9,164,NED,2:44
5m shot - Blocked,6.0,3,7,9,HUN,4.0,TAKACS O,7 - 9,132,HUN,2:12
Turnover foul,2.0,3,7,9,HUN,4.0,SMIT Y,7 - 9,107,NED,1:47
20 sec. exclusion in field,6.0,3,7,9,HUN,2.0,STOMPHORST N,7 - 9,123,NED,2:03
Time-Out,,3,7,9,HUN,2.0,,7 - 9,123,HUN,2:03
Extra player shot - Saved,11.0,3,7,9,HUN,2.0,CSABAI D,7 - 9,106,HUN,1:46
Turnover foul,3.0,3,7,9,HUN,2.0,GENEE D,7 - 9,80,NED,1:20
Steal,1.0,3,7,9,HUN,2.0,GANGL E,7 - 9,80,HUN,1:20
Action shot - Post,3.0,3,7,9,HUN,2.0,ANTAL D,7 - 9,55,HUN,0:55
20 sec. exclusion in centre,11.0,3,7,9,HUN,2.0,CSABAI D,7 - 9,42,HUN,0:42
Exclusion with substitution,11.0,3,7,9,HUN,2.0,CSABAI D,7 - 9,42,HUN,0:42
Penalty foul,11.0,3,7,9,HUN,2.0,CSABAI D,7 - 9,38,HUN,0:38
Penalty shot - Goal,4.0,3,3,3,HUN,2.0,van der SLOOT S,3 - 3,38,NED,0:38
Turnover foul,10.0,3,3,3,HUN,2.0,BUJKA B,3 - 3,13,HUN,0:13
Steal,3.0,3,3,3,HUN,2.0,GENEE D,3 - 3,13,NED,0:13
5m shot - Missed,11.0,3,3,3,HUN,2.0,KLAASSEN L,3 - 3,1,NED,0:01
Starting goalkeeper,13.0,3,3,3,HUN,3.0,WILLEMSZ D,3 - 3,480,NED,8:00
Starting goalkeeper,1.0,3,3,3,HUN,3.0,GANGL E,3 - 3,480,HUN,8:00
Sprint won possession,12.0,3,3,3,HUN,3.0,SZILAGYI D,3 - 3,480,HUN,8:00
Double exclusion,10.0,3,3,3,HUN,3.0,BUJKA B,3 - 3,458,HUN,7:38
Double exclusion,3.0,3,3,3,HUN,3.0,GENEE D,3 - 3,458,NED,7:38
5m shot - Blocked,11.0,3,3,3,HUN,3.0,KLAASSEN L,3 - 3,424,NED,7:04
Turnover foul,9.0,3,3,3,HUN,3.0,MEGENS M,3 - 3,367,NED,6:07
Action shot - Goal,2.0,3,3,4,HUN,3.0,CZIGANY D,3 - 4,344,HUN,5:44
Turnover foul,12.0,3,3,4,HUN,3.0,JOUSTRA K,3 - 4,328,NED,5:28
Steal,6.0,3,3,4,HUN,3.0,TAKACS O,3 - 4,328,HUN,5:28
Action shot - Goal,7.0,3,3,5,HUN,3.0,ILLES A,3 - 5,303,HUN,5:03
20 sec. exclusion in centre,7.0,3,3,5,HUN,3.0,ILLES A,3 - 5,287,HUN,4:47
Extra player shot - Goal,2.0,3,4,5,HUN,3.0,SMIT Y,4 - 5,269,NED,4:29
20 sec. exclusion in centre,3.0,3,4,5,HUN,3.0,GENEE D,4 - 5,261,NED,4:21
Extra player shot - Goal,2.0,3,4,6,HUN,3.0,CZIGANY D,4 - 6,234,HUN,3:54
Yellow card,,3,4,6,HUN,3.0,Team Official,4 - 6,234,NED,3:54
Turnover foul,10.0,3,4,6,HUN,3.0,KOOLHAAS I,4 - 6,221,NED,3:41
Action shot - Goal,4.0,3,4,7,HUN,3.0,GURISATTI G,4 - 7,194,HUN,3:14
Time-Out,,3,4,7,HUN,3.0,,4 - 7,194,NED,3:14
5m shot - Saved,6.0,3,4,7,HUN,3.0,STOMPHORST N,4 - 7,165,NED,2:45
Turnover foul,10.0,3,4,7,HUN,3.0,BUJKA B,4 - 7,149,HUN,2:29
Steal,4.0,3,4,7,HUN,3.0,van der SLOOT S,4 - 7,149,NED,2:29
20 sec. exclusion in centre,4.0,3,4,7,HUN,3.0,GURISATTI G,4 - 7,128,HUN,2:08
Extra player shot - Saved,9.0,3,4,7,HUN,3.0,MEGENS M,4 - 7,109,NED,1:49
Turnover foul,10.0,3,4,7,HUN,3.0,BUJKA B,4 - 7,76,HUN,1:16
Steal,6.0,3,4,7,HUN,3.0,STOMPHORST N,4 - 7,76,NED,1:16
Turnover foul,8.0,3,4,7,HUN,3.0,SEVENICH V,4 - 7,63,NED,1:03
Steal,7.0,3,4,7,HUN,3.0,ILLES A,4 - 7,63,HUN,1:03
5m shot - Blocked,6.0,3,4,7,HUN,3.0,TAKACS O,4 - 7,33,HUN,0:33
20 sec. exclusion in field,6.0,3,4,7,HUN,3.0,TAKACS O,4 - 7,32,HUN,0:32
Action shot - Goal,2.0,3,5,7,HUN,3.0,SMIT Y,5 - 7,9,NED,0:09
Time-Out,,3,5,7,HUN,3.0,,5 - 7,9,HUN,0:09
5m shot - Saved,8.0,3,5,7,HUN,3.0,KESZTHELYI R,5 - 7,1,HUN,0:01
Starting goalkeeper,13.0,3,5,7,HUN,4.0,WILLEMSZ D,5 - 7,480,NED,8:00
Starting goalkeeper,1.0,3,5,7,HUN,4.0,GANGL E,5 - 7,480,HUN,8:00
Sprint won possession,5.0,3,5,7,HUN,4.0,SZUCS G,5 - 7,480,HUN,8:00
20 sec. exclusion in field,7.0,3,5,7,HUN,4.0,NIJHUIS M,5 - 7,464,NED,7:44
Extra player shot - Saved,5.0,3,5,7,HUN,4.0,SZUCS G,5 - 7,444,HUN,7:24
20 sec. exclusion in field,6.0,3,5,7,HUN,4.0,TAKACS O,5 - 7,425,HUN,7:05
Extra player shot - Saved,5.0,3,5,7,HUN,4.0,GENEE A,5 - 7,407,NED,6:47
Turnover foul,10.0,3,5,7,HUN,4.0,KOOLHAAS I,5 - 7,346,NED,5:46
Penalty foul,8.0,3,5,7,HUN,4.0,SEVENICH V,5 - 7,332,NED,5:32
Penalty shot - Goal,8.0,3,5,8,HUN,4.0,KESZTHELYI R,5 - 8,332,HUN,5:32
Turnover foul,8.0,3,5,8,HUN,4.0,SEVENICH V,5 - 8,314,NED,5:14
Centre shot - Saved,10.0,3,5,8,HUN,4.0,BUJKA B,5 - 8,301,HUN,5:01
20 sec. exclusion in field,5.0,3,5,8,HUN,4.0,SZUCS G,5 - 8,295,HUN,4:55
Extra player shot - Saved,4.0,3,5,8,HUN,4.0,van der SLOOT S,5 - 8,277,NED,4:37
Turnover foul,10.0,3,5,8,HUN,4.0,BUJKA B,5 - 8,250,HUN,4:10
Steal,1.0,3,5,8,HUN,4.0,GANGL E,5 - 8,107,HUN,1:47
Penalty foul,6.0,3,5,8,HUN,4.0,STOMPHORST N,5 - 8,82,NED,1:22
Penalty shot - Goal,8.0,3,7,10,HUN,4.0,KESZTHELYI R,7 - 10,82,HUN,1:22
20 sec. exclusion in field,6.0,3,7,10,HUN,4.0,TAKACS O,7 - 10,66,HUN,1:06
Extra player shot - Goal,4.0,3,8,10,HUN,4.0,van der SLOOT S,8 - 10,63,NED,1:03
Turnover foul,9.0,3,8,10,HUN,4.0,TOTH I,8 - 10,33,HUN,0:33
Steal,4.0,3,8,10,HUN,4.0,van der SLOOT S,8 - 10,33,NED,0:33
5m shot - Saved,4.0,3,8,10,HUN,4.0,van der SLOOT S,8 - 10,15,NED,0:15
Starting goalkeeper,13.0,4,0,0,RUS,1.0,WILLEMSZ D,0 - 0,480,NED,8:00
Starting goalkeeper,13.0,4,0,0,RUS,1.0,KARNAUKH A,0 - 0,480,RUS,8:00
Sprint won possession,7.0,4,0,0,RUS,1.0,SERZHANTOVA A,0 - 0,480,RUS,8:00
Action shot - Goal,3.0,4,0,1,RUS,1.0,PROKOFYEVA E,0 - 1,451,RUS,7:31
20 sec. exclusion in centre,6.0,4,0,1,RUS,1.0,GORBUNOVA O,0 - 1,437,RUS,7:17
Extra player shot - Goal,6.0,4,1,1,RUS,1.0,STOMPHORST N,1 - 1,417,NED,6:57
Action shot - Missed,6.0,4,1,1,RUS,1.0,GORBUNOVA O,1 - 1,390,RUS,6:30
Turnover foul,9.0,4,1,1,RUS,1.0,MEGENS M,1 - 1,362,NED,6:02
Steal,12.0,4,1,1,RUS,1.0,RYZHKOVA D,1 - 1,362,RUS,6:02
5m shot - Missed,10.0,4,1,1,RUS,1.0,TOLKUNOVA T,1 - 1,333,RUS,5:33
20 sec. exclusion in field,12.0,4,1,1,RUS,1.0,RYZHKOVA D,1 - 1,320,RUS,5:20
Extra player shot - Missed,9.0,4,1,1,RUS,1.0,MEGENS M,1 - 1,302,NED,5:02
Action shot - Goal,12.0,4,1,2,RUS,1.0,RYZHKOVA D,1 - 2,277,RUS,4:37
5m shot - Missed,2.0,4,1,2,RUS,1.0,SMIT Y,1 - 2,258,NED,4:18
Centre shot - Goal,9.0,4,1,3,RUS,1.0,TIMOFEEVA A,1 - 3,238,RUS,3:58
5m shot - Blocked,9.0,4,1,3,RUS,1.0,MEGENS M,1 - 3,217,NED,3:37
20 sec. exclusion in centre,11.0,4,1,3,RUS,1.0,KLAASSEN L,1 - 3,191,NED,3:11
Time-Out,,4,1,3,RUS,1.0,,1 - 3,191,RUS,3:11
Extra player shot - Goal,12.0,4,1,4,RUS,1.0,RYZHKOVA D,1 - 4,172,RUS,2:52
Turnover foul,3.0,4,1,4,RUS,1.0,PROKOFYEVA E,1 - 4,151,RUS,2:31
Turnover foul,9.0,4,1,4,RUS,1.0,MEGENS M,1 - 4,146,NED,2:26
Steal,3.0,4,1,4,RUS,1.0,PROKOFYEVA E,1 - 4,146,RUS,2:26
5m shot - Missed,3.0,4,1,4,RUS,1.0,PROKOFYEVA E,1 - 4,127,RUS,2:07
Penalty foul,3.0,4,1,4,RUS,1.0,PROKOFYEVA E,1 - 4,114,RUS,1:54
Penalty shot - Goal,4.0,4,2,4,RUS,1.0,van der SLOOT S,2 - 4,114,NED,1:54
Action shot - Post,11.0,4,2,4,RUS,1.0,IVANOVA E,2 - 4,85,RUS,1:25
Time-Out,,4,2,4,RUS,1.0,,2 - 4,74,NED,1:14
Goalkeeper substitution,1.0,4,2,4,RUS,1.0,AARTS L,2 - 4,74,NED,1:14
Turnover foul,5.0,4,2,4,RUS,1.0,GENEE A,2 - 4,58,NED,0:58
Steal,4.0,4,2,4,RUS,1.0,KARIMOVA E,2 - 4,58,RUS,0:58
Action shot - Post,6.0,4,2,4,RUS,1.0,GORBUNOVA O,2 - 4,33,RUS,0:33
Centre shot - Missed,4.0,4,2,4,RUS,1.0,van der SLOOT S,2 - 4,10,NED,0:10
Starting goalkeeper,1.0,4,2,4,RUS,2.0,AARTS L,2 - 4,480,NED,8:00
Starting goalkeeper,13.0,4,2,4,RUS,2.0,KARNAUKH A,2 - 4,480,RUS,8:00
Sprint won possession,7.0,4,2,4,RUS,2.0,SERZHANTOVA A,2 - 4,480,RUS,8:00
5m shot - Goal,3.0,4,2,5,RUS,2.0,PROKOFYEVA E,2 - 5,457,RUS,7:37
Centre shot - Missed,8.0,4,2,5,RUS,2.0,SEVENICH V,2 - 5,440,NED,7:20
Action shot - Goal,6.0,4,2,6,RUS,2.0,GORBUNOVA O,2 - 6,426,RUS,7:06
5m shot - Post,11.0,4,2,6,RUS,2.0,KLAASSEN L,2 - 6,405,NED,6:45
Turnover foul,11.0,4,2,6,RUS,2.0,IVANOVA E,2 - 6,390,RUS,6:30
Steal,9.0,4,2,6,RUS,2.0,MEGENS M,2 - 6,390,NED,6:30
20 sec. exclusion in centre,4.0,4,2,6,RUS,2.0,KARIMOVA E,2 - 6,378,RUS,6:18
Extra player shot - Goal,8.0,4,3,6,RUS,2.0,SEVENICH V,3 - 6,372,NED,6:12
Action shot - Saved,4.0,4,3,6,RUS,2.0,KARIMOVA E,3 - 6,349,RUS,5:49
Action shot - Blocked,9.0,4,3,6,RUS,2.0,MEGENS M,3 - 6,327,NED,5:27
20 sec. exclusion in field,9.0,4,3,6,RUS,2.0,MEGENS M,3 - 6,313,NED,5:13
Time-Out,,4,3,6,RUS,2.0,,3 - 6,312,RUS,5:12
Extra player shot - Goal,3.0,4,3,7,RUS,2.0,PROKOFYEVA E,3 - 7,294,RUS,4:54
20 sec. exclusion in field,8.0,4,3,7,RUS,2.0,SIMANOVICH A,3 - 7,278,RUS,4:38
Extra player shot - Goal,6.0,4,4,7,RUS,2.0,STOMPHORST N,4 - 7,267,NED,4:27
20 sec. exclusion in centre,2.0,4,4,7,RUS,2.0,SMIT Y,4 - 7,245,NED,4:05
Extra player shot - Post,11.0,4,4,7,RUS,2.0,IVANOVA E,4 - 7,230,RUS,3:50
Counter attack - Goal,4.0,4,5,7,RUS,2.0,van der SLOOT S,5 - 7,218,NED,3:38
Action shot - Saved,4.0,4,5,7,RUS,2.0,KARIMOVA E,5 - 7,196,RUS,3:16
20 sec. exclusion in field,6.0,4,5,7,RUS,2.0,STOMPHORST N,5 - 7,193,NED,3:13
Action shot - Missed,4.0,4,5,7,RUS,2.0,KARIMOVA E,5 - 7,170,RUS,2:50
5m shot - Blocked,10.0,4,5,7,RUS,2.0,KOOLHAAS I,5 - 7,142,NED,2:22
Centre shot - Saved,9.0,4,5,7,RUS,2.0,TIMOFEEVA A,5 - 7,118,RUS,1:58
Time-Out,,4,5,7,RUS,2.0,,5 - 7,116,NED,1:56
Turnover foul,8.0,4,5,7,RUS,2.0,SEVENICH V,5 - 7,87,NED,1:27
Steal,8.0,4,5,7,RUS,2.0,SIMANOVICH A,5 - 7,87,RUS,1:27
5m shot - Saved,10.0,4,5,7,RUS,4.0,TOLKUNOVA T,5 - 7,176,RUS,2:56
Turnover foul,11.0,4,5,7,RUS,4.0,KLAASSEN L,5 - 7,154,NED,2:34
Steal,9.0,4,5,7,RUS,4.0,TIMOFEEVA A,5 - 7,154,RUS,2:34
20 sec. exclusion in field,9.0,4,5,7,RUS,4.0,TIMOFEEVA A,5 - 7,150,RUS,2:30
Extra player shot - Post,2.0,4,5,7,RUS,4.0,SMIT Y,5 - 7,131,NED,2:11
Turnover foul,4.0,4,5,7,RUS,4.0,KARIMOVA E,5 - 7,111,RUS,1:51
Steal,3.0,4,5,7,RUS,4.0,GENEE D,5 - 7,111,NED,1:51
Turnover foul,8.0,4,5,7,RUS,4.0,SEVENICH V,5 - 7,95,NED,1:35
Steal,5.0,4,5,7,RUS,4.0,BORISOVA M,5 - 7,95,RUS,1:35
5m shot - Missed,12.0,4,5,7,RUS,2.0,RYZHKOVA D,5 - 7,62,RUS,1:02
20 sec. exclusion in centre,10.0,4,5,7,RUS,2.0,TOLKUNOVA T,5 - 7,53,RUS,0:53
Action shot - Goal,11.0,4,6,7,RUS,2.0,KLAASSEN L,6 - 7,31,NED,0:31
Action shot - Saved,2.0,4,6,7,RUS,2.0,VAKHITOVA V,6 - 7,7,RUS,0:07
5m shot - Saved,9.0,4,6,7,RUS,2.0,MEGENS M,6 - 7,2,NED,0:02
Starting goalkeeper,1.0,4,6,7,RUS,3.0,AARTS L,6 - 7,480,NED,8:00
Starting goalkeeper,13.0,4,6,7,RUS,3.0,KARNAUKH A,6 - 7,480,RUS,8:00
Sprint won possession,6.0,4,6,7,RUS,3.0,STOMPHORST N,6 - 7,480,NED,8:00
Action shot - Goal,6.0,4,7,7,RUS,3.0,STOMPHORST N,7 - 7,464,NED,7:44
5m shot - Post,6.0,4,7,7,RUS,3.0,GORBUNOVA O,7 - 7,443,RUS,7:23
20 sec. exclusion in centre,8.0,4,7,7,RUS,3.0,SIMANOVICH A,7 - 7,412,RUS,6:52
Extra player shot - Missed,9.0,4,7,7,RUS,3.0,MEGENS M,7 - 7,398,NED,6:38
5m shot - Blocked,4.0,4,7,7,RUS,3.0,KARIMOVA E,7 - 7,369,RUS,6:09
20 sec. exclusion in centre,9.0,4,7,7,RUS,3.0,TIMOFEEVA A,7 - 7,343,RUS,5:43
Extra player shot - Saved,2.0,4,7,7,RUS,3.0,SMIT Y,7 - 7,330,NED,5:30
Extra player shot - Saved,11.0,4,7,7,RUS,3.0,KLAASSEN L,7 - 7,322,NED,5:22
20 sec. exclusion in centre,6.0,4,7,7,RUS,3.0,STOMPHORST N,7 - 7,309,NED,5:09
Action shot - Post,5.0,4,7,7,RUS,3.0,BORISOVA M,7 - 7,282,RUS,4:42
Action shot - Goal,3.0,4,8,7,RUS,3.0,GENEE D,8 - 7,263,NED,4:23
5m shot - Goal,10.0,4,8,8,RUS,3.0,TOLKUNOVA T,8 - 8,240,RUS,4:00
Action shot - Saved,9.0,4,8,8,RUS,3.0,MEGENS M,8 - 8,219,NED,3:39
Action shot - Saved,2.0,4,8,8,RUS,3.0,SMIT Y,8 - 8,202,NED,3:22
Turnover foul,8.0,4,8,8,RUS,3.0,SIMANOVICH A,8 - 8,177,RUS,2:57
Steal,10.0,4,8,8,RUS,3.0,KOOLHAAS I,8 - 8,177,NED,2:57
Time-Out,,4,8,8,RUS,3.0,,8 - 8,177,RUS,2:57
Turnover foul,4.0,4,8,8,RUS,3.0,KARIMOVA E,8 - 8,167,RUS,2:47
Steal,3.0,4,8,8,RUS,3.0,GENEE D,8 - 8,167,NED,2:47
Turnover foul,2.0,4,8,8,RUS,3.0,SMIT Y,8 - 8,146,NED,2:26
Steal,4.0,4,8,8,RUS,3.0,KARIMOVA E,8 - 8,146,RUS,2:26
Turnover foul,9.0,4,8,8,RUS,3.0,TIMOFEEVA A,8 - 8,129,RUS,2:09
Turnover foul,10.0,4,8,8,RUS,3.0,KOOLHAAS I,8 - 8,119,NED,1:59
Steal,6.0,4,8,8,RUS,3.0,GORBUNOVA O,8 - 8,119,RUS,1:59
Counter attack - Goal,9.0,4,8,9,RUS,3.0,TIMOFEEVA A,8 - 9,108,RUS,1:48
5m shot - Saved,11.0,4,8,9,RUS,3.0,KLAASSEN L,8 - 9,86,NED,1:26
Centre shot - Saved,8.0,4,8,9,RUS,3.0,SEVENICH V,8 - 9,74,NED,1:14
5m shot - Goal,11.0,4,8,10,RUS,3.0,IVANOVA E,8 - 10,49,RUS,0:49
20 sec. exclusion in centre,8.0,4,8,10,RUS,3.0,SIMANOVICH A,8 - 10,32,RUS,0:32
Exclusion with substitution,8.0,4,8,10,RUS,3.0,SIMANOVICH A,8 - 10,32,RUS,0:32
Time-Out,,4,8,10,RUS,3.0,,8 - 10,30,NED,0:30
Extra player shot - Saved,11.0,4,8,10,RUS,3.0,KLAASSEN L,8 - 10,15,NED,0:15
Turnover foul,9.0,4,8,10,RUS,3.0,TIMOFEEVA A,8 - 10,2,RUS,0:02
Starting goalkeeper,1.0,4,8,10,RUS,4.0,AARTS L,8 - 10,480,NED,8:00
Starting goalkeeper,13.0,4,8,10,RUS,4.0,KARNAUKH A,8 - 10,480,RUS,8:00
Sprint won possession,6.0,4,8,10,RUS,4.0,STOMPHORST N,8 - 10,480,NED,8:00
20 sec. exclusion in centre,5.0,4,8,10,RUS,4.0,BORISOVA M,8 - 10,458,RUS,7:38
Action shot - Saved,11.0,4,8,10,RUS,4.0,KLAASSEN L,8 - 10,433,NED,7:13
Turnover foul,9.0,4,8,10,RUS,4.0,TIMOFEEVA A,8 - 10,405,RUS,6:45
Steal,9.0,4,8,10,RUS,4.0,MEGENS M,8 - 10,405,NED,6:45
Action shot - Saved,9.0,4,8,10,RUS,4.0,MEGENS M,8 - 10,389,NED,6:29
20 sec. exclusion in field,3.0,4,8,10,RUS,4.0,GENEE D,8 - 10,371,NED,6:11
Centre shot - Missed,5.0,4,8,10,RUS,4.0,BORISOVA M,8 - 10,345,RUS,5:45
Penalty foul,12.0,4,8,10,RUS,4.0,RYZHKOVA D,8 - 10,328,RUS,5:28
Penalty shot - Goal,11.0,4,9,10,RUS,4.0,KLAASSEN L,9 - 10,328,NED,5:28
5m shot - Missed,5.0,4,9,10,RUS,4.0,BORISOVA M,9 - 10,304,RUS,5:04
Turnover foul,6.0,4,9,10,RUS,4.0,STOMPHORST N,9 - 10,282,NED,4:42
Steal,5.0,4,9,10,RUS,4.0,BORISOVA M,9 - 10,282,RUS,4:42
20 sec. exclusion in centre,7.0,4,9,10,RUS,4.0,NIJHUIS M,9 - 10,256,NED,4:16
Extra player shot - Goal,4.0,4,9,11,RUS,4.0,KARIMOVA E,9 - 11,236,RUS,3:56
20 sec. exclusion in field,5.0,4,9,11,RUS,4.0,BORISOVA M,9 - 11,223,RUS,3:43
Extra player shot - Saved,3.0,4,9,11,RUS,4.0,GENEE D,9 - 11,208,NED,3:28
Action shot - Goal,9.0,4,10,11,RUS,4.0,MEGENS M,10 - 11,200,NED,3:20
20 sec. exclusion in field,2.0,4,10,11,RUS,4.0,SMIT Y,10 - 11,79,NED,1:19
Time-Out,,4,10,11,RUS,4.0,,10 - 11,79,RUS,1:19
Action shot - Saved,12.0,4,10,11,RUS,4.0,RYZHKOVA D,10 - 11,52,RUS,0:52
Turnover foul,11.0,4,10,11,RUS,4.0,IVANOVA E,10 - 11,40,RUS,0:40
Steal,9.0,4,10,11,RUS,4.0,MEGENS M,10 - 11,40,NED,0:40
20 sec. exclusion in centre,3.0,4,10,11,RUS,4.0,PROKOFYEVA E,10 - 11,30,RUS,0:30
Time-Out,,4,10,11,RUS,4.0,,10 - 11,29,NED,0:29
5m shot - Missed,11.0,4,10,11,RUS,4.0,KLAASSEN L,10 - 11,6,NED,0:06
Starting goalkeeper,1.0,5,0,0,NZL,1.0,MILICICH J,0 - 0,480,NZL,8:00
Starting goalkeeper,1.0,5,0,0,NZL,1.0,AARTS L,0 - 0,480,NED,8:00
Sprint won possession,6.0,5,0,0,NZL,1.0,STOMPHORST N,0 - 0,480,NED,8:00
Penalty foul,3.0,5,0,0,NZL,1.0,MASON K,0 - 0,457,NZL,7:37
Penalty shot - Goal,9.0,5,1,0,NZL,1.0,MEGENS M,0 - 1,457,NED,7:37
Action shot - Missed,9.0,5,1,0,NZL,1.0,STONEMAN E,0 - 1,427,NZL,7:07
Turnover foul,2.0,5,1,0,NZL,1.0,SMIT Y,0 - 1,402,NED,6:42
Steal,1.0,5,1,0,NZL,1.0,MILICICH J,0 - 1,402,NZL,6:42
Turnover foul,11.0,5,1,0,NZL,1.0,HUDSON K,0 - 1,380,NZL,6:20
Steal,3.0,5,1,0,NZL,1.0,GENEE D,0 - 1,380,NED,6:20
Centre shot - Goal,7.0,5,2,0,NZL,1.0,NIJHUIS M,0 - 2,361,NED,6:01
Action shot - Saved,11.0,5,2,0,NZL,1.0,HUDSON K,0 - 2,340,NZL,5:40
Action shot - Post,9.0,5,2,0,NZL,1.0,STONEMAN E,0 - 2,327,NZL,5:27
5m shot - Goal,9.0,5,3,0,NZL,1.0,MEGENS M,0 - 3,317,NED,5:17
Action shot - Saved,11.0,5,3,0,NZL,1.0,HUDSON K,0 - 3,289,NZL,4:49
Action shot - Goal,11.0,5,4,0,NZL,1.0,KLAASSEN L,0 - 4,273,NED,4:33
Time-Out,,5,4,0,NZL,1.0,,0 - 4,273,NZL,4:33
20 sec. exclusion in centre,11.0,5,4,0,NZL,1.0,KLAASSEN L,0 - 4,257,NED,4:17
Action shot - Saved,8.0,5,4,0,NZL,1.0,LOPES da SILVA C,0 - 4,232,NZL,3:52
20 sec. exclusion in centre,10.0,5,4,0,NZL,1.0,BOWRY C,0 - 4,218,NZL,3:38
Extra player shot - Goal,6.0,5,5,0,NZL,1.0,STOMPHORST N,0 - 5,200,NED,3:20
20 sec. exclusion in field,12.0,5,5,0,NZL,1.0,JOUSTRA K,0 - 5,191,NED,3:11
Extra player shot - Goal,7.0,5,5,1,NZL,1.0,HOUGHTON E,1 - 5,175,NZL,2:55
5m shot - Post,10.0,5,5,1,NZL,1.0,KOOLHAAS I,1 - 5,145,NED,2:25
20 sec. exclusion in field,8.0,5,5,1,NZL,1.0,SEVENICH V,1 - 5,138,NED,2:18
Extra player shot - Saved,8.0,5,5,1,NZL,1.0,LOPES da SILVA C,1 - 5,120,NZL,2:00
5m shot - Post,11.0,5,5,1,NZL,1.0,KLAASSEN L,1 - 5,106,NED,1:46
Turnover foul,2.0,5,5,1,NZL,1.0,LEWIS N,1 - 5,75,NZL,1:15
Steal,10.0,5,5,1,NZL,1.0,KOOLHAAS I,1 - 5,75,NED,1:15
Turnover foul,8.0,5,5,1,NZL,1.0,SEVENICH V,1 - 5,49,NED,0:49
Steal,1.0,5,5,1,NZL,1.0,MILICICH J,1 - 5,49,NZL,0:49
5m shot - Saved,4.0,5,5,1,NZL,1.0,FERIGO R,1 - 5,18,NZL,0:18
Counter attack - Saved,10.0,5,5,1,NZL,1.0,KOOLHAAS I,1 - 5,7,NED,0:07
Starting goalkeeper,1.0,5,5,1,NZL,2.0,MILICICH J,1 - 5,480,NZL,8:00
Starting goalkeeper,13.0,5,5,1,NZL,2.0,WILLEMSZ D,1 - 5,480,NED,8:00
Sprint won possession,6.0,5,5,1,NZL,2.0,STOMPHORST N,1 - 5,480,NED,8:00
Turnover foul,7.0,5,5,1,NZL,2.0,NIJHUIS M,1 - 5,454,NED,7:34
Steal,8.0,5,5,1,NZL,2.0,LOPES da SILVA C,1 - 5,454,NZL,7:34
Action shot - Saved,7.0,5,5,1,NZL,2.0,HOUGHTON E,1 - 5,432,NZL,7:12
Action shot - Saved,7.0,5,5,1,NZL,2.0,HOUGHTON E,1 - 5,417,NZL,6:57
5m shot - Post,7.0,5,5,1,NZL,2.0,NIJHUIS M,1 - 5,401,NED,6:41
5m shot - Blocked,7.0,5,5,1,NZL,2.0,HOUGHTON E,1 - 5,372,NZL,6:12
Centre shot - Goal,6.0,5,6,1,NZL,2.0,STOMPHORST N,1 - 6,353,NED,5:53
5m shot - Saved,12.0,5,6,1,NZL,2.0,PYE B,1 - 6,332,NZL,5:32
20 sec. exclusion in field,9.0,5,6,1,NZL,2.0,STONEMAN E,1 - 6,320,NZL,5:20
Extra player shot - Goal,6.0,5,7,1,NZL,2.0,STOMPHORST N,1 - 7,306,NED,5:06
5m shot - Goal,5.0,5,7,2,NZL,2.0,BOYD A,2 - 7,289,NZL,4:49
20 sec. exclusion in centre,5.0,5,7,2,NZL,2.0,BOYD A,2 - 7,278,NZL,4:38
Extra player shot - Goal,3.0,5,8,2,NZL,2.0,GENEE D,2 - 8,274,NED,4:34
5m shot - Saved,6.0,5,8,2,NZL,2.0,DOYLE B,2 - 8,247,NZL,4:07
Action shot - Goal,5.0,5,9,2,NZL,2.0,GENEE A,2 - 9,233,NED,3:53
Turnover foul,3.0,5,9,2,NZL,2.0,MASON K,2 - 9,214,NZL,3:34
Steal,3.0,5,9,2,NZL,2.0,GENEE D,2 - 9,214,NED,3:34
Turnover foul,9.0,5,9,2,NZL,2.0,MEGENS M,2 - 9,196,NED,3:16
Steal,6.0,5,9,2,NZL,2.0,DOYLE B,2 - 9,196,NZL,3:16
20 sec. exclusion in field,9.0,5,9,2,NZL,2.0,MEGENS M,2 - 9,125,NED,2:05
Time-Out,,5,9,2,NZL,2.0,,2 - 9,125,NZL,2:05
Extra player shot - Saved,2.0,5,9,2,NZL,2.0,LEWIS N,2 - 9,112,NZL,1:52
5m shot - Post,3.0,5,9,2,NZL,2.0,MASON K,2 - 9,102,NZL,1:42
Turnover foul,5.0,5,9,2,NZL,2.0,GENEE A,2 - 9,75,NED,1:15
5m shot - Saved,8.0,5,9,2,NZL,2.0,LOPES da SILVA C,2 - 9,50,NZL,0:50
Exclusion with substitution,2.0,5,9,2,NZL,4.0,SMIT Y,2 - 9,198,NED,3:18
Action shot - Post,9.0,5,9,2,NZL,4.0,STONEMAN E,2 - 9,174,NZL,2:54
Action shot - Goal,5.0,5,18,4,NZL,4.0,GENEE A,4 - 18,149,NED,2:29
5m shot - Missed,3.0,5,18,4,NZL,4.0,MASON K,4 - 18,121,NZL,2:01
5m shot - Goal,11.0,5,19,4,NZL,4.0,KLAASSEN L,4 - 19,110,NED,1:50
5m shot - Saved,8.0,5,19,4,NZL,4.0,LOPES da SILVA C,4 - 19,88,NZL,1:28
Time-Out,,5,19,4,NZL,2.0,,4 - 19,50,NED,0:50
Action shot - Goal,8.0,5,10,2,NZL,2.0,SEVENICH V,2 - 10,34,NED,0:34
Turnover foul,4.0,5,10,2,NZL,2.0,FERIGO R,2 - 10,22,NZL,0:22
Steal,3.0,5,10,2,NZL,2.0,GENEE D,2 - 10,22,NED,0:22
20 sec. exclusion in field,5.0,5,10,2,NZL,2.0,BOYD A,2 - 10,19,NZL,0:19
Extra player shot - Goal,3.0,5,11,2,NZL,2.0,GENEE D,2 - 11,7,NED,0:07
Starting goalkeeper,1.0,5,11,2,NZL,3.0,MILICICH J,2 - 11,480,NZL,8:00
Goalkeeper substitution,1.0,5,11,2,NZL,3.0,AARTS L,2 - 11,480,NED,8:00
Sprint won possession,9.0,5,11,2,NZL,3.0,MEGENS M,2 - 11,480,NED,8:00
5m shot - Blocked,11.0,5,11,2,NZL,3.0,KLAASSEN L,2 - 11,464,NED,7:44
Centre shot - Saved,2.0,5,11,2,NZL,3.0,LEWIS N,2 - 11,442,NZL,7:22
Turnover foul,11.0,5,11,2,NZL,3.0,KLAASSEN L,2 - 11,423,NED,7:03
Steal,9.0,5,11,2,NZL,3.0,STONEMAN E,2 - 11,423,NZL,7:03
5m shot - Post,12.0,5,11,2,NZL,3.0,PYE B,2 - 11,394,NZL,6:34
Action shot - Goal,7.0,5,12,2,NZL,3.0,NIJHUIS M,2 - 12,377,NED,6:17
Turnover foul,10.0,5,12,2,NZL,3.0,KOOLHAAS I,2 - 12,359,NED,5:59
20 sec. exclusion in centre,7.0,5,12,2,NZL,3.0,HOUGHTON E,2 - 12,343,NZL,5:43
Extra player shot - Goal,8.0,5,13,2,NZL,3.0,SEVENICH V,2 - 13,341,NED,5:41
5m shot - Goal,3.0,5,13,3,NZL,3.0,MASON K,3 - 13,317,NZL,5:17
Turnover foul,11.0,5,13,3,NZL,3.0,KLAASSEN L,3 - 13,293,NED,4:53
Steal,6.0,5,13,3,NZL,3.0,DOYLE B,3 - 13,293,NZL,4:53
20 sec. exclusion in centre,12.0,5,13,3,NZL,3.0,JOUSTRA K,3 - 13,278,NED,4:38
5m shot - Saved,3.0,5,13,3,NZL,3.0,MASON K,3 - 13,257,NZL,4:17
Action shot - Post,11.0,5,13,3,NZL,3.0,KLAASSEN L,3 - 13,228,NED,3:48
5m shot - Saved,6.0,5,13,3,NZL,3.0,DOYLE B,3 - 13,200,NZL,3:20
5m shot - Saved,11.0,5,13,3,NZL,3.0,KLAASSEN L,3 - 13,175,NED,2:55
Turnover foul,12.0,5,13,3,NZL,3.0,JOUSTRA K,3 - 13,149,NED,2:29
Steal,7.0,5,13,3,NZL,3.0,HOUGHTON E,3 - 13,149,NZL,2:29
20 sec. exclusion in field,2.0,5,13,3,NZL,3.0,SMIT Y,3 - 13,126,NED,2:06
Time-Out,,5,13,3,NZL,3.0,,3 - 13,126,NZL,2:06
Action shot - Blocked,8.0,5,13,3,NZL,3.0,LOPES da SILVA C,3 - 13,101,NZL,1:41
5m shot - Goal,2.0,5,14,3,NZL,3.0,SMIT Y,3 - 14,87,NED,1:27
5m shot - Missed,6.0,5,14,3,NZL,3.0,DOYLE B,3 - 14,58,NZL,0:58
Turnover foul,5.0,5,14,3,NZL,3.0,GENEE A,3 - 14,44,NED,0:44
20 sec. exclusion in field,10.0,5,14,3,NZL,3.0,KOOLHAAS I,3 - 14,28,NED,0:28
Extra player shot - Saved,6.0,5,14,3,NZL,3.0,DOYLE B,3 - 14,8,NZL,0:08
Starting goalkeeper,13.0,5,14,3,NZL,4.0,YOUNG A,3 - 14,480,NZL,8:00
Starting goalkeeper,13.0,5,14,3,NZL,4.0,WILLEMSZ D,3 - 14,480,NED,8:00
Sprint won possession,3.0,5,14,3,NZL,4.0,GENEE D,3 - 14,480,NED,8:00
5m shot - Goal,12.0,5,14,4,NZL,4.0,PYE B,4 - 14,451,NZL,7:31
Turnover foul,8.0,5,14,4,NZL,4.0,SEVENICH V,4 - 14,437,NED,7:17
Steal,13.0,5,14,4,NZL,4.0,YOUNG A,4 - 14,437,NZL,7:17
20 sec. exclusion in centre,2.0,5,14,4,NZL,4.0,SMIT Y,4 - 14,420,NED,7:00
20 sec. exclusion in centre,7.0,5,14,4,NZL,4.0,HOUGHTON E,4 - 14,369,NZL,6:09
Extra player shot - Goal,11.0,5,15,4,NZL,4.0,KLAASSEN L,4 - 15,365,NED,6:05
Turnover foul,10.0,5,15,4,NZL,4.0,BOWRY C,4 - 15,337,NZL,5:37
20 sec. exclusion in field,6.0,5,15,4,NZL,4.0,DOYLE B,4 - 15,331,NZL,5:31
Action shot - Post,7.0,5,15,4,NZL,4.0,NIJHUIS M,4 - 15,325,NED,5:25
20 sec. exclusion in centre,12.0,5,15,4,NZL,4.0,JOUSTRA K,4 - 15,308,NED,5:08
Exclusion with substitution,12.0,5,15,4,NZL,4.0,JOUSTRA K,4 - 15,308,NED,5:08
Action shot - Missed,11.0,5,15,4,NZL,4.0,HUDSON K,4 - 15,288,NZL,4:48
Turnover foul,7.0,5,15,4,NZL,4.0,NIJHUIS M,4 - 15,272,NED,4:32
Steal,6.0,5,15,4,NZL,4.0,DOYLE B,4 - 15,272,NZL,4:32
Turnover foul,10.0,5,15,4,NZL,4.0,BOWRY C,4 - 15,250,NZL,4:10
Action shot - Goal,5.0,5,16,4,NZL,4.0,GENEE A,4 - 16,240,NED,4:00
Turnover foul,5.0,5,16,4,NZL,4.0,BOYD A,4 - 16,220,NZL,3:40
Steal,3.0,5,16,4,NZL,4.0,GENEE D,4 - 16,220,NED,3:40
20 sec. exclusion in field,7.0,5,16,4,NZL,4.0,HOUGHTON E,4 - 16,217,NZL,3:37
Exclusion with substitution,7.0,5,16,4,NZL,4.0,HOUGHTON E,4 - 16,217,NZL,3:37
Extra player shot - Goal,8.0,5,17,4,NZL,4.0,SEVENICH V,4 - 17,213,NED,3:33
20 sec. exclusion in centre,2.0,5,17,4,NZL,4.0,SMIT Y,4 - 17,198,NED,3:18
Turnover foul,5.0,5,17,4,NZL,4.0,GENEE A,4 - 17,76,NED,1:16
Steal,3.0,5,17,4,NZL,4.0,MASON K,4 - 17,76,NZL,1:16
Turnover foul,3.0,5,17,4,NZL,4.0,GENEE D,4 - 17,23,NED,0:23
Steal,11.0,5,17,4,NZL,4.0,HUDSON K,4 - 17,23,NZL,0:23
Time-Out,,5,17,4,NZL,4.0,,4 - 17,14,NZL,0:14
Starting goalkeeper,1.0,6,0,0,CHN,1.0,AARTS L,0 - 0,480,NED,8:00
Starting goalkeeper,1.0,6,0,0,CHN,1.0,PENG L,0 - 0,480,CHN,8:00
Sprint won possession,5.0,6,0,0,CHN,1.0,NIU G,0 - 0,480,CHN,8:00
20 sec. exclusion in field,5.0,6,0,0,CHN,1.0,GENEE A,0 - 0,468,NED,7:48
Action shot - Missed,8.0,6,0,0,CHN,1.0,ZHANG C,0 - 0,443,CHN,7:23
Action shot - Post,5.0,6,0,0,CHN,1.0,GENEE A,0 - 0,430,NED,7:10
5m shot - Goal,5.0,6,0,1,CHN,1.0,NIU G,0 - 1,407,CHN,6:47
5m shot - Saved,3.0,6,0,1,CHN,1.0,GENEE D,0 - 1,386,NED,6:26
20 sec. exclusion in field,5.0,6,0,1,CHN,1.0,NIU G,0 - 1,361,CHN,6:01
Extra player shot - Saved,5.0,6,0,1,CHN,1.0,GENEE A,0 - 1,350,NED,5:50
Turnover foul,8.0,6,0,1,CHN,1.0,ZHANG C,0 - 1,327,CHN,5:27
Steal,3.0,6,0,1,CHN,1.0,GENEE D,0 - 1,327,NED,5:27
20 sec. exclusion in field,9.0,6,0,1,CHN,1.0,ZHAO Z,0 - 1,324,CHN,5:24
Turnover foul,3.0,6,0,1,CHN,1.0,GENEE D,0 - 1,300,NED,5:00
Action shot - Saved,12.0,6,0,1,CHN,1.0,ZHANG J,0 - 1,288,CHN,4:48
Action shot - Saved,8.0,6,0,1,CHN,1.0,SEVENICH V,0 - 1,270,NED,4:30
20 sec. exclusion in field,2.0,6,0,1,CHN,1.0,SMIT Y,0 - 1,265,NED,4:25
Time-Out,,6,0,1,CHN,1.0,,0 - 1,265,CHN,4:25
Action shot - Blocked,8.0,6,0,1,CHN,1.0,ZHANG C,0 - 1,238,CHN,3:58
Action shot - Missed,8.0,6,0,1,CHN,1.0,SEVENICH V,0 - 1,209,NED,3:29
5m shot - Post,9.0,6,0,1,CHN,1.0,ZHAO Z,0 - 1,187,CHN,3:07
Time-Out,,6,0,1,CHN,1.0,,0 - 1,184,NED,3:04
5m shot - Post,11.0,6,0,1,CHN,1.0,KLAASSEN L,0 - 1,169,NED,2:49
5m shot - Goal,11.0,6,1,1,CHN,1.0,KLAASSEN L,1 - 1,155,NED,2:35
20 sec. exclusion in field,9.0,6,1,1,CHN,1.0,MEGENS M,1 - 1,146,NED,2:26
Extra player shot - Goal,8.0,6,1,2,CHN,1.0,ZHANG C,1 - 2,136,CHN,2:16
5m shot - Post,11.0,6,1,2,CHN,1.0,KLAASSEN L,1 - 2,117,NED,1:57
Action shot - Missed,8.0,6,1,2,CHN,1.0,ZHANG C,1 - 2,87,CHN,1:27
20 sec. exclusion in centre,7.0,6,1,2,CHN,1.0,NONG S,1 - 2,64,CHN,1:04
Extra player shot - Saved,2.0,6,1,2,CHN,1.0,SMIT Y,1 - 2,52,NED,0:52
Turnover foul,2.0,6,1,2,CHN,1.0,BI Y,1 - 2,28,CHN,0:28
Steal,7.0,6,1,2,CHN,1.0,NIJHUIS M,1 - 2,28,NED,0:28
Action shot - Goal,11.0,6,2,2,CHN,1.0,KLAASSEN L,2 - 2,5,NED,0:05
5m shot - Blocked,11.0,6,2,2,CHN,1.0,CHEN X,2 - 2,1,CHN,0:01
Starting goalkeeper,1.0,6,2,2,CHN,2.0,AARTS L,2 - 2,480,NED,8:00
Starting goalkeeper,1.0,6,2,2,CHN,2.0,PENG L,2 - 2,480,CHN,8:00
Sprint won possession,5.0,6,2,2,CHN,2.0,NIU G,2 - 2,480,CHN,8:00
Penalty foul,3.0,6,2,2,CHN,2.0,GENEE D,2 - 2,459,NED,7:39
Penalty shot - Goal,9.0,6,2,3,CHN,2.0,ZHAO Z,2 - 3,459,CHN,7:39
Action shot - Goal,7.0,6,3,3,CHN,2.0,NIJHUIS M,3 - 3,445,NED,7:25
Turnover foul,9.0,6,3,3,CHN,2.0,ZHAO Z,3 - 3,424,CHN,7:04
Steal,9.0,6,3,3,CHN,2.0,MEGENS M,3 - 3,424,NED,7:04
Turnover foul,8.0,6,3,3,CHN,2.0,SEVENICH V,3 - 3,398,NED,6:38
Steal,1.0,6,3,3,CHN,2.0,PENG L,3 - 3,398,CHN,6:38
Turnover foul,5.0,6,3,3,CHN,2.0,NIU G,3 - 3,374,CHN,6:14
Steal,7.0,6,3,3,CHN,2.0,NIJHUIS M,3 - 3,374,NED,6:14
5m shot - Goal,7.0,6,4,3,CHN,2.0,NIJHUIS M,4 - 3,356,NED,5:56
Action shot - Saved,10.0,6,4,3,CHN,2.0,ZHANG D,4 - 3,330,CHN,5:30
Counter attack - Missed,6.0,6,4,3,CHN,2.0,STOMPHORST N,4 - 3,314,NED,5:14
5m shot - Goal,9.0,6,5,3,CHN,2.0,MEGENS M,5 - 3,262,NED,4:22
Action shot - Saved,10.0,6,5,3,CHN,2.0,ZHANG D,5 - 3,244,CHN,4:04
20 sec. exclusion in field,12.0,6,5,3,CHN,2.0,ZHANG J,5 - 3,241,CHN,4:01
Centre shot - Goal,12.0,6,6,3,CHN,2.0,JOUSTRA K,6 - 3,215,NED,3:35
Time-Out,,6,6,3,CHN,2.0,,6 - 3,215,CHN,3:35
5m shot - Missed,9.0,6,6,3,CHN,2.0,MEGENS M,6 - 3,164,NED,2:44
Turnover foul,12.0,6,6,3,CHN,2.0,ZHANG J,6 - 3,151,CHN,2:31
Steal,5.0,6,6,3,CHN,2.0,GENEE A,6 - 3,151,NED,2:31
5m shot - Missed,11.0,6,6,3,CHN,2.0,KLAASSEN L,6 - 3,122,NED,2:02
Action shot - Saved,5.0,6,6,3,CHN,2.0,NIU G,6 - 3,94,CHN,1:34
Time-Out,,6,6,3,CHN,2.0,,6 - 3,90,NED,1:30
Turnover foul,2.0,6,6,3,CHN,2.0,SMIT Y,6 - 3,81,NED,1:21
20 sec. exclusion in field,11.0,6,6,3,CHN,4.0,KLAASSEN L,6 - 3,110,NED,1:50
Extra player shot - Saved,7.0,6,6,3,CHN,4.0,NONG S,6 - 3,91,CHN,1:31
Counter attack - Goal,6.0,6,14,6,CHN,4.0,STOMPHORST N,14 - 6,72,NED,1:12
Centre shot - Goal,9.0,6,14,7,CHN,4.0,ZHAO Z,14 - 7,46,CHN,0:46
Steal,6.0,6,14,7,CHN,2.0,GUO N,14 - 7,81,CHN,1:21
5m shot - Goal,8.0,6,6,4,CHN,2.0,ZHANG C,6 - 4,54,CHN,0:54
Action shot - Saved,8.0,6,6,4,CHN,2.0,SEVENICH V,6 - 4,27,NED,0:27
Counter attack - Saved,9.0,6,6,4,CHN,2.0,ZHAO Z,6 - 4,14,CHN,0:14
Penalty foul,5.0,6,6,4,CHN,2.0,NIU G,6 - 4,1,CHN,0:01
Penalty shot - Goal,9.0,6,7,4,CHN,2.0,MEGENS M,7 - 4,1,NED,0:01
Starting goalkeeper,1.0,6,7,4,CHN,3.0,AARTS L,7 - 4,480,NED,8:00
Starting goalkeeper,13.0,6,7,4,CHN,3.0,SHEN Y,7 - 4,480,CHN,8:00
Sprint won possession,5.0,6,7,4,CHN,3.0,NIU G,7 - 4,480,CHN,8:00
Turnover foul,4.0,6,7,4,CHN,3.0,XIONG D,7 - 4,452,CHN,7:32
20 sec. exclusion in field,9.0,6,7,4,CHN,3.0,MEGENS M,7 - 4,410,NED,6:50
Action shot - Saved,6.0,6,7,4,CHN,3.0,GUO N,7 - 4,383,CHN,6:23
Action shot - Saved,5.0,6,7,4,CHN,3.0,GENEE A,7 - 4,362,NED,6:02
20 sec. exclusion in centre,3.0,6,7,4,CHN,3.0,GENEE D,7 - 4,340,NED,5:40
Action shot - Goal,5.0,6,7,5,CHN,3.0,NIU G,7 - 5,318,CHN,5:18
20 sec. exclusion in centre,11.0,6,7,5,CHN,3.0,CHEN X,7 - 5,302,CHN,5:02
Extra player shot - Goal,6.0,6,8,5,CHN,3.0,STOMPHORST N,8 - 5,288,NED,4:48
Turnover foul,11.0,6,8,5,CHN,3.0,CHEN X,8 - 5,277,CHN,4:37
Steal,11.0,6,8,5,CHN,3.0,KLAASSEN L,8 - 5,277,NED,4:37
Action shot - Missed,7.0,6,8,5,CHN,3.0,NIJHUIS M,8 - 5,256,NED,4:16
Turnover foul,9.0,6,8,5,CHN,3.0,ZHAO Z,8 - 5,239,CHN,3:59
Steal,6.0,6,8,5,CHN,3.0,STOMPHORST N,8 - 5,239,NED,3:59
Counter attack - Goal,6.0,6,9,5,CHN,3.0,STOMPHORST N,9 - 5,231,NED,3:51
Action shot - Blocked,5.0,6,9,5,CHN,3.0,NIU G,9 - 5,204,CHN,3:24
Turnover foul,11.0,6,9,5,CHN,3.0,KLAASSEN L,9 - 5,187,NED,3:07
Steal,12.0,6,9,5,CHN,3.0,ZHANG J,9 - 5,187,CHN,3:07
Turnover foul,4.0,6,9,5,CHN,3.0,XIONG D,9 - 5,165,CHN,2:45
Steal,1.0,6,9,5,CHN,3.0,AARTS L,9 - 5,165,NED,2:45
5m shot - Saved,5.0,6,9,5,CHN,3.0,NIU G,9 - 5,112,CHN,1:52
Time-Out,,6,9,5,CHN,3.0,,9 - 5,110,NED,1:50
20 sec. exclusion in field,9.0,6,9,5,CHN,3.0,ZHAO Z,9 - 5,95,CHN,1:35
Extra player shot - Saved,9.0,6,9,5,CHN,3.0,MEGENS M,9 - 5,77,NED,1:17
Action shot - Saved,3.0,6,9,5,CHN,3.0,GENEE D,9 - 5,31,NED,0:31
Counter attack - Saved,9.0,6,9,5,CHN,3.0,ZHAO Z,9 - 5,14,CHN,0:14
Starting goalkeeper,1.0,6,9,5,CHN,4.0,AARTS L,9 - 5,480,NED,8:00
Starting goalkeeper,13.0,6,9,5,CHN,4.0,SHEN Y,9 - 5,480,CHN,8:00
Sprint won possession,3.0,6,9,5,CHN,4.0,GENEE D,9 - 5,480,NED,8:00
5m shot - Missed,9.0,6,9,5,CHN,4.0,MEGENS M,9 - 5,458,NED,7:38
Turnover foul,4.0,6,9,5,CHN,4.0,XIONG D,9 - 5,438,CHN,7:18
Double exclusion,4.0,6,9,5,CHN,4.0,XIONG D,9 - 5,435,CHN,7:15
Double exclusion,6.0,6,9,5,CHN,4.0,STOMPHORST N,9 - 5,435,NED,7:15
5m shot - Goal,7.0,6,10,5,CHN,4.0,NIJHUIS M,10 - 5,418,NED,6:58
Turnover foul,12.0,6,10,5,CHN,4.0,ZHANG J,10 - 5,395,CHN,6:35
Steal,8.0,6,10,5,CHN,4.0,SEVENICH V,10 - 5,395,NED,6:35
Action shot - Goal,7.0,6,11,5,CHN,4.0,NIJHUIS M,11 - 5,382,NED,6:22
Action shot - Post,9.0,6,11,5,CHN,4.0,MEGENS M,11 - 5,342,NED,5:42
Time-Out,,6,11,5,CHN,4.0,,11 - 5,332,CHN,5:32
Turnover foul,5.0,6,11,5,CHN,4.0,NIU G,11 - 5,318,CHN,5:18
Steal,3.0,6,11,5,CHN,4.0,GENEE D,11 - 5,318,NED,5:18
Centre shot - Goal,8.0,6,12,5,CHN,4.0,SEVENICH V,12 - 5,296,NED,4:56
Turnover foul,4.0,6,12,5,CHN,4.0,XIONG D,12 - 5,282,CHN,4:42
Action shot - Saved,3.0,6,12,5,CHN,4.0,GENEE D,12 - 5,270,NED,4:30
Turnover foul,13.0,6,12,5,CHN,4.0,SHEN Y,12 - 5,259,CHN,4:19
Steal,10.0,6,12,5,CHN,4.0,KOOLHAAS I,12 - 5,259,NED,4:19
Action shot - Saved,12.0,6,12,5,CHN,4.0,JOUSTRA K,12 - 5,248,NED,4:08
5m shot - Goal,2.0,6,12,6,CHN,4.0,BI Y,12 - 6,227,CHN,3:47
5m shot - Goal,9.0,6,13,6,CHN,4.0,MEGENS M,13 - 6,205,NED,3:25
Centre shot - Saved,4.0,6,13,6,CHN,4.0,XIONG D,13 - 6,182,CHN,3:02
5m shot - Post,9.0,6,13,6,CHN,4.0,MEGENS M,13 - 6,164,NED,2:44
Turnover foul,4.0,6,13,6,CHN,4.0,XIONG D,13 - 6,140,CHN,2:20
5m shot - Post,11.0,6,13,6,CHN,4.0,KLAASSEN L,13 - 6,128,NED,2:08
Action shot - Missed,2.0,6,13,6,CHN,4.0,SMIT Y,13 - 6,21,NED,0:21
20 sec. exclusion in field,2.0,6,13,6,CHN,4.0,SMIT Y,13 - 6,12,NED,0:12
Extra player shot - Post,11.0,6,13,6,CHN,4.0,CHEN X,13 - 6,1,CHN,0:01
