Action,Cap,Game,Opponent,Opponent name,Period,Player,Score,Seconds,Team,Time,USA
Starting goalkeeper,1.0,1,0,BRA,1.0,OLIVEIRA T,0 - 0,480,BRA,8:00,0
Starting goalkeeper,13.0,1,0,BRA,1.0,JOHNSON A,0 - 0,480,USA,8:00,0
Sprint won possession,3.0,1,0,BRA,1.0,ZABLITH M,0 - 0,480,BRA,8:00,0
20 sec. exclusion in centre,6.0,1,0,BRA,1.0,CHIAPPINI I,0 - 0,450,BRA,7:30,0
Extra player shot - Goal,6.0,1,0,BRA,1.0,STEFFENS M,0 - 1,435,USA,7:15,1
Turnover foul,12.0,1,0,BRA,1.0,MANTELLATO G,0 - 1,402,BRA,6:42,1
Action shot - Goal,12.0,1,0,BRA,1.0,CRAIG K,0 - 2,390,USA,6:30,2
Action shot - Saved,7.0,1,0,BRA,1.0,OLIVEIRA A,0 - 2,357,BRA,5:57,2
Action shot - Saved,5.0,1,0,BRA,1.0,WILLIAMS A,0 - 2,342,USA,5:42,2
Turnover foul,5.0,1,0,BRA,1.0,BARRONCAS L,0 - 2,315,BRA,5:15,2
Steal,13.0,1,0,BRA,1.0,JOHNSON A,0 - 2,315,USA,5:15,2
Action shot - Goal,4.0,1,0,BRA,1.0,FATTAL R,0 - 3,305,USA,5:05,3
Turnover foul,7.0,1,0,BRA,1.0,OLIVEIRA A,0 - 3,288,BRA,4:48,3
Action shot - Saved,10.0,1,0,BRA,1.0,GILCHRIST K,0 - 3,270,USA,4:30,3
Penalty foul,7.0,1,0,BRA,1.0,OLIVEIRA A,0 - 3,270,BRA,4:30,3
Penalty shot - Goal,11.0,1,0,BRA,1.0,FISCHER M,0 - 4,270,USA,4:30,4
5m shot - Missed,6.0,1,0,BRA,1.0,CHIAPPINI I,0 - 4,244,BRA,4:04,4
Action shot - Missed,8.0,1,0,BRA,1.0,NEUSHUL K,0 - 4,221,USA,3:41,4
20 sec. exclusion in centre,3.0,1,0,BRA,1.0,SEIDEMANN M,0 - 4,206,USA,3:26,4
Action shot - Missed,6.0,1,0,BRA,1.0,CHIAPPINI I,0 - 4,190,BRA,3:10,4
Turnover foul,8.0,1,0,BRA,1.0,NEUSHUL K,0 - 4,148,USA,2:28,4
Steal,1.0,1,0,BRA,1.0,OLIVEIRA T,0 - 4,148,BRA,2:28,4
Action shot - Goal,11.0,1,0,BRA,1.0,FISCHER M,0 - 5,115,USA,1:55,5
20 sec. exclusion in centre,3.0,1,0,BRA,1.0,ZABLITH M,0 - 5,75,BRA,1:15,5
Extra player shot - Goal,7.0,1,0,BRA,1.0,MATHEWSON C,0 - 6,65,USA,1:05,6
Time-Out,,1,0,BRA,1.0,,0 - 6,57,BRA,0:57,6
Turnover foul,9.0,1,0,BRA,1.0,DIAS M,0 - 6,34,BRA,0:34,6
Time-Out,,1,0,BRA,1.0,,0 - 6,34,USA,0:34,6
20 sec. exclusion in centre,3.0,1,0,BRA,1.0,ZABLITH M,0 - 6,19,BRA,0:19,6
Extra player shot - Post,7.0,1,0,BRA,1.0,MATHEWSON C,0 - 6,0,USA,0:00,6
Starting goalkeeper,1.0,1,0,BRA,2.0,OLIVEIRA T,0 - 6,480,BRA,8:00,6
Starting goalkeeper,13.0,1,0,BRA,2.0,JOHNSON A,0 - 6,480,USA,8:00,6
Sprint won possession,8.0,1,0,BRA,2.0,NEUSHUL K,0 - 6,480,USA,8:00,6
Turnover foul,6.0,1,0,BRA,2.0,STEFFENS M,0 - 6,445,USA,7:25,6
Turnover foul,6.0,1,0,BRA,2.0,CHIAPPINI I,0 - 6,415,BRA,6:55,6
Steal,4.0,1,0,BRA,2.0,FATTAL R,0 - 6,415,USA,6:55,6
Turnover foul,5.0,1,0,BRA,2.0,WILLIAMS A,0 - 6,382,USA,6:22,6
Turnover foul,9.0,1,0,BRA,2.0,DIAS M,0 - 6,365,BRA,6:05,6
Action shot - Saved,8.0,1,0,BRA,2.0,NEUSHUL K,0 - 6,354,USA,5:54,6
5m shot - Saved,12.0,1,0,BRA,2.0,MANTELLATO G,0 - 6,329,BRA,5:29,6
Action shot - Goal,4.0,1,0,BRA,2.0,FATTAL R,0 - 7,313,USA,5:13,7
20 sec. exclusion in centre,2.0,1,0,BRA,2.0,MUSSELMAN M,0 - 7,298,USA,4:58,7
Action shot - Saved,4.0,1,0,BRA,2.0,DUARTE M,0 - 7,274,BRA,4:34,7
Turnover foul,10.0,1,0,BRA,2.0,GILCHRIST K,0 - 7,242,USA,4:02,7
Steal,10.0,1,0,BRA,2.0,BAHIA V,0 - 7,242,BRA,4:02,7
Turnover foul,8.0,1,0,BRA,2.0,CARVALHO L,0 - 7,226,BRA,3:46,7
Action shot - Goal,2.0,1,0,BRA,2.0,MUSSELMAN M,0 - 8,213,USA,3:33,8
20 sec. exclusion in centre,11.0,1,0,BRA,2.0,FISCHER M,0 - 8,198,USA,3:18,8
Action shot - Saved,9.0,1,0,BRA,2.0,DIAS M,0 - 8,179,BRA,2:59,8
Action shot - Goal,10.0,1,0,BRA,2.0,GILCHRIST K,0 - 9,148,USA,2:28,9
5m shot - Saved,9.0,1,0,BRA,2.0,DIAS M,0 - 9,122,BRA,2:02,9
Centre shot - Saved,9.0,1,0,BRA,2.0,GROSSMAN A,0 - 9,96,USA,1:36,9
Turnover foul,3.0,1,0,BRA,2.0,ZABLITH M,0 - 9,74,BRA,1:14,9
Steal,13.0,1,0,BRA,2.0,JOHNSON A,0 - 9,74,USA,1:14,9
5m shot - Post,4.0,1,0,BRA,2.0,FATTAL R,0 - 9,48,USA,0:48,9
Time-Out,,1,0,BRA,2.0,,0 - 9,34,BRA,0:34,9
5m shot - Saved,10.0,1,0,BRA,2.0,BAHIA V,0 - 9,19,BRA,0:19,9
Time-Out,,1,0,BRA,2.0,,0 - 9,16,USA,0:16,9
Action shot - Missed,6.0,1,0,BRA,2.0,STEFFENS M,0 - 9,2,USA,0:02,9
Starting goalkeeper,13.0,1,0,BRA,3.0,CHAMORRO V,0 - 9,480,BRA,8:00,9
Starting goalkeeper,13.0,1,0,BRA,3.0,JOHNSON A,0 - 9,480,USA,8:00,9
Sprint won possession,8.0,1,0,BRA,3.0,NEUSHUL K,0 - 9,480,USA,8:00,9
5m shot - Goal,8.0,1,0,BRA,3.0,NEUSHUL K,0 - 10,451,USA,7:31,10
5m shot - Missed,6.0,1,0,BRA,3.0,CHIAPPINI I,0 - 10,422,BRA,7:02,10
20 sec. exclusion in centre,10.0,1,0,BRA,3.0,BAHIA V,0 - 10,405,BRA,6:45,10
Extra player shot - Goal,6.0,1,0,BRA,3.0,STEFFENS M,0 - 11,381,USA,6:21,11
Action shot - Goal,7.0,1,1,BRA,3.0,OLIVEIRA A,1 - 11,356,BRA,5:56,11
Turnover foul,5.0,1,1,BRA,3.0,WILLIAMS A,1 - 11,332,USA,5:32,11
20 sec. exclusion in field,5.0,1,1,BRA,3.0,WILLIAMS A,1 - 11,326,USA,5:26,11
Time-Out,,1,1,BRA,3.0,,1 - 11,324,BRA,5:24,11
Action shot - Saved,12.0,1,1,BRA,3.0,MANTELLATO G,1 - 11,304,BRA,5:04,11
Turnover foul,6.0,1,1,BRA,3.0,STEFFENS M,1 - 11,280,USA,4:40,11
Turnover foul,9.0,1,1,BRA,3.0,DIAS M,1 - 11,261,BRA,4:21,11
Steal,6.0,1,1,BRA,3.0,STEFFENS M,1 - 11,261,USA,4:21,11
20 sec. exclusion in centre,9.0,1,1,BRA,3.0,DIAS M,1 - 11,244,BRA,4:04,11
Extra player shot - Post,2.0,1,1,BRA,3.0,MUSSELMAN M,1 - 11,225,USA,3:45,11
5m shot - Saved,10.0,1,1,BRA,3.0,BAHIA V,1 - 11,194,BRA,3:14,11
Action shot - Missed,3.0,1,1,BRA,3.0,SEIDEMANN M,1 - 11,166,USA,2:46,11
5m shot - Saved,7.0,1,1,BRA,3.0,OLIVEIRA A,1 - 11,145,BRA,2:25,11
Time-Out,,1,1,BRA,3.0,,1 - 11,145,USA,2:25,11
Action shot - Blocked,11.0,1,1,BRA,3.0,FISCHER M,1 - 11,122,USA,2:02,11
5m shot - Saved,9.0,1,1,BRA,3.0,DIAS M,1 - 11,94,BRA,1:34,11
Action shot - Saved,11.0,1,1,BRA,3.0,FISCHER M,1 - 11,80,USA,1:20,11
5m shot - Missed,4.0,1,1,BRA,3.0,FATTAL R,1 - 11,56,USA,0:56,11
5m shot - Saved,12.0,1,1,BRA,3.0,MANTELLATO G,1 - 11,25,BRA,0:25,11
5m shot - Post,2.0,1,1,BRA,3.0,MUSSELMAN M,1 - 11,3,USA,0:03,11
Starting goalkeeper,13.0,1,1,BRA,4.0,CHAMORRO V,1 - 11,480,BRA,8:00,11
Starting goalkeeper,13.0,1,1,BRA,4.0,JOHNSON A,1 - 11,480,USA,8:00,11
Sprint won possession,8.0,1,1,BRA,4.0,NEUSHUL K,1 - 11,480,USA,8:00,11
Action shot - Goal,8.0,1,1,BRA,4.0,NEUSHUL K,1 - 12,451,USA,7:31,12
5m shot - Missed,4.0,1,1,BRA,4.0,DUARTE M,1 - 12,426,BRA,7:06,12
5m shot - Goal,6.0,1,1,BRA,4.0,STEFFENS M,1 - 13,402,USA,6:42,13
5m shot - Saved,6.0,1,1,BRA,4.0,CHIAPPINI I,1 - 13,376,BRA,6:16,13
Turnover foul,4.0,1,1,BRA,4.0,DUARTE M,1 - 13,343,BRA,5:43,13
Action shot - Blocked,4.0,1,1,BRA,4.0,FATTAL R,1 - 13,318,USA,5:18,13
Action shot - Saved,12.0,1,1,BRA,4.0,MANTELLATO G,1 - 13,279,BRA,4:39,13
Turnover foul,8.0,1,1,BRA,4.0,NEUSHUL K,1 - 13,259,USA,4:19,13
Steal,3.0,1,1,BRA,4.0,ZABLITH M,1 - 13,259,BRA,4:19,13
Action shot - Saved,4.0,1,1,BRA,4.0,DUARTE M,1 - 13,248,BRA,4:08,13
Turnover foul,6.0,1,1,BRA,4.0,CHIAPPINI I,1 - 13,222,BRA,3:42,13
Time-Out,,1,1,BRA,4.0,,1 - 13,212,USA,3:32,13
5m shot - Goal,6.0,1,2,BRA,4.0,CHIAPPINI I,2 - 13,168,BRA,2:48,13
5m shot - Saved,3.0,1,2,BRA,4.0,SEIDEMANN M,2 - 13,137,USA,2:17,13
20 sec. exclusion in centre,11.0,1,2,BRA,4.0,FISCHER M,2 - 13,114,USA,1:54,13
Time-Out,,1,2,BRA,4.0,,2 - 13,112,BRA,1:52,13
Action shot - Blocked,6.0,1,2,BRA,4.0,CHIAPPINI I,2 - 13,94,BRA,1:34,13
Action shot - Post,8.0,1,2,BRA,4.0,NEUSHUL K,2 - 13,60,USA,1:00,13
Action shot - Blocked,8.0,1,2,BRA,4.0,NEUSHUL K,2 - 13,40,USA,0:40,13
Turnover foul,3.0,1,2,BRA,4.0,ZABLITH M,2 - 13,21,BRA,0:21,13
Steal,13.0,1,2,BRA,4.0,JOHNSON A,2 - 13,21,USA,0:21,13
Starting goalkeeper,1.0,2,0,ITA,1.0,GORLERO G,0 - 0,480,ITA,8:00,0
Starting goalkeeper,13.0,2,0,ITA,1.0,JOHNSON A,0 - 0,480,USA,8:00,0
Sprint won possession,7.0,2,0,ITA,1.0,DI MARIO T,0 - 0,480,ITA,8:00,0
5m shot - Blocked,5.0,2,0,ITA,1.0,RADICCHI F,0 - 0,451,ITA,7:31,0
5m shot - Missed,7.0,2,0,ITA,1.0,MATHEWSON C,0 - 0,423,USA,7:03,0
Penalty foul,13.0,2,0,ITA,1.0,JOHNSON A,0 - 0,418,USA,6:58,0
Penalty shot - Goal,8.0,2,1,ITA,1.0,BIANCONI R,1 - 0,418,ITA,6:58,0
20 sec. exclusion in centre,7.0,2,1,ITA,1.0,DI MARIO T,1 - 0,394,ITA,6:34,0
Extra player shot - Blocked,7.0,2,1,ITA,1.0,MATHEWSON C,1 - 0,382,USA,6:22,0
Action shot - Goal,4.0,2,1,ITA,1.0,FATTAL R,1 - 1,356,USA,5:56,1
Turnover foul,12.0,2,1,ITA,1.0,FRASSINETTI T,1 - 1,305,ITA,5:05,1
Action shot - Saved,5.0,2,1,ITA,1.0,WILLIAMS A,1 - 1,298,USA,4:58,1
5m shot - Blocked,3.0,2,1,ITA,1.0,GARIBOTTI A,1 - 1,281,ITA,4:41,1
Action shot - Saved,8.0,2,1,ITA,1.0,BIANCONI R,1 - 1,261,ITA,4:21,1
Action shot - Goal,4.0,2,1,ITA,1.0,FATTAL R,1 - 2,257,USA,4:17,2
Goalkeeper substitution,1.0,2,1,ITA,1.0,HILL S,1 - 2,257,USA,4:17,2
Goalkeeper substitution,13.0,2,1,ITA,1.0,JOHNSON A,1 - 2,251,USA,4:11,2
20 sec. exclusion in field,11.0,2,1,ITA,1.0,FISCHER M,1 - 2,230,USA,3:50,2
Extra player shot - Saved,5.0,2,1,ITA,1.0,RADICCHI F,1 - 2,218,ITA,3:38,2
Action shot - Missed,4.0,2,1,ITA,1.0,QUEIROLO E,1 - 2,169,ITA,2:49,2
5m shot - Missed,3.0,2,1,ITA,1.0,SEIDEMANN M,1 - 2,141,USA,2:21,2
20 sec. exclusion in field,9.0,2,1,ITA,1.0,GROSSMAN A,1 - 2,129,USA,2:09,2
Time-Out,,2,1,ITA,1.0,,1 - 2,129,ITA,2:09,2
Action shot - Goal,9.0,2,2,ITA,1.0,EMMOLO G,2 - 2,105,ITA,1:45,2
Turnover foul,12.0,2,2,ITA,1.0,FRASSINETTI T,2 - 2,87,ITA,1:27,2
Action shot - Goal,8.0,2,3,ITA,1.0,BIANCONI R,3 - 2,76,ITA,1:16,2
Action shot - Saved,4.0,2,3,ITA,1.0,FATTAL R,3 - 2,51,USA,0:51,2
20 sec. exclusion in field,10.0,2,3,ITA,1.0,POMERI F,3 - 2,49,ITA,0:49,2
Extra player shot - Saved,4.0,2,3,ITA,1.0,FATTAL R,3 - 2,42,USA,0:42,2
Action shot - Goal,4.0,2,4,ITA,1.0,QUEIROLO E,4 - 2,0,ITA,0:00,2
Starting goalkeeper,1.0,2,4,ITA,2.0,GORLERO G,4 - 2,480,ITA,8:00,2
Starting goalkeeper,13.0,2,4,ITA,2.0,JOHNSON A,4 - 2,480,USA,8:00,2
Sprint won possession,4.0,2,4,ITA,2.0,FATTAL R,4 - 2,480,USA,8:00,2
Action shot - Saved,8.0,2,4,ITA,2.0,NEUSHUL K,4 - 2,451,USA,7:31,2
5m shot - Saved,3.0,2,4,ITA,2.0,GARIBOTTI A,4 - 2,427,ITA,7:07,2
Turnover foul,5.0,2,4,ITA,2.0,RADICCHI F,4 - 2,400,ITA,6:40,2
Steal,4.0,2,4,ITA,2.0,FATTAL R,4 - 2,400,USA,6:40,2
20 sec. exclusion in centre,5.0,2,4,ITA,2.0,RADICCHI F,4 - 2,377,ITA,6:17,2
Action shot - Missed,2.0,2,4,ITA,2.0,MUSSELMAN M,4 - 2,358,USA,5:58,2
20 sec. exclusion in field,2.0,2,4,ITA,2.0,MUSSELMAN M,4 - 2,358,USA,5:58,2
Time-Out,,2,4,ITA,2.0,,4 - 2,358,ITA,5:58,2
Action shot - Saved,9.0,2,4,ITA,2.0,EMMOLO G,4 - 2,329,ITA,5:29,2
Turnover foul,6.0,2,4,ITA,2.0,STEFFENS M,4 - 2,313,USA,5:13,2
Turnover foul,6.0,2,4,ITA,2.0,AIELLO R,4 - 2,297,ITA,4:57,2
Action shot - Saved,8.0,2,4,ITA,2.0,NEUSHUL K,4 - 2,285,USA,4:45,2
20 sec. exclusion in centre,8.0,2,4,ITA,2.0,NEUSHUL K,4 - 2,269,USA,4:29,2
Extra player shot - Goal,9.0,2,5,ITA,2.0,EMMOLO G,5 - 2,251,ITA,4:11,2
Action shot - Saved,6.0,2,5,ITA,2.0,STEFFENS M,5 - 2,225,USA,3:45,2
Action shot - Goal,3.0,2,5,ITA,2.0,SEIDEMANN M,5 - 3,169,USA,2:49,3
5m shot - Blocked,3.0,2,5,ITA,2.0,GARIBOTTI A,5 - 3,140,ITA,2:20,3
Action shot - Missed,5.0,2,5,ITA,2.0,WILLIAMS A,5 - 3,111,USA,1:51,3
5m shot - Post,3.0,2,5,ITA,2.0,GARIBOTTI A,5 - 3,85,ITA,1:25,3
5m shot - Blocked,7.0,2,5,ITA,2.0,MATHEWSON C,5 - 3,65,USA,1:05,3
5m shot - Goal,3.0,2,6,ITA,2.0,GARIBOTTI A,6 - 3,46,ITA,0:46,3
Action shot - Post,4.0,2,6,ITA,2.0,FATTAL R,6 - 3,16,USA,0:16,3
5m shot - Saved,2.0,2,6,ITA,2.0,TABANI C,6 - 3,0,ITA,0:00,3
Starting goalkeeper,1.0,2,6,ITA,3.0,GORLERO G,6 - 3,480,ITA,8:00,3
Starting goalkeeper,13.0,2,6,ITA,3.0,JOHNSON A,6 - 3,480,USA,8:00,3
Sprint won possession,7.0,2,6,ITA,3.0,DI MARIO T,6 - 3,480,ITA,8:00,3
Turnover foul,8.0,2,6,ITA,3.0,BIANCONI R,6 - 3,459,ITA,7:39,3
Action shot - Saved,8.0,2,6,ITA,3.0,NEUSHUL K,6 - 3,434,USA,7:14,3
Turnover foul,3.0,2,6,ITA,3.0,GARIBOTTI A,6 - 3,421,ITA,7:01,3
Steal,3.0,2,6,ITA,3.0,SEIDEMANN M,6 - 3,421,USA,7:01,3
Action shot - Goal,8.0,2,6,ITA,3.0,NEUSHUL K,6 - 4,409,USA,6:49,4
Action shot - Goal,8.0,2,7,ITA,3.0,BIANCONI R,7 - 4,388,ITA,6:28,4
Turnover foul,12.0,2,7,ITA,3.0,CRAIG K,7 - 4,364,USA,6:04,4
Turnover foul,12.0,2,7,ITA,3.0,FRASSINETTI T,7 - 4,340,ITA,5:40,4
20 sec. exclusion in centre,5.0,2,7,ITA,3.0,RADICCHI F,7 - 4,327,ITA,5:27,4
Action shot - Goal,8.0,2,7,ITA,3.0,NEUSHUL K,7 - 5,305,USA,5:05,5
Counter attack - Goal,4.0,2,7,ITA,3.0,FATTAL R,7 - 6,266,USA,4:26,6
Time-Out,,2,7,ITA,3.0,,7 - 6,266,ITA,4:26,6
Turnover foul,2.0,2,7,ITA,3.0,TABANI C,7 - 6,237,ITA,3:57,6
Steal,6.0,2,7,ITA,3.0,STEFFENS M,7 - 6,237,USA,3:57,6
Turnover foul,9.0,2,7,ITA,3.0,GROSSMAN A,7 - 6,223,USA,3:43,6
20 sec. exclusion in field,2.0,2,7,ITA,3.0,MUSSELMAN M,7 - 6,190,USA,3:10,6
Action shot - Goal,4.0,2,7,ITA,3.0,FATTAL R,7 - 7,169,USA,2:49,7
20 sec. exclusion in centre,6.0,2,7,ITA,3.0,STEFFENS M,7 - 7,141,USA,2:21,7
Extra player shot - Goal,8.0,2,8,ITA,3.0,BIANCONI R,8 - 7,126,ITA,2:06,7
5m shot - Saved,3.0,2,8,ITA,3.0,GARIBOTTI A,8 - 7,83,ITA,1:23,7
Turnover foul,4.0,2,8,ITA,3.0,QUEIROLO E,8 - 7,37,ITA,0:37,7
20 sec. exclusion in field,6.0,2,8,ITA,3.0,AIELLO R,8 - 7,37,ITA,0:37,7
Time-Out,,2,8,ITA,3.0,,8 - 7,35,USA,0:35,7
Action shot - Blocked,8.0,2,8,ITA,3.0,NEUSHUL K,8 - 7,9,USA,0:09,7
Starting goalkeeper,1.0,2,8,ITA,4.0,GORLERO G,8 - 7,480,ITA,8:00,7
Starting goalkeeper,13.0,2,8,ITA,4.0,JOHNSON A,8 - 7,480,USA,8:00,7
Sprint won possession,4.0,2,8,ITA,4.0,FATTAL R,8 - 7,480,USA,8:00,7
Turnover foul,12.0,2,8,ITA,4.0,CRAIG K,8 - 7,464,USA,7:44,7
Turnover foul,12.0,2,8,ITA,4.0,FRASSINETTI T,8 - 7,445,ITA,7:25,7
5m shot - Blocked,7.0,2,8,ITA,4.0,MATHEWSON C,8 - 7,425,USA,7:05,7
Action shot - Saved,3.0,2,8,ITA,4.0,GARIBOTTI A,8 - 7,408,ITA,6:48,7
Action shot - Saved,7.0,2,8,ITA,4.0,MATHEWSON C,8 - 7,379,USA,6:19,7
5m shot - Saved,7.0,2,8,ITA,4.0,DI MARIO T,8 - 7,354,ITA,5:54,7
5m shot - Post,4.0,2,8,ITA,4.0,FATTAL R,8 - 7,321,USA,5:21,7
Action shot - Post,6.0,2,8,ITA,4.0,STEFFENS M,8 - 7,296,USA,4:56,7
Action shot - Goal,7.0,2,9,ITA,4.0,DI MARIO T,9 - 7,277,ITA,4:37,7
Action shot - Post,11.0,2,9,ITA,4.0,FISCHER M,9 - 7,247,USA,4:07,7
5m shot - Missed,8.0,2,9,ITA,4.0,BIANCONI R,9 - 7,225,ITA,3:45,7
20 sec. exclusion in centre,5.0,2,9,ITA,4.0,RADICCHI F,9 - 7,211,ITA,3:31,7
Exclusion with substitution,5.0,2,9,ITA,4.0,RADICCHI F,9 - 7,211,ITA,3:31,7
Action shot - Missed,11.0,2,9,ITA,4.0,FISCHER M,9 - 7,186,USA,3:06,7
Action shot - Goal,9.0,2,10,ITA,4.0,EMMOLO G,10 - 7,170,ITA,2:50,7
Action shot - Saved,8.0,2,10,ITA,4.0,NEUSHUL K,10 - 7,143,USA,2:23,7
Turnover foul,8.0,2,10,ITA,4.0,NEUSHUL K,10 - 7,126,USA,2:06,7
20 sec. exclusion in field,3.0,2,10,ITA,4.0,GARIBOTTI A,10 - 7,126,ITA,2:06,7
Time-Out,,2,10,ITA,4.0,,10 - 7,122,USA,2:02,7
Extra player shot - Saved,4.0,2,10,ITA,4.0,FATTAL R,10 - 7,112,USA,1:52,7
Centre shot - Post,6.0,2,10,ITA,4.0,AIELLO R,10 - 7,80,ITA,1:20,7
Action shot - Goal,4.0,2,10,ITA,4.0,FATTAL R,10 - 8,69,USA,1:09,8
Turnover foul,12.0,2,10,ITA,4.0,FRASSINETTI T,10 - 8,57,ITA,0:57,8
Action shot - Saved,2.0,2,10,ITA,4.0,MUSSELMAN M,10 - 8,44,USA,0:44,8
20 sec. exclusion in field,2.0,2,10,ITA,4.0,MUSSELMAN M,10 - 8,42,USA,0:42,8
Exclusion with substitution,2.0,2,10,ITA,4.0,MUSSELMAN M,10 - 8,42,USA,0:42,8
Turnover foul,8.0,2,10,ITA,4.0,NEUSHUL K,10 - 8,18,USA,0:18,8
Time-Out,,2,10,ITA,4.0,,10 - 8,17,ITA,0:17,8
Turnover foul,2.0,2,10,ITA,4.0,TABANI C,10 - 8,14,ITA,0:14,8
5m shot - Missed,8.0,2,10,ITA,4.0,BIANCONI R,10 - 8,11,ITA,0:11,8
20 sec. exclusion in field,7.0,2,10,ITA,4.0,DI MARIO T,10 - 8,9,ITA,0:09,8
Penalty foul,1.0,2,10,ITA,4.0,GORLERO G,10 - 8,4,ITA,0:04,8
Penalty shot - Goal,11.0,2,10,ITA,4.0,FISCHER M,10 - 9,4,USA,0:04,9
Starting goalkeeper,1.0,3,0,JPN,1.0,MIURA R,0 - 0,480,JPN,8:00,0
Starting goalkeeper,1.0,3,0,JPN,1.0,HILL S,0 - 0,480,USA,8:00,0
Goalkeeper substitution,13.0,3,0,JPN,1.0,JOHNSON A,0 - 0,480,USA,8:00,0
Sprint won possession,8.0,3,0,JPN,1.0,NEUSHUL K,0 - 0,480,USA,8:00,0
Action shot - Goal,6.0,3,0,JPN,1.0,STEFFENS M,0 - 1,462,USA,7:42,1
Turnover foul,11.0,3,0,JPN,1.0,TOKUMOTO M,0 - 1,434,JPN,7:14,1
20 sec. exclusion in centre,5.0,3,0,JPN,1.0,WILLIAMS A,0 - 1,378,USA,6:18,1
Action shot - Goal,6.0,3,0,JPN,1.0,STEFFENS M,0 - 2,321,USA,5:21,2
Turnover foul,12.0,3,0,JPN,1.0,CRAIG K,0 - 2,276,USA,4:36,2
Action shot - Saved,8.0,3,0,JPN,1.0,HASHIGUCHI M,0 - 2,265,JPN,4:25,2
Turnover foul,4.0,3,0,JPN,1.0,FATTAL R,0 - 2,239,USA,3:59,2
Turnover foul,6.0,3,0,JPN,1.0,TAKAHASHI A,0 - 2,207,JPN,3:27,2
Steal,3.0,3,0,JPN,1.0,SEIDEMANN M,0 - 2,207,USA,3:27,2
20 sec. exclusion in centre,8.0,3,0,JPN,1.0,HASHIGUCHI M,0 - 2,193,JPN,3:13,2
Turnover foul,6.0,3,0,JPN,1.0,STEFFENS M,0 - 2,186,USA,3:06,2
20 sec. exclusion in centre,9.0,3,0,JPN,1.0,HOSOYA K,0 - 2,150,JPN,2:30,2
Extra player shot - Goal,4.0,3,0,JPN,1.0,FATTAL R,0 - 3,143,USA,2:23,3
Turnover foul,7.0,3,0,JPN,1.0,NAKANO Y,0 - 3,120,JPN,2:00,3
Steal,13.0,3,0,JPN,1.0,JOHNSON A,0 - 3,118,USA,1:58,3
Turnover foul,3.0,3,0,JPN,1.0,SEIDEMANN M,0 - 3,108,USA,1:48,3
Turnover foul,2.0,3,0,JPN,1.0,SAKANOUE C,0 - 3,82,JPN,1:22,3
20 sec. exclusion in centre,2.0,3,0,JPN,1.0,SAKANOUE C,0 - 3,82,JPN,1:22,3
Time-Out,,3,0,JPN,1.0,,0 - 3,82,USA,1:22,3
Centre shot - Goal,12.0,3,0,JPN,1.0,CRAIG K,0 - 4,61,USA,1:01,4
Turnover foul,7.0,3,0,JPN,1.0,NAKANO Y,0 - 4,30,JPN,0:30,4
Action shot - Saved,9.0,3,0,JPN,1.0,GROSSMAN A,0 - 4,3,USA,0:03,4
Starting goalkeeper,1.0,3,0,JPN,2.0,MIURA R,0 - 4,480,JPN,8:00,4
Starting goalkeeper,13.0,3,0,JPN,2.0,JOHNSON A,0 - 4,480,USA,8:00,4
Sprint won possession,8.0,3,0,JPN,2.0,NEUSHUL K,0 - 4,480,USA,8:00,4
Action shot - Post,11.0,3,0,JPN,2.0,FISCHER M,0 - 4,464,USA,7:44,4
Turnover foul,7.0,3,0,JPN,2.0,NAKANO Y,0 - 4,449,JPN,7:29,4
Steal,6.0,3,0,JPN,2.0,STEFFENS M,0 - 4,449,USA,7:29,4
Action shot - Goal,2.0,3,0,JPN,2.0,MUSSELMAN M,0 - 5,431,USA,7:11,5
Turnover foul,7.0,3,0,JPN,2.0,NAKANO Y,0 - 5,405,JPN,6:45,5
Steal,5.0,3,0,JPN,2.0,WILLIAMS A,0 - 5,405,USA,6:45,5
Action shot - Saved,10.0,3,0,JPN,2.0,MORI T,0 - 5,333,JPN,5:33,5
Action shot - Goal,11.0,3,0,JPN,2.0,FISCHER M,0 - 6,316,USA,5:16,6
Turnover foul,10.0,3,0,JPN,2.0,MORI T,0 - 6,296,JPN,4:56,6
Steal,13.0,3,0,JPN,2.0,JOHNSON A,0 - 6,296,USA,4:56,6
Action shot - Goal,6.0,3,0,JPN,2.0,STEFFENS M,0 - 7,291,USA,4:51,7
Action shot - Missed,8.0,3,0,JPN,2.0,HASHIGUCHI M,0 - 7,262,JPN,4:22,7
Turnover foul,7.0,3,0,JPN,2.0,MATHEWSON C,0 - 7,246,USA,4:06,7
Action shot - Saved,7.0,3,0,JPN,2.0,NAKANO Y,0 - 7,239,JPN,3:59,7
Turnover foul,6.0,3,0,JPN,2.0,STEFFENS M,0 - 7,208,USA,3:28,7
Steal,4.0,3,0,JPN,2.0,MAGARIYAMA S,0 - 7,208,JPN,3:28,7
Turnover foul,4.0,3,0,JPN,2.0,MAGARIYAMA S,0 - 7,205,JPN,3:25,7
Action shot - Goal,12.0,3,0,JPN,2.0,CRAIG K,0 - 8,191,USA,3:11,8
Turnover foul,10.0,3,0,JPN,2.0,MORI T,0 - 8,174,JPN,2:54,8
Steal,9.0,3,0,JPN,2.0,GROSSMAN A,0 - 8,174,USA,2:54,8
Turnover foul,9.0,3,0,JPN,2.0,GROSSMAN A,0 - 8,164,USA,2:44,8
Steal,9.0,3,0,JPN,2.0,HOSOYA K,0 - 8,164,JPN,2:44,8
Turnover foul,11.0,3,0,JPN,2.0,FISCHER M,0 - 8,105,USA,1:45,8
Time-Out,,3,0,JPN,2.0,,0 - 8,102,JPN,1:42,8
20 sec. exclusion in centre,11.0,3,0,JPN,2.0,FISCHER M,0 - 8,77,USA,1:17,8
Turnover foul,10.0,3,0,JPN,2.0,MORI T,0 - 8,50,JPN,0:50,8
Action shot - Blocked,7.0,3,0,JPN,2.0,NAKANO Y,0 - 8,10,JPN,0:10,8
Time-Out,,3,0,JPN,2.0,,0 - 8,8,USA,0:08,8
Centre shot - Post,2.0,3,0,JPN,2.0,MUSSELMAN M,0 - 8,4,USA,0:04,8
Starting goalkeeper,1.0,3,0,JPN,3.0,MIURA R,0 - 8,480,JPN,8:00,8
Starting goalkeeper,13.0,3,0,JPN,3.0,JOHNSON A,0 - 8,480,USA,8:00,8
Sprint won possession,8.0,3,0,JPN,3.0,NEUSHUL K,0 - 8,480,USA,8:00,8
Turnover foul,7.0,3,0,JPN,3.0,MATHEWSON C,0 - 8,468,USA,7:48,8
Action shot - Missed,9.0,3,0,JPN,3.0,HOSOYA K,0 - 8,446,JPN,7:26,8
20 sec. exclusion in centre,2.0,3,0,JPN,3.0,SAKANOUE C,0 - 8,433,JPN,7:13,8
Extra player shot - Goal,8.0,3,0,JPN,3.0,NEUSHUL K,0 - 9,416,USA,6:56,9
Turnover foul,8.0,3,0,JPN,3.0,HASHIGUCHI M,0 - 9,398,JPN,6:38,9
Steal,6.0,3,0,JPN,3.0,STEFFENS M,0 - 9,398,USA,6:38,9
Counter attack - Goal,7.0,3,0,JPN,3.0,MATHEWSON C,0 - 10,384,USA,6:24,10
Turnover foul,2.0,3,0,JPN,3.0,SAKANOUE C,0 - 10,359,JPN,5:59,10
Steal,6.0,3,0,JPN,3.0,STEFFENS M,0 - 10,359,USA,5:59,10
Counter attack - Goal,6.0,3,0,JPN,3.0,STEFFENS M,0 - 11,352,USA,5:52,11
Goalkeeper substitution,1.0,3,0,JPN,3.0,HILL S,0 - 11,335,USA,5:35,11
Turnover foul,6.0,3,0,JPN,3.0,STEFFENS M,0 - 11,305,USA,5:05,11
Action shot - Missed,12.0,3,0,JPN,3.0,CRAIG K,0 - 11,263,USA,4:23,11
Turnover foul,3.0,3,0,JPN,3.0,KAZAMA Y,0 - 11,244,JPN,4:04,11
Steal,11.0,3,0,JPN,3.0,FISCHER M,0 - 11,244,USA,4:04,11
Turnover foul,11.0,3,0,JPN,3.0,FISCHER M,0 - 11,233,USA,3:53,11
Turnover foul,7.0,3,0,JPN,3.0,NAKANO Y,0 - 11,219,JPN,3:39,11
Action shot - Goal,12.0,3,0,JPN,3.0,CRAIG K,0 - 12,196,USA,3:16,12
Turnover foul,4.0,3,0,JPN,3.0,MAGARIYAMA S,0 - 12,167,JPN,2:47,12
Steal,10.0,3,0,JPN,3.0,GILCHRIST K,0 - 12,167,USA,2:47,12
Counter attack - Goal,9.0,3,0,JPN,3.0,GROSSMAN A,0 - 13,157,USA,2:37,13
20 sec. exclusion in centre,11.0,3,0,JPN,3.0,FISCHER M,0 - 13,142,USA,2:22,13
Time-Out,,3,0,JPN,3.0,,0 - 13,140,JPN,2:20,13
Goalkeeper substitution,13.0,3,0,JPN,3.0,UMEDA Y,0 - 13,140,JPN,2:20,13
Extra player shot - Saved,2.0,3,0,JPN,3.0,SAKANOUE C,0 - 13,120,JPN,2:00,13
Action shot - Goal,9.0,3,0,JPN,3.0,GROSSMAN A,0 - 14,104,USA,1:44,14
Action shot - Goal,7.0,3,1,JPN,3.0,NAKANO Y,1 - 14,74,JPN,1:14,14
Turnover foul,11.0,3,1,JPN,3.0,FISCHER M,1 - 14,52,USA,0:52,14
20 sec. exclusion in centre,4.0,3,1,JPN,3.0,MAGARIYAMA S,1 - 14,51,JPN,0:51,14
Extra player shot - Missed,10.0,3,1,JPN,3.0,GILCHRIST K,1 - 14,32,USA,0:32,14
5m shot - Saved,6.0,3,1,JPN,3.0,TAKAHASHI A,1 - 14,13,JPN,0:13,14
Starting goalkeeper,13.0,3,1,JPN,4.0,UMEDA Y,1 - 14,480,JPN,8:00,14
Starting goalkeeper,1.0,3,1,JPN,4.0,HILL S,1 - 14,480,USA,8:00,14
Sprint won possession,8.0,3,1,JPN,4.0,NEUSHUL K,1 - 14,480,USA,8:00,14
Turnover foul,6.0,3,1,JPN,4.0,STEFFENS M,1 - 14,456,USA,7:36,14
Turnover foul,11.0,3,1,JPN,4.0,TOKUMOTO M,1 - 14,432,JPN,7:12,14
Steal,6.0,3,1,JPN,4.0,STEFFENS M,1 - 14,432,USA,7:12,14
Turnover foul,2.0,3,1,JPN,4.0,SAKANOUE C,1 - 14,386,JPN,6:26,14
Centre shot - Post,6.0,3,1,JPN,4.0,STEFFENS M,1 - 14,362,USA,6:02,14
20 sec. exclusion in centre,7.0,3,1,JPN,4.0,MATHEWSON C,1 - 14,344,USA,5:44,14
Time-Out,,3,1,JPN,4.0,,1 - 14,344,JPN,5:44,14
Action shot - Blocked,7.0,3,1,JPN,4.0,NAKANO Y,1 - 14,325,JPN,5:25,14
Counter attack - Goal,7.0,3,2,JPN,4.0,NAKANO Y,2 - 14,286,JPN,4:46,14
Action shot - Goal,9.0,3,2,JPN,4.0,GROSSMAN A,2 - 15,276,USA,4:36,15
Turnover foul,8.0,3,2,JPN,4.0,HASHIGUCHI M,2 - 15,248,JPN,4:08,15
Action shot - Goal,11.0,3,2,JPN,4.0,FISCHER M,2 - 16,231,USA,3:51,16
Turnover foul,9.0,3,2,JPN,4.0,GROSSMAN A,2 - 16,162,USA,2:42,16
Turnover foul,6.0,3,2,JPN,4.0,TAKAHASHI A,2 - 16,151,JPN,2:31,16
Time-Out,,3,2,JPN,4.0,,2 - 16,151,USA,2:31,16
Turnover foul,2.0,3,2,JPN,4.0,MUSSELMAN M,2 - 16,128,USA,2:08,16
Turnover foul,5.0,3,2,JPN,4.0,NAKATA M,2 - 16,100,JPN,1:40,16
Steal,9.0,3,2,JPN,4.0,GROSSMAN A,2 - 16,100,USA,1:40,16
Turnover foul,1.0,3,2,JPN,4.0,HILL S,2 - 16,84,USA,1:24,16
Steal,12.0,3,2,JPN,4.0,SUZUKI K,2 - 16,84,JPN,1:24,16
Turnover foul,12.0,3,2,JPN,4.0,SUZUKI K,2 - 16,77,JPN,1:17,16
Steal,10.0,3,2,JPN,4.0,GILCHRIST K,2 - 16,77,USA,1:17,16
Action shot - Goal,2.0,3,2,JPN,4.0,MUSSELMAN M,2 - 17,49,USA,0:49,17
Turnover foul,2.0,3,2,JPN,4.0,SAKANOUE C,2 - 17,22,JPN,0:22,17
Action shot - Missed,3.0,3,2,JPN,4.0,SEIDEMANN M,2 - 17,1,USA,0:01,17
Starting goalkeeper,13.0,4,0,HUN,1.0,JOHNSON A,0 - 0,480,USA,8:00,0
Starting goalkeeper,13.0,4,0,HUN,1.0,GANGL E,0 - 0,480,HUN,8:00,0
Sprint won possession,8.0,4,0,HUN,1.0,NEUSHUL K,0 - 0,480,USA,8:00,0
Turnover foul,2.0,4,0,HUN,1.0,CZIGANY D,0 - 0,417,HUN,6:57,0
Counter attack - Goal,4.0,4,0,HUN,1.0,FATTAL R,1 - 0,411,USA,6:51,1
Turnover foul,9.0,4,0,HUN,1.0,TOTH I,1 - 0,393,HUN,6:33,1
Steal,13.0,4,0,HUN,1.0,JOHNSON A,1 - 0,393,USA,6:33,1
20 sec. exclusion in centre,5.0,4,0,HUN,1.0,SZUCS G,1 - 0,376,HUN,6:16,1
Extra player shot - Goal,7.0,4,0,HUN,1.0,MATHEWSON C,2 - 0,358,USA,5:58,2
Turnover foul,10.0,4,0,HUN,1.0,BUJKA B,2 - 0,332,HUN,5:32,2
Steal,3.0,4,0,HUN,1.0,SEIDEMANN M,2 - 0,332,USA,5:32,2
Turnover foul,3.0,4,0,HUN,1.0,SEIDEMANN M,2 - 0,306,USA,5:06,2
Steal,3.0,4,0,HUN,1.0,ANTAL D,2 - 0,306,HUN,5:06,2
Turnover foul,12.0,4,0,HUN,1.0,MENCZINGER K,2 - 0,297,HUN,4:57,2
Turnover foul,12.0,4,0,HUN,1.0,CRAIG K,2 - 0,272,USA,4:32,2
Action shot - Saved,8.0,4,0,HUN,1.0,KESZTHELYI R,2 - 0,244,HUN,4:04,2
Action shot - Saved,7.0,4,0,HUN,1.0,MATHEWSON C,2 - 0,216,USA,3:36,2
5m shot - Missed,3.0,4,0,HUN,1.0,SEIDEMANN M,2 - 0,199,USA,3:19,2
Turnover foul,4.0,4,0,HUN,1.0,KISTELEKI D,2 - 0,188,HUN,3:08,2
Centre shot - Goal,6.0,4,0,HUN,1.0,STEFFENS M,3 - 0,159,USA,2:39,3
20 sec. exclusion in centre,11.0,4,0,HUN,1.0,FISCHER M,3 - 0,149,USA,2:29,3
Action shot - Goal,3.0,4,1,HUN,1.0,ANTAL D,3 - 1,121,HUN,2:01,3
Turnover foul,9.0,4,1,HUN,1.0,GROSSMAN A,3 - 1,95,USA,1:35,3
Turnover foul,9.0,4,1,HUN,1.0,TOTH I,3 - 1,79,HUN,1:19,3
Turnover foul,13.0,4,1,HUN,1.0,JOHNSON A,3 - 1,65,USA,1:05,3
Action shot - Blocked,5.0,4,1,HUN,1.0,SZUCS G,3 - 1,53,HUN,0:53,3
Time-Out,,4,1,HUN,1.0,,3 - 1,49,USA,0:49,3
5m shot - Saved,7.0,4,1,HUN,1.0,MATHEWSON C,3 - 1,23,USA,0:23,3
Time-Out,,4,1,HUN,1.0,,3 - 1,22,HUN,0:22,3
5m shot - Missed,3.0,4,1,HUN,1.0,ANTAL D,3 - 1,1,HUN,0:01,3
Starting goalkeeper,13.0,4,1,HUN,2.0,JOHNSON A,3 - 1,480,USA,8:00,3
Starting goalkeeper,13.0,4,1,HUN,2.0,GANGL E,3 - 1,480,HUN,8:00,3
Sprint won possession,8.0,4,1,HUN,2.0,NEUSHUL K,3 - 1,480,USA,8:00,3
20 sec. exclusion in field,11.0,4,1,HUN,2.0,GARDA K,3 - 1,470,HUN,7:50,3
5m shot - Saved,6.0,4,1,HUN,2.0,STEFFENS M,3 - 1,444,USA,7:24,3
Turnover foul,13.0,4,1,HUN,2.0,GANGL E,3 - 1,426,HUN,7:06,3
5m shot - Goal,4.0,4,1,HUN,2.0,FATTAL R,4 - 1,408,USA,6:48,4
Turnover foul,3.0,4,1,HUN,2.0,ANTAL D,4 - 1,379,HUN,6:19,4
Steal,4.0,4,1,HUN,2.0,FATTAL R,4 - 1,379,USA,6:19,4
Action shot - Post,3.0,4,1,HUN,2.0,SEIDEMANN M,4 - 1,356,USA,5:56,4
Turnover foul,3.0,4,1,HUN,2.0,ANTAL D,4 - 1,332,HUN,5:32,4
5m shot - Missed,2.0,4,1,HUN,2.0,MUSSELMAN M,4 - 1,303,USA,5:03,4
Turnover foul,8.0,4,1,HUN,2.0,KESZTHELYI R,4 - 1,282,HUN,4:42,4
Steal,3.0,4,1,HUN,2.0,SEIDEMANN M,4 - 1,282,USA,4:42,4
Action shot - Goal,4.0,4,1,HUN,2.0,FATTAL R,5 - 1,256,USA,4:16,5
20 sec. exclusion in field,5.0,4,1,HUN,2.0,WILLIAMS A,5 - 1,245,USA,4:05,5
Extra player shot - Blocked,8.0,4,1,HUN,2.0,KESZTHELYI R,5 - 1,231,HUN,3:51,5
Action shot - Post,6.0,4,1,HUN,2.0,TAKACS O,5 - 1,218,HUN,3:38,5
Action shot - Goal,7.0,4,1,HUN,2.0,MATHEWSON C,6 - 1,192,USA,3:12,6
Goalkeeper substitution,1.0,4,1,HUN,2.0,BOLONYAI F,6 - 1,192,HUN,3:12,6
Turnover foul,8.0,4,1,HUN,2.0,KESZTHELYI R,6 - 1,176,HUN,2:56,6
Steal,10.0,4,1,HUN,2.0,GILCHRIST K,6 - 1,176,USA,2:56,6
20 sec. exclusion in field,8.0,4,1,HUN,2.0,KESZTHELYI R,6 - 1,172,HUN,2:52,6
Time-Out,,4,1,HUN,2.0,,6 - 1,172,USA,2:52,6
Extra player shot - Goal,6.0,4,1,HUN,2.0,STEFFENS M,7 - 1,152,USA,2:32,7
Action shot - Saved,10.0,4,1,HUN,2.0,BUJKA B,7 - 1,126,HUN,2:06,7
Action shot - Missed,8.0,4,1,HUN,2.0,NEUSHUL K,7 - 1,99,USA,1:39,7
20 sec. exclusion in field,4.0,4,1,HUN,2.0,FATTAL R,7 - 1,77,USA,1:17,7
Time-Out,,4,1,HUN,2.0,,7 - 1,77,HUN,1:17,7
Extra player shot - Saved,3.0,4,1,HUN,2.0,ANTAL D,7 - 1,61,HUN,1:01,7
5m shot - Missed,8.0,4,1,HUN,2.0,NEUSHUL K,7 - 1,31,USA,0:31,7
Counter attack - Goal,8.0,4,2,HUN,2.0,KESZTHELYI R,7 - 2,22,HUN,0:22,7
Turnover foul,8.0,4,2,HUN,2.0,NEUSHUL K,7 - 2,1,USA,0:01,7
Steal,8.0,4,2,HUN,2.0,KESZTHELYI R,7 - 2,1,HUN,0:01,7
Starting goalkeeper,13.0,4,2,HUN,3.0,JOHNSON A,7 - 2,480,USA,8:00,7
Starting goalkeeper,1.0,4,2,HUN,3.0,BOLONYAI F,7 - 2,480,HUN,8:00,7
Sprint won possession,8.0,4,2,HUN,3.0,KESZTHELYI R,7 - 2,480,HUN,8:00,7
Turnover foul,9.0,4,2,HUN,3.0,TOTH I,7 - 2,459,HUN,7:39,7
5m shot - Blocked,3.0,4,2,HUN,3.0,SEIDEMANN M,7 - 2,426,USA,7:06,7
Action shot - Post,7.0,4,2,HUN,3.0,MATHEWSON C,7 - 2,414,USA,6:54,7
5m shot - Blocked,8.0,4,2,HUN,3.0,KESZTHELYI R,7 - 2,386,HUN,6:26,7
Action shot - Goal,7.0,4,2,HUN,3.0,MATHEWSON C,8 - 2,359,USA,5:59,8
20 sec. exclusion in centre,3.0,4,2,HUN,3.0,SEIDEMANN M,8 - 2,342,USA,5:42,8
Extra player shot - Post,12.0,4,2,HUN,3.0,MENCZINGER K,8 - 2,322,HUN,5:22,8
Action shot - Goal,6.0,4,2,HUN,3.0,STEFFENS M,9 - 2,294,USA,4:54,9
5m shot - Post,12.0,4,2,HUN,3.0,MENCZINGER K,9 - 2,264,HUN,4:24,9
Turnover foul,6.0,4,2,HUN,3.0,STEFFENS M,9 - 2,245,USA,4:05,9
Steal,8.0,4,2,HUN,3.0,KESZTHELYI R,9 - 2,245,HUN,4:05,9
5m shot - Post,8.0,4,2,HUN,3.0,KESZTHELYI R,9 - 2,221,HUN,3:41,9
20 sec. exclusion in field,4.0,4,2,HUN,3.0,KISTELEKI D,9 - 2,204,HUN,3:24,9
Action shot - Goal,4.0,4,2,HUN,3.0,FATTAL R,10 - 2,184,USA,3:04,10
Time-Out,,4,2,HUN,3.0,,10 - 2,184,HUN,3:04,10
Action shot - Saved,4.0,4,2,HUN,3.0,KISTELEKI D,10 - 2,154,HUN,2:34,10
Turnover foul,11.0,4,2,HUN,3.0,FISCHER M,10 - 2,137,USA,2:17,10
Steal,8.0,4,2,HUN,3.0,KESZTHELYI R,10 - 2,137,HUN,2:17,10
Action shot - Goal,2.0,4,3,HUN,3.0,CZIGANY D,10 - 3,115,HUN,1:55,10
20 sec. exclusion in field,6.0,4,3,HUN,3.0,TAKACS O,10 - 3,96,HUN,1:36,10
Action shot - Saved,6.0,4,3,HUN,3.0,STEFFENS M,10 - 3,75,USA,1:15,10
Action shot - Goal,3.0,4,3,HUN,3.0,SEIDEMANN M,11 - 3,73,USA,1:13,11
Action shot - Blocked,7.0,4,3,HUN,3.0,ILLES A,11 - 3,46,HUN,0:46,11
Time-Out,,4,3,HUN,3.0,,11 - 3,42,USA,0:42,11
Turnover foul,11.0,4,3,HUN,3.0,FISCHER M,11 - 3,18,USA,0:18,11
Turnover foul,6.0,4,3,HUN,3.0,TAKACS O,11 - 3,3,HUN,0:03,11
Steal,2.0,4,3,HUN,3.0,MUSSELMAN M,11 - 3,3,USA,0:03,11
Starting goalkeeper,13.0,4,3,HUN,4.0,JOHNSON A,11 - 3,480,USA,8:00,11
Starting goalkeeper,1.0,4,3,HUN,4.0,BOLONYAI F,11 - 3,480,HUN,8:00,11
Sprint won possession,8.0,4,3,HUN,4.0,KESZTHELYI R,11 - 3,480,HUN,8:00,11
20 sec. exclusion in centre,5.0,4,3,HUN,4.0,WILLIAMS A,11 - 3,467,USA,7:47,11
Extra player shot - Goal,8.0,4,4,HUN,4.0,KESZTHELYI R,11 - 4,447,HUN,7:27,11
20 sec. exclusion in centre,7.0,4,4,HUN,4.0,ILLES A,11 - 4,432,HUN,7:12,11
Centre shot - Saved,9.0,4,4,HUN,4.0,GROSSMAN A,11 - 4,401,USA,6:41,11
Turnover foul,9.0,4,4,HUN,4.0,TOTH I,11 - 4,379,HUN,6:19,11
Turnover foul,11.0,4,4,HUN,4.0,FISCHER M,11 - 4,349,USA,5:49,11
Turnover foul,2.0,4,4,HUN,4.0,CZIGANY D,11 - 4,337,HUN,5:37,11
Action shot - Goal,2.0,4,5,HUN,4.0,CZIGANY D,11 - 5,285,HUN,4:45,11
20 sec. exclusion in centre,11.0,4,5,HUN,4.0,GARDA K,11 - 5,267,HUN,4:27,11
Action shot - Blocked,4.0,4,5,HUN,4.0,FATTAL R,11 - 5,244,USA,4:04,11
Turnover foul,10.0,4,5,HUN,4.0,BUJKA B,11 - 5,223,HUN,3:43,11
Steal,3.0,4,5,HUN,4.0,SEIDEMANN M,11 - 5,223,USA,3:43,11
Time-Out,,4,5,HUN,4.0,,11 - 5,180,HUN,3:00,11
20 sec. exclusion in field,3.0,4,5,HUN,4.0,SEIDEMANN M,11 - 5,170,USA,2:50,11
Action shot - Goal,12.0,4,6,HUN,4.0,MENCZINGER K,11 - 6,147,HUN,2:27,11
Turnover foul,3.0,4,6,HUN,4.0,SEIDEMANN M,11 - 6,124,USA,2:04,11
Turnover foul,9.0,4,6,HUN,4.0,TOTH I,11 - 6,107,HUN,1:47,11
Steal,13.0,4,6,HUN,4.0,JOHNSON A,11 - 6,107,USA,1:47,11
Time-Out,,4,6,HUN,4.0,,11 - 6,101,USA,1:41,11
Turnover foul,10.0,4,6,HUN,4.0,GILCHRIST K,11 - 6,79,USA,1:19,11
Steal,2.0,4,6,HUN,4.0,CZIGANY D,11 - 6,79,HUN,1:19,11
Penalty foul,2.0,4,6,HUN,4.0,MUSSELMAN M,11 - 6,67,USA,1:07,11
Penalty shot - Goal,8.0,4,7,HUN,4.0,KESZTHELYI R,11 - 7,67,HUN,1:07,11
Action shot - Goal,9.0,4,7,HUN,4.0,GROSSMAN A,12 - 7,38,USA,0:38,12
5m shot - Missed,8.0,4,7,HUN,4.0,KESZTHELYI R,12 - 7,14,HUN,0:14,12
Starting goalkeeper,1.0,5,0,ESP,1.0,ESTER L,0 - 0,480,ESP,8:00,0
Starting goalkeeper,13.0,5,0,ESP,1.0,JOHNSON A,0 - 0,480,USA,8:00,0
Sprint won possession,6.0,5,0,ESP,1.0,PAREJA J,0 - 0,480,ESP,8:00,0
Turnover foul,11.0,5,0,ESP,1.0,GARCIA M,0 - 0,451,ESP,7:31,0
Counter attack - Goal,8.0,5,0,ESP,1.0,NEUSHUL K,0 - 1,434,USA,7:14,1
Turnover foul,10.0,5,0,ESP,1.0,TARRAGO R,0 - 1,411,ESP,6:51,1
Steal,12.0,5,0,ESP,1.0,CRAIG K,0 - 1,411,USA,6:51,1
Turnover foul,6.0,5,0,ESP,1.0,STEFFENS M,0 - 1,396,USA,6:36,1
Action shot - Post,10.0,5,0,ESP,1.0,TARRAGO R,0 - 1,375,ESP,6:15,1
Action shot - Post,4.0,5,0,ESP,1.0,FATTAL R,0 - 1,353,USA,5:53,1
5m shot - Post,10.0,5,0,ESP,1.0,TARRAGO R,0 - 1,326,ESP,5:26,1
20 sec. exclusion in centre,6.0,5,0,ESP,1.0,PAREJA J,0 - 1,306,ESP,5:06,1
Extra player shot - Post,4.0,5,0,ESP,1.0,FATTAL R,0 - 1,290,USA,4:50,1
5m shot - Saved,8.0,5,0,ESP,1.0,PENA P,0 - 1,261,ESP,4:21,1
Action shot - Blocked,8.0,5,0,ESP,1.0,NEUSHUL K,0 - 1,230,USA,3:50,1
20 sec. exclusion in centre,3.0,5,0,ESP,1.0,SEIDEMANN M,0 - 1,209,USA,3:29,1
20 sec. exclusion in centre,7.0,5,0,ESP,1.0,MATHEWSON C,0 - 1,195,USA,3:15,1
Turnover foul,10.0,5,0,ESP,1.0,TARRAGO R,0 - 1,184,ESP,3:04,1
Time-Out,,5,0,ESP,1.0,,0 - 1,184,USA,3:04,1
20 sec. exclusion in centre,4.0,5,0,ESP,1.0,LEITON P,0 - 1,173,ESP,2:53,1
Action shot - Blocked,6.0,5,0,ESP,1.0,STEFFENS M,0 - 1,148,USA,2:28,1
Turnover foul,10.0,5,0,ESP,1.0,TARRAGO R,0 - 1,120,ESP,2:00,1
Action shot - Saved,6.0,5,0,ESP,1.0,STEFFENS M,0 - 1,98,USA,1:38,1
Action shot - Saved,3.0,5,0,ESP,1.0,ESPAR A,0 - 1,69,ESP,1:09,1
Action shot - Goal,10.0,5,0,ESP,1.0,GILCHRIST K,0 - 2,58,USA,0:58,2
20 sec. exclusion in field,11.0,5,0,ESP,1.0,FISCHER M,0 - 2,37,USA,0:37,2
Time-Out,,5,0,ESP,1.0,,0 - 2,37,ESP,0:37,2
Centre shot - Saved,11.0,5,0,ESP,1.0,GARCIA M,0 - 2,6,ESP,0:06,2
5m shot - Saved,11.0,5,0,ESP,1.0,FISCHER M,0 - 2,1,USA,0:01,2
Starting goalkeeper,1.0,5,0,ESP,2.0,ESTER L,0 - 2,480,ESP,8:00,2
Starting goalkeeper,13.0,5,0,ESP,2.0,JOHNSON A,0 - 2,480,USA,8:00,2
Sprint won possession,6.0,5,0,ESP,2.0,PAREJA J,0 - 2,480,ESP,8:00,2
20 sec. exclusion in centre,6.0,5,0,ESP,2.0,STEFFENS M,0 - 2,467,USA,7:47,2
Action shot - Saved,11.0,5,0,ESP,2.0,GARCIA M,0 - 2,444,ESP,7:24,2
20 sec. exclusion in centre,11.0,5,0,ESP,2.0,GARCIA M,0 - 2,425,ESP,7:05,2
Action shot - Goal,4.0,5,0,ESP,2.0,FATTAL R,0 - 3,405,USA,6:45,3
Turnover foul,12.0,5,0,ESP,2.0,LOPEZ L,0 - 3,375,ESP,6:15,3
Turnover foul,8.0,5,0,ESP,2.0,NEUSHUL K,0 - 3,347,USA,5:47,3
Steal,3.0,5,0,ESP,2.0,ESPAR A,0 - 3,347,ESP,5:47,3
20 sec. exclusion in centre,5.0,5,0,ESP,2.0,WILLIAMS A,0 - 3,324,USA,5:24,3
Extra player shot - Goal,3.0,5,1,ESP,2.0,ESPAR A,1 - 3,307,ESP,5:07,3
20 sec. exclusion in centre,5.0,5,1,ESP,2.0,ORTIZ M,1 - 3,289,ESP,4:49,3
Turnover foul,8.0,5,1,ESP,2.0,NEUSHUL K,1 - 3,276,USA,4:36,3
20 sec. exclusion in centre,10.0,5,1,ESP,2.0,GILCHRIST K,1 - 3,248,USA,4:08,3
Extra player shot - Post,6.0,5,1,ESP,2.0,PAREJA J,1 - 3,232,ESP,3:52,3
Penalty foul,3.0,5,1,ESP,2.0,ESPAR A,1 - 3,216,ESP,3:36,3
Penalty shot - Goal,6.0,5,1,ESP,2.0,STEFFENS M,1 - 4,216,USA,3:36,4
Turnover foul,10.0,5,1,ESP,2.0,TARRAGO R,1 - 4,193,ESP,3:13,4
Steal,8.0,5,1,ESP,2.0,NEUSHUL K,1 - 4,193,USA,3:13,4
20 sec. exclusion in centre,9.0,5,1,ESP,2.0,FORCA J,1 - 4,169,ESP,2:49,4
Time-Out,,5,1,ESP,2.0,,1 - 4,169,USA,2:49,4
Action shot - Goal,8.0,5,1,ESP,2.0,NEUSHUL K,1 - 5,143,USA,2:23,5
Turnover foul,6.0,5,1,ESP,2.0,PAREJA J,1 - 5,125,ESP,2:05,5
Steal,13.0,5,1,ESP,2.0,JOHNSON A,1 - 5,125,USA,2:05,5
20 sec. exclusion in centre,11.0,5,1,ESP,2.0,GARCIA M,1 - 5,107,ESP,1:47,5
Action shot - Saved,8.0,5,1,ESP,2.0,NEUSHUL K,1 - 5,80,USA,1:20,5
5m shot - Saved,12.0,5,1,ESP,2.0,LOPEZ L,1 - 5,50,ESP,0:50,5
Turnover foul,6.0,5,1,ESP,2.0,STEFFENS M,1 - 5,37,USA,0:37,5
Time-Out,,5,1,ESP,2.0,,1 - 5,37,ESP,0:37,5
5m shot - Saved,9.0,5,1,ESP,2.0,FORCA J,1 - 5,21,ESP,0:21,5
Action shot - Goal,9.0,5,2,ESP,2.0,FORCA J,2 - 5,11,ESP,0:11,5
Turnover foul,10.0,5,2,ESP,2.0,GILCHRIST K,2 - 5,3,USA,0:03,5
Starting goalkeeper,1.0,5,2,ESP,3.0,ESTER L,2 - 5,480,ESP,8:00,5
Starting goalkeeper,13.0,5,2,ESP,3.0,JOHNSON A,2 - 5,480,USA,8:00,5
Sprint won possession,6.0,5,2,ESP,3.0,PAREJA J,2 - 5,480,ESP,8:00,5
Turnover foul,3.0,5,2,ESP,3.0,ESPAR A,2 - 5,451,ESP,7:31,5
Action shot - Missed,2.0,5,2,ESP,3.0,MUSSELMAN M,2 - 5,421,USA,7:01,5
Action shot - Blocked,9.0,5,2,ESP,3.0,FORCA J,2 - 5,395,ESP,6:35,5
Turnover foul,8.0,5,2,ESP,3.0,NEUSHUL K,2 - 5,381,USA,6:21,5
Centre shot - Saved,3.0,5,2,ESP,3.0,ESPAR A,2 - 5,351,ESP,5:51,5
Turnover foul,4.0,5,2,ESP,3.0,FATTAL R,2 - 5,323,USA,5:23,5
Turnover foul,9.0,5,2,ESP,3.0,FORCA J,2 - 5,308,ESP,5:08,5
Turnover foul,6.0,5,2,ESP,3.0,STEFFENS M,2 - 5,308,USA,5:08,5
20 sec. exclusion in centre,8.0,5,2,ESP,3.0,NEUSHUL K,2 - 5,295,USA,4:55,5
Extra player shot - Goal,4.0,5,3,ESP,3.0,LEITON P,3 - 5,293,ESP,4:53,5
Action shot - Blocked,6.0,5,3,ESP,3.0,STEFFENS M,3 - 5,263,USA,4:23,5
Action shot - Saved,6.0,5,3,ESP,3.0,PAREJA J,3 - 5,230,ESP,3:50,5
Turnover foul,3.0,5,3,ESP,3.0,SEIDEMANN M,3 - 5,209,USA,3:29,5
Action shot - Goal,3.0,5,4,ESP,3.0,ESPAR A,4 - 5,188,ESP,3:08,5
Action shot - Saved,3.0,5,4,ESP,3.0,SEIDEMANN M,4 - 5,161,USA,2:41,5
5m shot - Saved,6.0,5,4,ESP,3.0,PAREJA J,4 - 5,132,ESP,2:12,5
Action shot - Blocked,8.0,5,4,ESP,3.0,NEUSHUL K,4 - 5,105,USA,1:45,5
20 sec. exclusion in centre,5.0,5,4,ESP,3.0,ORTIZ M,4 - 5,98,ESP,1:38,5
Action shot - Goal,12.0,5,4,ESP,3.0,CRAIG K,4 - 6,74,USA,1:14,6
20 sec. exclusion in centre,8.0,5,4,ESP,3.0,NEUSHUL K,4 - 6,63,USA,1:03,6
Action shot - Saved,6.0,5,4,ESP,3.0,PAREJA J,4 - 6,37,ESP,0:37,6
Time-Out,,5,4,ESP,3.0,,4 - 6,32,USA,0:32,6
Turnover foul,6.0,5,4,ESP,3.0,STEFFENS M,4 - 6,6,USA,0:06,6
Steal,10.0,5,4,ESP,3.0,TARRAGO R,4 - 6,6,ESP,0:06,6
Time-Out,,5,4,ESP,3.0,,4 - 6,6,ESP,0:06,6
Action shot - Blocked,10.0,5,4,ESP,3.0,TARRAGO R,4 - 6,0,ESP,0:00,6
Starting goalkeeper,1.0,5,4,ESP,4.0,ESTER L,4 - 6,480,ESP,8:00,6
Starting goalkeeper,13.0,5,4,ESP,4.0,JOHNSON A,4 - 6,480,USA,8:00,6
Sprint won possession,6.0,5,4,ESP,4.0,PAREJA J,4 - 6,480,ESP,8:00,6
Action shot - Saved,10.0,5,4,ESP,4.0,TARRAGO R,4 - 6,450,ESP,7:30,6
Turnover foul,12.0,5,4,ESP,4.0,CRAIG K,4 - 6,431,USA,7:11,6
Action shot - Blocked,12.0,5,4,ESP,4.0,LOPEZ L,4 - 6,414,ESP,6:54,6
Counter attack - Saved,12.0,5,4,ESP,4.0,CRAIG K,4 - 6,399,USA,6:39,6
20 sec. exclusion in centre,3.0,5,4,ESP,4.0,ESPAR A,4 - 6,371,ESP,6:11,6
Action shot - Goal,11.0,5,5,ESP,4.0,GARCIA M,5 - 6,348,ESP,5:48,6
Action shot - Goal,4.0,5,5,ESP,4.0,FATTAL R,5 - 7,321,USA,5:21,7
20 sec. exclusion in centre,4.0,5,5,ESP,4.0,FATTAL R,5 - 7,300,USA,5:00,7
Extra player shot - Saved,9.0,5,5,ESP,4.0,FORCA J,5 - 7,281,ESP,4:41,7
Counter attack - Goal,7.0,5,5,ESP,4.0,MATHEWSON C,5 - 8,266,USA,4:26,8
Action shot - Saved,3.0,5,5,ESP,4.0,ESPAR A,5 - 8,233,ESP,3:53,8
20 sec. exclusion in field,11.0,5,5,ESP,4.0,GARCIA M,5 - 8,231,ESP,3:51,8
Exclusion with substitution,11.0,5,5,ESP,4.0,GARCIA M,5 - 8,231,ESP,3:51,8
Extra player shot - Saved,4.0,5,5,ESP,4.0,FATTAL R,5 - 8,208,USA,3:28,8
Time-Out,,5,5,ESP,4.0,,5 - 8,208,ESP,3:28,8
Action shot - Saved,3.0,5,5,ESP,4.0,ESPAR A,5 - 8,185,ESP,3:05,8
5m shot - Blocked,10.0,5,5,ESP,4.0,GILCHRIST K,5 - 8,154,USA,2:34,8
Turnover foul,12.0,5,5,ESP,4.0,LOPEZ L,5 - 8,133,ESP,2:13,8
Steal,13.0,5,5,ESP,4.0,JOHNSON A,5 - 8,133,USA,2:13,8
Turnover foul,8.0,5,5,ESP,4.0,NEUSHUL K,5 - 8,111,USA,1:51,8
Steal,1.0,5,5,ESP,4.0,ESTER L,5 - 8,111,ESP,1:51,8
5m shot - Saved,10.0,5,5,ESP,4.0,TARRAGO R,5 - 8,82,ESP,1:22,8
Turnover foul,8.0,5,5,ESP,4.0,PENA P,5 - 8,76,ESP,1:16,8
20 sec. exclusion in centre,11.0,5,5,ESP,4.0,FISCHER M,5 - 8,76,USA,1:16,8
Time-Out,,5,5,ESP,4.0,,5 - 8,67,USA,1:07,8
Turnover foul,6.0,5,5,ESP,4.0,STEFFENS M,5 - 8,37,USA,0:37,8
Steal,12.0,5,5,ESP,4.0,LOPEZ L,5 - 8,37,ESP,0:37,8
Turnover foul,3.0,5,5,ESP,4.0,ESPAR A,5 - 8,18,ESP,0:18,8
Starting goalkeeper,13.0,6,0,AUS,1.0,JOHNSON A,0 - 0,480,USA,8:00,0
Starting goalkeeper,1.0,6,0,AUS,1.0,YANITSAS L,0 - 0,480,AUS,8:00,0
Sprint won possession,12.0,6,0,AUS,1.0,ZAGAME N,0 - 0,480,AUS,8:00,0
Action shot - Blocked,8.0,6,0,AUS,1.0,MCGHIE G,0 - 0,452,AUS,7:32,0
Action shot - Goal,12.0,6,0,AUS,1.0,CRAIG K,1 - 0,427,USA,7:07,1
Action shot - Post,5.0,6,0,AUS,1.0,GOFERS K,1 - 0,401,AUS,6:41,1
Turnover foul,3.0,6,0,AUS,1.0,BUCKLING H,1 - 0,377,AUS,6:17,1
Steal,3.0,6,0,AUS,1.0,SEIDEMANN M,1 - 0,377,USA,6:17,1
Turnover foul,4.0,6,0,AUS,1.0,FATTAL R,1 - 0,338,USA,5:38,1
20 sec. exclusion in centre,4.0,6,0,AUS,1.0,FATTAL R,1 - 0,330,USA,5:30,1
Action shot - Post,12.0,6,0,AUS,1.0,ZAGAME N,1 - 0,306,AUS,5:06,1
Turnover foul,8.0,6,0,AUS,1.0,NEUSHUL K,1 - 0,281,USA,4:41,1
20 sec. exclusion in centre,3.0,6,0,AUS,1.0,SEIDEMANN M,1 - 0,268,USA,4:28,1
Extra player shot - Goal,5.0,6,1,AUS,1.0,GOFERS K,1 - 1,252,AUS,4:12,1
Turnover foul,6.0,6,1,AUS,1.0,STEFFENS M,1 - 1,224,USA,3:44,1
Turnover foul,12.0,6,1,AUS,1.0,ZAGAME N,1 - 1,203,AUS,3:23,1
Steal,13.0,6,1,AUS,1.0,JOHNSON A,1 - 1,203,USA,3:23,1
Action shot - Saved,9.0,6,1,AUS,1.0,GROSSMAN A,1 - 1,190,USA,3:10,1
Action shot - Goal,4.0,6,2,AUS,1.0,LINCOLN-SMITH H,1 - 2,171,AUS,2:51,1
Turnover foul,2.0,6,2,AUS,1.0,MUSSELMAN M,1 - 2,152,USA,2:32,1
Steal,4.0,6,2,AUS,1.0,LINCOLN-SMITH H,1 - 2,152,AUS,2:32,1
Turnover foul,9.0,6,2,AUS,1.0,ARANCINI Z,1 - 2,133,AUS,2:13,1
Action shot - Goal,2.0,6,2,AUS,1.0,MUSSELMAN M,2 - 2,104,USA,1:44,2
Action shot - Saved,8.0,6,2,AUS,1.0,MCGHIE G,2 - 2,74,AUS,1:14,2
5m shot - Saved,10.0,6,2,AUS,1.0,GILCHRIST K,2 - 2,47,USA,0:47,2
Time-Out,,6,2,AUS,1.0,,2 - 2,30,AUS,0:30,2
Action shot - Missed,10.0,6,2,AUS,1.0,SOUTHERN A,2 - 2,14,AUS,0:14,2
Time-Out,,6,2,AUS,1.0,,2 - 2,13,USA,0:13,2
Action shot - Blocked,8.0,6,2,AUS,1.0,NEUSHUL K,2 - 2,0,USA,0:00,2
Starting goalkeeper,13.0,6,2,AUS,2.0,JOHNSON A,2 - 2,480,USA,8:00,2
Starting goalkeeper,1.0,6,2,AUS,2.0,YANITSAS L,2 - 2,480,AUS,8:00,2
Sprint won possession,12.0,6,2,AUS,2.0,ZAGAME N,2 - 2,480,AUS,8:00,2
20 sec. exclusion in centre,7.0,6,2,AUS,2.0,MATHEWSON C,2 - 2,450,USA,7:30,2
Extra player shot - Post,6.0,6,2,AUS,2.0,KNOX B,2 - 2,429,AUS,7:09,2
Action shot - Goal,12.0,6,3,AUS,2.0,ZAGAME N,2 - 3,424,AUS,7:04,2
5m shot - Blocked,4.0,6,3,AUS,2.0,FATTAL R,2 - 3,401,USA,6:41,2
Turnover foul,2.0,6,3,AUS,2.0,BEADSWORTH G,2 - 3,372,AUS,6:12,2
20 sec. exclusion in field,7.0,6,3,AUS,2.0,WEBSTER R,2 - 3,370,AUS,6:10,2
Action shot - Goal,6.0,6,3,AUS,2.0,STEFFENS M,3 - 3,346,USA,5:46,3
5m shot - Saved,3.0,6,3,AUS,2.0,BUCKLING H,3 - 3,325,AUS,5:25,3
Counter attack - Goal,11.0,6,3,AUS,2.0,FISCHER M,4 - 3,307,USA,5:07,4
5m shot - Blocked,8.0,6,3,AUS,2.0,MCGHIE G,4 - 3,277,AUS,4:37,4
Turnover foul,11.0,6,3,AUS,2.0,FISCHER M,4 - 3,245,USA,4:05,4
Steal,5.0,6,3,AUS,2.0,GOFERS K,4 - 3,245,AUS,4:05,4
Centre shot - Goal,10.0,6,4,AUS,2.0,SOUTHERN A,4 - 4,221,AUS,3:41,4
5m shot - Missed,4.0,6,4,AUS,2.0,FATTAL R,4 - 4,196,USA,3:16,4
Action shot - Goal,8.0,6,5,AUS,2.0,MCGHIE G,4 - 5,171,AUS,2:51,4
Centre shot - Missed,12.0,6,5,AUS,2.0,CRAIG K,4 - 5,140,USA,2:20,4
Action shot - Saved,7.0,6,5,AUS,2.0,WEBSTER R,4 - 5,113,AUS,1:53,4
Centre shot - Missed,8.0,6,5,AUS,2.0,NEUSHUL K,4 - 5,96,USA,1:36,4
Time-Out,,6,5,AUS,2.0,,4 - 5,96,AUS,1:36,4
Turnover foul,8.0,6,5,AUS,2.0,MCGHIE G,4 - 5,68,AUS,1:08,4
Steal,8.0,6,5,AUS,2.0,NEUSHUL K,4 - 5,68,USA,1:08,4
Action shot - Post,7.0,6,5,AUS,2.0,MATHEWSON C,4 - 5,43,USA,0:43,4
Time-Out,,6,5,AUS,2.0,,4 - 5,10,USA,0:10,4
5m shot - Goal,4.0,6,5,AUS,2.0,FATTAL R,5 - 5,1,USA,0:01,5
Starting goalkeeper,13.0,6,5,AUS,3.0,JOHNSON A,5 - 5,480,USA,8:00,5
Starting goalkeeper,1.0,6,5,AUS,3.0,YANITSAS L,5 - 5,480,AUS,8:00,5
Sprint won possession,4.0,6,5,AUS,3.0,FATTAL R,5 - 5,480,USA,8:00,5
5m shot - Saved,8.0,6,5,AUS,3.0,NEUSHUL K,5 - 5,454,USA,7:34,5
Turnover foul,7.0,6,5,AUS,3.0,WEBSTER R,5 - 5,422,AUS,7:02,5
Steal,4.0,6,5,AUS,3.0,FATTAL R,5 - 5,422,USA,7:02,5
Turnover foul,6.0,6,5,AUS,3.0,STEFFENS M,5 - 5,400,USA,6:40,5
Turnover foul,10.0,6,5,AUS,3.0,SOUTHERN A,5 - 5,390,AUS,6:30,5
Action shot - Goal,6.0,6,5,AUS,3.0,STEFFENS M,6 - 5,370,USA,6:10,6
Turnover foul,6.0,6,5,AUS,3.0,KNOX B,6 - 5,353,AUS,5:53,6
Turnover foul,12.0,6,5,AUS,3.0,CRAIG K,6 - 5,337,USA,5:37,6
Action shot - Saved,8.0,6,5,AUS,3.0,MCGHIE G,6 - 5,309,AUS,5:09,6
5m shot - Missed,7.0,6,5,AUS,3.0,MATHEWSON C,6 - 5,291,USA,4:51,6
5m shot - Missed,10.0,6,5,AUS,3.0,SOUTHERN A,6 - 5,271,AUS,4:31,6
Action shot - Missed,8.0,6,5,AUS,3.0,NEUSHUL K,6 - 5,247,USA,4:07,6
20 sec. exclusion in field,8.0,6,5,AUS,3.0,NEUSHUL K,6 - 5,246,USA,4:06,6
Time-Out,,6,5,AUS,3.0,,6 - 5,246,AUS,4:06,6
Turnover foul,9.0,6,5,AUS,3.0,ARANCINI Z,6 - 5,216,AUS,3:36,6
20 sec. exclusion in field,3.0,6,5,AUS,3.0,BUCKLING H,6 - 5,206,AUS,3:26,6
Action shot - Post,7.0,6,5,AUS,3.0,MATHEWSON C,6 - 5,178,USA,2:58,6
Action shot - Post,2.0,6,5,AUS,3.0,BEADSWORTH G,6 - 5,147,AUS,2:27,6
Time-Out,,6,5,AUS,3.0,,6 - 5,143,USA,2:23,6
Turnover foul,9.0,6,5,AUS,3.0,GROSSMAN A,6 - 5,131,USA,2:11,6
20 sec. exclusion in field,8.0,6,5,AUS,3.0,NEUSHUL K,6 - 5,129,USA,2:09,6
Action shot - Blocked,10.0,6,5,AUS,3.0,SOUTHERN A,6 - 5,102,AUS,1:42,6
20 sec. exclusion in centre,10.0,6,5,AUS,3.0,SOUTHERN A,6 - 5,85,AUS,1:25,6
Turnover foul,2.0,6,5,AUS,3.0,MUSSELMAN M,6 - 5,62,USA,1:02,6
5m shot - Saved,8.0,6,5,AUS,3.0,MCGHIE G,6 - 5,36,AUS,0:36,6
Turnover foul,4.0,6,5,AUS,3.0,FATTAL R,6 - 5,6,USA,0:06,6
Steal,5.0,6,5,AUS,3.0,GOFERS K,6 - 5,6,AUS,0:06,6
Starting goalkeeper,13.0,6,5,AUS,4.0,JOHNSON A,6 - 5,480,USA,8:00,6
Starting goalkeeper,1.0,6,5,AUS,4.0,YANITSAS L,6 - 5,480,AUS,8:00,6
Sprint won possession,4.0,6,5,AUS,4.0,FATTAL R,6 - 5,480,USA,8:00,6
5m shot - Goal,4.0,6,5,AUS,4.0,FATTAL R,7 - 5,451,USA,7:31,7
Turnover foul,10.0,6,5,AUS,4.0,SOUTHERN A,7 - 5,426,AUS,7:06,7
Steal,13.0,6,5,AUS,4.0,JOHNSON A,7 - 5,426,USA,7:06,7
5m shot - Blocked,6.0,6,5,AUS,4.0,STEFFENS M,7 - 5,398,USA,6:38,7
Turnover foul,4.0,6,5,AUS,4.0,FATTAL R,7 - 5,367,USA,6:07,7
Steal,2.0,6,5,AUS,4.0,BEADSWORTH G,7 - 5,367,AUS,6:07,7
Turnover foul,6.0,6,5,AUS,4.0,KNOX B,7 - 5,337,AUS,5:37,7
Steal,4.0,6,5,AUS,4.0,FATTAL R,7 - 5,337,USA,5:37,7
Turnover foul,10.0,6,5,AUS,4.0,GILCHRIST K,7 - 5,322,USA,5:22,7
5m shot - Saved,10.0,6,5,AUS,4.0,SOUTHERN A,7 - 5,291,AUS,4:51,7
20 sec. exclusion in field,2.0,6,5,AUS,4.0,BEADSWORTH G,7 - 5,287,AUS,4:47,7
Time-Out,,6,5,AUS,4.0,,7 - 5,283,USA,4:43,7
5m shot - Blocked,6.0,6,5,AUS,4.0,STEFFENS M,7 - 5,262,USA,4:22,7
5m shot - Saved,6.0,6,5,AUS,4.0,KNOX B,7 - 5,231,AUS,3:51,7
Turnover foul,3.0,6,5,AUS,4.0,SEIDEMANN M,7 - 5,199,USA,3:19,7
Steal,10.0,6,5,AUS,4.0,SOUTHERN A,7 - 5,199,AUS,3:19,7
Turnover foul,4.0,6,5,AUS,4.0,LINCOLN-SMITH H,7 - 5,194,AUS,3:14,7
5m shot - Goal,3.0,6,5,AUS,4.0,SEIDEMANN M,8 - 5,168,USA,2:48,8
Time-Out,,6,5,AUS,4.0,,8 - 5,168,AUS,2:48,8
Penalty foul,4.0,6,5,AUS,4.0,FATTAL R,8 - 5,143,USA,2:23,8
Penalty shot - Saved,9.0,6,5,AUS,4.0,ARANCINI Z,8 - 5,143,AUS,2:23,8
Turnover foul,6.0,6,5,AUS,4.0,STEFFENS M,8 - 5,122,USA,2:02,8
Counter attack - Saved,3.0,6,5,AUS,4.0,BUCKLING H,8 - 5,116,AUS,1:56,8
Turnover foul,8.0,6,5,AUS,4.0,NEUSHUL K,8 - 5,89,USA,1:29,8
20 sec. exclusion in centre,11.0,6,5,AUS,4.0,FISCHER M,8 - 5,82,USA,1:22,8
Extra player shot - Goal,9.0,6,6,AUS,4.0,ARANCINI Z,8 - 6,70,AUS,1:10,8
5m shot - Saved,10.0,6,6,AUS,4.0,SOUTHERN A,8 - 6,25,AUS,0:25,8
Starting goalkeeper,13.0,7,0,NED,1.0,JOHNSON A,0 - 0,480,USA,8:00,0
Starting goalkeeper,1.0,7,0,NED,1.0,AARTS L,0 - 0,480,NED,8:00,0
Sprint won possession,8.0,7,0,NED,1.0,NEUSHUL K,0 - 0,480,USA,8:00,0
Turnover foul,7.0,7,0,NED,1.0,MATHEWSON C,0 - 0,451,USA,7:31,0
Steal,4.0,7,0,NED,1.0,VAN DER SLOOT C,0 - 0,451,NED,7:31,0
Action shot - Saved,8.0,7,0,NED,1.0,SEVENICH V,0 - 0,422,NED,7:02,0
5m shot - Missed,3.0,7,0,NED,1.0,SEIDEMANN M,0 - 0,396,USA,6:36,0
20 sec. exclusion in field,8.0,7,0,NED,1.0,NEUSHUL K,0 - 0,391,USA,6:31,0
Action shot - Post,4.0,7,0,NED,1.0,VAN DER SLOOT C,0 - 0,365,NED,6:05,0
Turnover foul,6.0,7,0,NED,1.0,STEFFENS M,0 - 0,335,USA,5:35,0
5m shot - Missed,11.0,7,0,NED,1.0,KLAASSEN L,0 - 0,314,NED,5:14,0
Centre shot - Saved,12.0,7,0,NED,1.0,CRAIG K,0 - 0,288,USA,4:48,0
5m shot - Saved,6.0,7,0,NED,1.0,STOMPHORST N,0 - 0,257,NED,4:17,0
20 sec. exclusion in centre,4.0,7,0,NED,1.0,VAN DER SLOOT C,0 - 0,232,NED,3:52,0
Extra player shot - Saved,7.0,7,0,NED,1.0,MATHEWSON C,0 - 0,219,USA,3:39,0
5m shot - Saved,9.0,7,0,NED,1.0,MEGENS M,0 - 0,194,NED,3:14,0
5m shot - Post,11.0,7,0,NED,1.0,KLAASSEN L,0 - 0,179,NED,2:59,0
Turnover foul,12.0,7,0,NED,1.0,CRAIG K,0 - 0,162,USA,2:42,0
Turnover foul,8.0,7,0,NED,1.0,SEVENICH V,0 - 0,138,NED,2:18,0
Turnover foul,6.0,7,0,NED,1.0,STEFFENS M,0 - 0,129,USA,2:09,0
Action shot - Goal,2.0,7,1,NED,1.0,SMIT M,0 - 1,119,NED,1:59,0
5m shot - Saved,2.0,7,1,NED,1.0,MUSSELMAN M,0 - 1,89,USA,1:29,0
Turnover foul,5.0,7,1,NED,1.0,GENEE A,0 - 1,88,NED,1:28,0
20 sec. exclusion in centre,3.0,7,1,NED,1.0,GENEE D,0 - 1,83,NED,1:23,0
Time-Out,,7,1,NED,1.0,,0 - 1,74,USA,1:14,0
Action shot - Saved,11.0,7,1,NED,1.0,FISCHER M,0 - 1,55,USA,0:55,0
Action shot - Saved,5.0,7,1,NED,1.0,GENEE A,0 - 1,27,NED,0:27,0
20 sec. exclusion in centre,7.0,7,1,NED,1.0,NIJHUIS M,0 - 1,4,NED,0:04,0
Starting goalkeeper,13.0,7,1,NED,2.0,JOHNSON A,0 - 1,480,USA,8:00,0
Starting goalkeeper,1.0,7,1,NED,2.0,AARTS L,0 - 1,480,NED,8:00,0
Sprint won possession,4.0,7,1,NED,2.0,VAN DER SLOOT C,0 - 1,480,NED,8:00,0
Turnover foul,5.0,7,1,NED,2.0,GENEE A,0 - 1,449,NED,7:29,0
20 sec. exclusion in field,8.0,7,1,NED,2.0,SEVENICH V,0 - 1,444,NED,7:24,0
Extra player shot - Post,11.0,7,1,NED,2.0,FISCHER M,0 - 1,423,USA,7:03,0
Action shot - Goal,4.0,7,1,NED,2.0,FATTAL R,1 - 1,420,USA,7:00,1
Action shot - Saved,2.0,7,1,NED,2.0,SMIT M,1 - 1,388,NED,6:28,1
Counter attack - Goal,2.0,7,1,NED,2.0,MUSSELMAN M,2 - 1,383,USA,6:23,2
20 sec. exclusion in centre,2.0,7,1,NED,2.0,MUSSELMAN M,2 - 1,372,USA,6:12,2
Extra player shot - Post,11.0,7,1,NED,2.0,FISCHER M,2 - 1,360,USA,6:00,2
5m shot - Blocked,6.0,7,1,NED,2.0,STEFFENS M,2 - 1,329,USA,5:29,2
20 sec. exclusion in centre,8.0,7,1,NED,2.0,SEVENICH V,2 - 1,318,NED,5:18,2
Extra player shot - Missed,10.0,7,1,NED,2.0,GILCHRIST K,2 - 1,308,USA,5:08,2
5m shot - Blocked,3.0,7,1,NED,2.0,GENEE D,2 - 1,277,NED,4:37,2
20 sec. exclusion in field,7.0,7,1,NED,2.0,NIJHUIS M,2 - 1,269,NED,4:29,2
Time-Out,,7,1,NED,2.0,,2 - 1,267,USA,4:27,2
5m shot - Missed,4.0,7,1,NED,2.0,FATTAL R,2 - 1,247,USA,4:07,2
Counter attack - Goal,11.0,7,2,NED,2.0,KLAASSEN L,2 - 2,235,NED,3:55,2
Turnover foul,12.0,7,2,NED,2.0,CRAIG K,2 - 2,210,USA,3:30,2
Turnover foul,4.0,7,2,NED,2.0,FATTAL R,2 - 2,154,USA,2:34,2
Steal,4.0,7,2,NED,2.0,VAN DER SLOOT C,2 - 2,154,NED,2:34,2
Turnover foul,10.0,7,2,NED,2.0,VAN TOORN I,2 - 2,129,NED,2:09,2
20 sec. exclusion in centre,3.0,7,2,NED,2.0,GENEE D,2 - 2,112,NED,1:52,2
Extra player shot - Post,6.0,7,2,NED,2.0,STEFFENS M,2 - 2,89,USA,1:29,2
Action shot - Saved,8.0,7,2,NED,2.0,NEUSHUL K,2 - 2,68,USA,1:08,2
Time-Out,,7,2,NED,2.0,,2 - 2,68,NED,1:08,2
Yellow card,,7,2,NED,2.0,Team Official,2 - 2,68,NED,1:08,2
Double exclusion,9.0,7,2,NED,2.0,GROSSMAN A,2 - 2,62,USA,1:02,2
Double exclusion,6.0,7,2,NED,2.0,STOMPHORST N,2 - 2,62,NED,1:02,2
5m shot - Saved,11.0,7,2,NED,2.0,KLAASSEN L,2 - 2,39,NED,0:39,2
Turnover foul,3.0,7,2,NED,2.0,SEIDEMANN M,2 - 2,27,USA,0:27,2
Turnover foul,1.0,7,2,NED,2.0,AARTS L,2 - 2,21,NED,0:21,2
Steal,13.0,7,2,NED,2.0,JOHNSON A,2 - 2,21,USA,0:21,2
20 sec. exclusion in field,3.0,7,2,NED,2.0,SEIDEMANN M,2 - 2,2,USA,0:02,2
Starting goalkeeper,13.0,7,2,NED,3.0,JOHNSON A,2 - 2,480,USA,8:00,2
Starting goalkeeper,1.0,7,2,NED,3.0,AARTS L,2 - 2,480,NED,8:00,2
Sprint won possession,4.0,7,2,NED,3.0,FATTAL R,2 - 2,480,USA,8:00,2
20 sec. exclusion in centre,2.0,7,2,NED,3.0,SMIT M,2 - 2,476,NED,7:56,2
Extra player shot - Goal,4.0,7,2,NED,3.0,FATTAL R,3 - 2,458,USA,7:38,3
Action shot - Saved,2.0,7,2,NED,3.0,SMIT M,3 - 2,433,NED,7:13,3
Action shot - Saved,7.0,7,2,NED,3.0,MATHEWSON C,3 - 2,417,USA,6:57,3
5m shot - Blocked,4.0,7,2,NED,3.0,VAN DER SLOOT C,3 - 2,385,NED,6:25,3
Turnover foul,11.0,7,2,NED,3.0,KLAASSEN L,3 - 2,381,NED,6:21,3
Action shot - Blocked,3.0,7,2,NED,3.0,SEIDEMANN M,3 - 2,358,USA,5:58,3
5m shot - Saved,9.0,7,2,NED,3.0,MEGENS M,3 - 2,326,NED,5:26,3
Turnover foul,3.0,7,2,NED,3.0,SEIDEMANN M,3 - 2,326,USA,5:26,3
20 sec. exclusion in centre,4.0,7,2,NED,3.0,FATTAL R,3 - 2,325,USA,5:25,3
Extra player shot - Goal,9.0,7,3,NED,3.0,MEGENS M,3 - 3,314,NED,5:14,3
Action shot - Goal,8.0,7,3,NED,3.0,NEUSHUL K,4 - 3,289,USA,4:49,4
Turnover foul,2.0,7,3,NED,3.0,SMIT M,4 - 3,260,NED,4:20,4
5m shot - Saved,11.0,7,3,NED,3.0,FISCHER M,4 - 3,231,USA,3:51,4
Turnover foul,7.0,7,3,NED,3.0,NIJHUIS M,4 - 3,206,NED,3:26,4
Time-Out,,7,3,NED,3.0,,4 - 3,204,USA,3:24,4
20 sec. exclusion in centre,5.0,7,3,NED,3.0,GENEE A,4 - 3,193,NED,3:13,4
Extra player shot - Post,7.0,7,3,NED,3.0,MATHEWSON C,4 - 3,172,USA,2:52,4
5m shot - Missed,7.0,7,3,NED,3.0,NIJHUIS M,4 - 3,142,NED,2:22,4
Turnover foul,6.0,7,3,NED,3.0,STEFFENS M,4 - 3,124,USA,2:04,4
Steal,8.0,7,3,NED,3.0,SEVENICH V,4 - 3,124,NED,2:04,4
Counter attack - Saved,4.0,7,3,NED,3.0,VAN DER SLOOT C,4 - 3,109,NED,1:49,4
Turnover foul,10.0,7,3,NED,3.0,GILCHRIST K,4 - 3,86,USA,1:26,4
5m shot - Saved,11.0,7,3,NED,3.0,KLAASSEN L,4 - 3,61,NED,1:01,4
5m shot - Goal,7.0,7,3,NED,3.0,MATHEWSON C,5 - 3,35,USA,0:35,5
Time-Out,,7,3,NED,3.0,,5 - 3,35,NED,0:35,5
20 sec. exclusion in centre,4.0,7,3,NED,3.0,FATTAL R,5 - 3,18,USA,0:18,5
Extra player shot - Blocked,2.0,7,3,NED,3.0,SMIT M,5 - 3,5,NED,0:05,5
Starting goalkeeper,13.0,7,3,NED,4.0,JOHNSON A,5 - 3,480,USA,8:00,5
Starting goalkeeper,1.0,7,3,NED,4.0,AARTS L,5 - 3,480,NED,8:00,5
Sprint won possession,8.0,7,3,NED,4.0,NEUSHUL K,5 - 3,480,USA,8:00,5
Turnover foul,2.0,7,3,NED,4.0,MUSSELMAN M,5 - 3,451,USA,7:31,5
Turnover foul,2.0,7,3,NED,4.0,SMIT M,5 - 3,422,NED,7:02,5
5m shot - Blocked,3.0,7,3,NED,4.0,SEIDEMANN M,5 - 3,397,USA,6:37,5
5m shot - Saved,6.0,7,3,NED,4.0,STOMPHORST N,5 - 3,368,NED,6:08,5
Turnover foul,8.0,7,3,NED,4.0,SEVENICH V,5 - 3,317,NED,5:17,5
20 sec. exclusion in centre,11.0,7,3,NED,4.0,KLAASSEN L,5 - 3,290,NED,4:50,5
Action shot - Post,7.0,7,3,NED,4.0,MATHEWSON C,5 - 3,260,USA,4:20,5
Penalty foul,6.0,7,3,NED,4.0,STEFFENS M,5 - 3,242,USA,4:02,5
Penalty shot - Saved,4.0,7,3,NED,4.0,VAN DER SLOOT C,5 - 3,242,NED,4:02,5
Turnover foul,3.0,7,3,NED,4.0,SEIDEMANN M,5 - 3,210,USA,3:30,5
Counter attack - Goal,9.0,7,4,NED,4.0,MEGENS M,5 - 4,193,NED,3:13,5
Action shot - Saved,3.0,7,4,NED,4.0,SEIDEMANN M,5 - 4,173,USA,2:53,5
Turnover foul,3.0,7,4,NED,4.0,GENEE D,5 - 4,173,NED,2:53,5
5m shot - Blocked,3.0,7,4,NED,4.0,SEIDEMANN M,5 - 4,149,USA,2:29,5
Turnover foul,6.0,7,4,NED,4.0,STEFFENS M,5 - 4,120,USA,2:00,5
Steal,6.0,7,4,NED,4.0,STOMPHORST N,5 - 4,120,NED,2:00,5
5m shot - Missed,2.0,7,4,NED,4.0,SMIT M,5 - 4,96,NED,1:36,5
Time-Out,,7,4,NED,4.0,,5 - 4,96,USA,1:36,5
20 sec. exclusion in centre,3.0,7,4,NED,4.0,SEIDEMANN M,5 - 4,90,USA,1:30,5
Extra player shot - Saved,2.0,7,4,NED,4.0,SMIT M,5 - 4,75,NED,1:15,5
5m shot - Saved,6.0,7,4,NED,4.0,STEFFENS M,5 - 4,43,USA,0:43,5
5m shot - Saved,6.0,7,4,NED,4.0,STOMPHORST N,5 - 4,16,NED,0:16,5
