Action,BRA,Cap,Game,Opponent,Opponent name,Period,Player,Score,Seconds,Team,Time
Starting goalkeeper,0,1.0,1,0,CHN,1.0,CHAMORRO V,0 - 0,480,BRA,8:00
Starting goalkeeper,0,1.0,1,0,CHN,1.0,PENG L,0 - 0,480,CHN,8:00
Sprint won possession,0,3.0,1,0,CHN,1.0,ZABLITH M,0 - 0,480,BRA,8:00
5m shot - Post,0,11.0,1,0,CHN,1.0,DUARTE M,0 - 0,454,BRA,7:34
20 sec. exclusion in centre,0,1.0,1,0,CHN,1.0,PENG L,0 - 0,448,CHN,7:28
Extra player shot - Goal,1,3.0,1,0,CHN,1.0,ZABLITH M,1 - 0,442,BRA,7:22
Action shot - Post,1,5.0,1,0,CHN,1.0,NIU G,1 - 0,411,CHN,6:51
Action shot - Saved,1,5.0,1,0,CHN,1.0,NIU G,1 - 0,393,CHN,6:33
Action shot - Goal,2,2.0,1,0,CHN,1.0,ABLA D,2 - 0,364,BRA,6:04
Action shot - Post,2,5.0,1,0,CHN,1.0,NIU G,2 - 0,337,CHN,5:37
Action shot - Post,2,2.0,1,0,CHN,1.0,ABLA D,2 - 0,323,BRA,5:23
Centre shot - Goal,2,8.0,1,1,CHN,1.0,ZHANG C,2 - 1,307,CHN,5:07
Turnover foul,2,11.0,1,1,CHN,1.0,DUARTE M,2 - 1,290,BRA,4:50
20 sec. exclusion in field,2,9.0,1,1,CHN,1.0,DIAS M,2 - 1,279,BRA,4:39
Extra player shot - Goal,2,8.0,1,2,CHN,1.0,ZHANG C,2 - 2,255,CHN,4:15
20 sec. exclusion in field,2,9.0,1,2,CHN,1.0,ZHAO Z,2 - 2,236,CHN,3:56
Extra player shot - Saved,2,11.0,1,2,CHN,1.0,DUARTE M,2 - 2,220,BRA,3:40
Action shot - Goal,2,11.0,1,3,CHN,1.0,CHEN X,2 - 3,203,CHN,3:23
Turnover foul,2,2.0,1,3,CHN,1.0,ABLA D,2 - 3,177,BRA,2:57
Counter attack - Saved,2,11.0,1,3,CHN,1.0,CHEN X,2 - 3,167,CHN,2:47
Action shot - Saved,2,3.0,1,3,CHN,1.0,ZABLITH M,2 - 3,151,BRA,2:31
Centre shot - Post,2,4.0,1,3,CHN,1.0,SOUZA J,2 - 3,144,BRA,2:24
20 sec. exclusion in field,2,6.0,1,3,CHN,1.0,GUO N,2 - 3,127,CHN,2:07
Extra player shot - Saved,2,3.0,1,3,CHN,1.0,ZABLITH M,2 - 3,105,BRA,1:45
Counter attack - Goal,2,11.0,1,4,CHN,1.0,CHEN X,2 - 4,87,CHN,1:27
Action shot - Saved,2,2.0,1,4,CHN,1.0,ABLA D,2 - 4,58,BRA,0:58
Steal,2,7.0,1,4,CHN,1.0,FERREIRA S,2 - 4,42,BRA,0:42
Turnover foul,2,7.0,1,4,CHN,1.0,NONG S,2 - 4,42,CHN,0:42
Time-Out,2,,1,4,CHN,1.0,,2 - 4,30,CHN,0:30
20 sec. exclusion in field,2,12.0,1,4,CHN,1.0,BELORIO L,2 - 4,16,BRA,0:16
Extra player shot - Post,2,5.0,1,4,CHN,1.0,NIU G,2 - 4,1,CHN,0:01
Starting goalkeeper,2,1.0,1,4,CHN,2.0,CHAMORRO V,2 - 4,480,BRA,8:00
Starting goalkeeper,2,1.0,1,4,CHN,2.0,PENG L,2 - 4,480,CHN,8:00
Sprint won possession,2,6.0,1,4,CHN,2.0,GUO N,2 - 4,480,CHN,8:00
Turnover foul,2,3.0,1,4,CHN,2.0,ZABLITH M,2 - 4,453,BRA,7:33
20 sec. exclusion in centre,2,2.0,1,4,CHN,2.0,ABLA D,2 - 4,444,BRA,7:24
5m shot - Saved,2,3.0,1,4,CHN,2.0,ZABLITH M,2 - 4,409,BRA,6:49
Action shot - Saved,2,8.0,1,4,CHN,2.0,ZHANG C,2 - 4,378,CHN,6:18
5m shot - Saved,2,9.0,1,4,CHN,2.0,DIAS M,2 - 4,347,BRA,5:47
Centre shot - Saved,2,4.0,1,4,CHN,2.0,XIONG D,2 - 4,328,CHN,5:28
Turnover foul,2,5.0,1,4,CHN,2.0,AMARAL A,2 - 4,312,BRA,5:12
Steal,2,6.0,1,4,CHN,2.0,GUO N,2 - 4,312,CHN,5:12
Counter attack - Goal,2,9.0,1,5,CHN,2.0,ZHAO Z,2 - 5,302,CHN,5:02
Action shot - Saved,2,11.0,1,5,CHN,2.0,DUARTE M,2 - 5,279,BRA,4:39
Turnover foul,2,9.0,1,5,CHN,2.0,ZHAO Z,2 - 5,250,CHN,4:10
5m shot - Blocked,2,11.0,1,5,CHN,2.0,DUARTE M,2 - 5,227,BRA,3:47
5m shot - Missed,2,8.0,1,5,CHN,2.0,ZHANG C,2 - 5,204,CHN,3:24
Action shot - Missed,2,3.0,1,5,CHN,2.0,ZABLITH M,2 - 5,188,BRA,3:08
20 sec. exclusion in field,2,6.0,1,5,CHN,2.0,LEAO K,2 - 5,187,BRA,3:07
Time-Out,2,,1,5,CHN,2.0,,2 - 5,187,CHN,3:07
Action shot - Goal,2,10.0,1,6,CHN,2.0,ZHANG D,2 - 6,165,CHN,2:45
20 sec. exclusion in centre,2,11.0,1,6,CHN,2.0,CHEN X,2 - 6,145,CHN,2:25
Time-Out,2,,1,6,CHN,2.0,,2 - 6,144,BRA,2:24
Extra player shot - Saved,2,2.0,1,6,CHN,2.0,ABLA D,2 - 6,125,BRA,2:05
Turnover foul,2,2.0,1,6,CHN,2.0,BI Y,2 - 6,93,CHN,1:33
Steal,2,1.0,1,6,CHN,2.0,CHAMORRO V,2 - 6,93,BRA,1:33
Centre shot - Missed,2,2.0,1,6,CHN,2.0,ABLA D,2 - 6,72,BRA,1:12
Turnover foul,2,7.0,1,6,CHN,2.0,NONG S,2 - 6,53,CHN,0:53
20 sec. exclusion in field,2,8.0,1,6,CHN,2.0,ZHANG C,2 - 6,41,CHN,0:41
Extra player shot - Missed,2,9.0,1,6,CHN,2.0,DIAS M,2 - 6,29,BRA,0:29
Action shot - Post,2,9.0,1,6,CHN,2.0,ZHAO Z,2 - 6,12,CHN,0:12
20 sec. exclusion in field,2,11.0,1,6,CHN,4.0,DUARTE M,2 - 6,13,BRA,0:13
5m shot - Missed,2,1.0,1,6,CHN,2.0,CHAMORRO V,2 - 6,1,BRA,0:01
Starting goalkeeper,2,1.0,1,6,CHN,3.0,CHAMORRO V,2 - 6,480,BRA,8:00
Starting goalkeeper,2,13.0,1,6,CHN,3.0,SHEN Y,2 - 6,480,CHN,8:00
Sprint won possession,2,10.0,1,6,CHN,3.0,BAHIA V,2 - 6,480,BRA,8:00
Action shot - Saved,2,3.0,1,6,CHN,3.0,ZABLITH M,2 - 6,455,BRA,7:35
20 sec. exclusion in field,2,7.0,1,6,CHN,3.0,FERREIRA S,2 - 6,432,BRA,7:12
5m shot - Missed,2,2.0,1,6,CHN,3.0,ABLA D,2 - 6,406,BRA,6:46
Action shot - Saved,2,5.0,1,6,CHN,3.0,NIU G,2 - 6,377,CHN,6:17
Action shot - Saved,2,10.0,1,6,CHN,3.0,BAHIA V,2 - 6,348,BRA,5:48
Turnover foul,2,9.0,1,6,CHN,3.0,ZHAO Z,2 - 6,318,CHN,5:18
Steal,2,1.0,1,6,CHN,3.0,CHAMORRO V,2 - 6,318,BRA,5:18
Turnover foul,2,10.0,1,6,CHN,3.0,BAHIA V,2 - 6,292,BRA,4:52
Steal,2,6.0,1,6,CHN,3.0,GUO N,2 - 6,292,CHN,4:52
20 sec. exclusion in field,2,10.0,1,6,CHN,3.0,BAHIA V,2 - 6,266,BRA,4:26
Action shot - Missed,2,4.0,1,6,CHN,3.0,XIONG D,2 - 6,245,CHN,4:05
5m shot - Missed,2,7.0,1,6,CHN,3.0,FERREIRA S,2 - 6,215,BRA,3:35
Turnover foul,2,4.0,1,6,CHN,3.0,XIONG D,2 - 6,185,CHN,3:05
Steal,2,11.0,1,6,CHN,3.0,DUARTE M,2 - 6,185,BRA,3:05
Counter attack - Goal,3,9.0,1,6,CHN,3.0,DIAS M,3 - 6,180,BRA,3:00
Turnover foul,3,11.0,1,6,CHN,3.0,CHEN X,3 - 6,172,CHN,2:52
Steal,3,3.0,1,6,CHN,3.0,ZABLITH M,3 - 6,172,BRA,2:52
Action shot - Saved,3,11.0,1,6,CHN,3.0,DUARTE M,3 - 6,159,BRA,2:39
Turnover foul,3,10.0,1,6,CHN,3.0,ZHANG D,3 - 6,137,CHN,2:17
Steal,3,1.0,1,6,CHN,3.0,CHAMORRO V,3 - 6,137,BRA,2:17
Time-Out,3,,1,6,CHN,3.0,,3 - 6,107,CHN,1:47
20 sec. exclusion in centre,3,10.0,1,6,CHN,3.0,BAHIA V,3 - 6,82,BRA,1:22
Action shot - Goal,3,12.0,1,7,CHN,3.0,ZHANG J,3 - 7,57,CHN,0:57
Turnover foul,3,3.0,1,7,CHN,3.0,ZABLITH M,3 - 7,38,BRA,0:38
Turnover foul,3,9.0,1,7,CHN,3.0,ZHAO Z,3 - 7,14,CHN,0:14
Steal,3,1.0,1,7,CHN,3.0,CHAMORRO V,3 - 7,14,BRA,0:14
5m shot - Goal,4,11.0,1,7,CHN,3.0,DUARTE M,4 - 7,1,BRA,0:01
Starting goalkeeper,4,1.0,1,7,CHN,4.0,CHAMORRO V,4 - 7,480,BRA,8:00
Starting goalkeeper,4,13.0,1,7,CHN,4.0,SHEN Y,4 - 7,480,CHN,8:00
Sprint won possession,4,12.0,1,7,CHN,4.0,BELORIO L,4 - 7,480,BRA,8:00
20 sec. exclusion in centre,4,3.0,1,7,CHN,4.0,ZABLITH M,4 - 7,436,BRA,7:16
Extra player shot - Goal,4,8.0,1,8,CHN,4.0,ZHANG C,4 - 8,434,CHN,7:14
5m shot - Saved,4,11.0,1,8,CHN,4.0,DUARTE M,4 - 8,416,BRA,6:56
Turnover foul,4,2.0,1,8,CHN,4.0,ABLA D,4 - 8,397,BRA,6:37
Steal,4,9.0,1,8,CHN,4.0,ZHAO Z,4 - 8,397,CHN,6:37
20 sec. exclusion in field,4,3.0,1,8,CHN,4.0,ZABLITH M,4 - 8,390,BRA,6:30
Turnover foul,4,6.0,1,8,CHN,4.0,GUO N,4 - 8,372,CHN,6:12
Steal,4,2.0,1,8,CHN,4.0,ABLA D,4 - 8,372,BRA,6:12
Action shot - Saved,4,2.0,1,8,CHN,4.0,ABLA D,4 - 8,348,BRA,5:48
Action shot - Post,4,6.0,1,8,CHN,4.0,GUO N,4 - 8,330,CHN,5:30
Action shot - Goal,4,5.0,1,9,CHN,4.0,NIU G,4 - 9,328,CHN,5:28
20 sec. exclusion in field,4,11.0,1,9,CHN,4.0,DUARTE M,4 - 9,279,BRA,4:39
Action shot - Blocked,4,3.0,1,9,CHN,4.0,MEI X,4 - 9,252,CHN,4:12
Time-Out,4,,1,9,CHN,4.0,,4 - 9,250,BRA,4:10
Action shot - Saved,4,11.0,1,9,CHN,4.0,DUARTE M,4 - 9,224,BRA,3:44
Turnover foul,4,10.0,1,9,CHN,4.0,ZHANG D,4 - 9,195,CHN,3:15
Steal,4,9.0,1,9,CHN,4.0,DIAS M,4 - 9,195,BRA,3:15
Action shot - Post,4,10.0,1,9,CHN,4.0,BAHIA V,4 - 9,171,BRA,2:51
20 sec. exclusion in field,4,10.0,1,9,CHN,4.0,BAHIA V,4 - 9,156,BRA,2:36
Exclusion with substitution,4,10.0,1,9,CHN,4.0,BAHIA V,4 - 9,156,BRA,2:36
Extra player shot - Saved,4,7.0,1,9,CHN,4.0,NONG S,4 - 9,143,CHN,2:23
Time-Out,4,,1,9,CHN,4.0,,4 - 9,125,CHN,2:05
5m shot - Missed,4,5.0,1,9,CHN,4.0,NIU G,4 - 9,106,CHN,1:46
20 sec. exclusion in centre,4,7.0,1,9,CHN,4.0,NONG S,4 - 9,87,CHN,1:27
Extra player shot - Saved,4,3.0,1,9,CHN,4.0,ZABLITH M,4 - 9,64,BRA,1:04
5m shot - Goal,4,7.0,1,10,CHN,4.0,NONG S,4 - 10,38,CHN,0:38
Action shot - Missed,4,3.0,1,10,CHN,4.0,ZABLITH M,4 - 10,17,BRA,0:17
Extra player shot - Goal,4,9.0,1,11,CHN,4.0,ZHAO Z,4 - 11,1,CHN,0:01
Starting goalkeeper,0,1.0,2,0,ITA,1.0,GORLERO G,0 - 0,480,ITA,8:00
Starting goalkeeper,0,1.0,2,0,ITA,1.0,CHAMORRO V,0 - 0,480,BRA,8:00
Sprint won possession,0,3.0,2,0,ITA,1.0,ZABLITH M,0 - 0,480,BRA,8:00
5m shot - Saved,0,11.0,2,0,ITA,1.0,DUARTE M,0 - 0,455,BRA,7:35
Action shot - Goal,0,3.0,2,1,ITA,1.0,GARIBOTTI A,1 - 0,438,ITA,7:18
5m shot - Missed,0,9.0,2,1,ITA,1.0,DIAS M,1 - 0,416,BRA,6:56
5m shot - Post,0,5.0,2,1,ITA,1.0,RADICCHI F,1 - 0,396,ITA,6:36
Action shot - Blocked,0,3.0,2,1,ITA,1.0,ZABLITH M,1 - 0,366,BRA,6:06
Action shot - Saved,0,11.0,2,1,ITA,1.0,DUARTE M,1 - 0,350,BRA,5:50
20 sec. exclusion in centre,0,3.0,2,1,ITA,1.0,ZABLITH M,1 - 0,312,BRA,5:12
Extra player shot - Goal,0,6.0,2,2,ITA,1.0,AIELLO R,2 - 0,294,ITA,4:54
Action shot - Post,0,9.0,2,2,ITA,1.0,DIAS M,2 - 0,267,BRA,4:27
5m shot - Goal,0,5.0,2,3,ITA,1.0,RADICCHI F,3 - 0,241,ITA,4:01
Yellow card,0,,2,3,ITA,1.0,Team Official,3 - 0,241,BRA,4:01
20 sec. exclusion in centre,0,7.0,2,3,ITA,1.0,PICOZZI D,3 - 0,225,ITA,3:45
Action shot - Goal,1,11.0,2,3,ITA,1.0,DUARTE M,3 - 1,203,BRA,3:23
5m shot - Missed,1,11.0,2,3,ITA,1.0,DUARTE M,3 - 1,159,BRA,2:39
Centre shot - Goal,1,10.0,2,4,ITA,1.0,PALMIERI V,4 - 1,138,ITA,2:18
Turnover foul,1,10.0,2,4,ITA,1.0,BAHIA V,4 - 1,121,BRA,2:01
20 sec. exclusion in centre,1,10.0,2,4,ITA,1.0,BAHIA V,4 - 1,116,BRA,1:56
Action shot - Goal,1,10.0,2,5,ITA,1.0,PALMIERI V,5 - 1,93,ITA,1:33
Action shot - Missed,1,11.0,2,5,ITA,1.0,DUARTE M,5 - 1,67,BRA,1:07
5m shot - Saved,1,12.0,2,5,ITA,1.0,DARIO S,5 - 1,47,ITA,0:47
Turnover foul,1,3.0,2,5,ITA,1.0,GARIBOTTI A,5 - 1,40,ITA,0:40
Steal,1,2.0,2,5,ITA,1.0,ABLA D,5 - 1,40,BRA,0:40
Time-Out,1,,2,5,ITA,1.0,,5 - 1,40,BRA,0:40
20 sec. exclusion in centre,1,3.0,2,5,ITA,1.0,GARIBOTTI A,5 - 1,27,ITA,0:27
Extra player shot - Blocked,1,8.0,2,5,ITA,1.0,BRUZZO M,5 - 1,8,BRA,0:08
Starting goalkeeper,1,1.0,2,5,ITA,2.0,CHAMORRO V,5 - 1,480,BRA,8:00
Sprint won possession,1,3.0,2,5,ITA,2.0,ZABLITH M,5 - 1,480,BRA,8:00
Turnover foul,1,2.0,2,5,ITA,2.0,ABLA D,5 - 1,454,BRA,7:34
Goalkeeper substitution,1,1.0,2,5,ITA,2.0,GORLERO G,5 - 1,452,ITA,7:32
Turnover foul,1,2.0,2,5,ITA,2.0,ABLA D,5 - 1,447,BRA,7:27
Steal,1,4.0,2,5,ITA,2.0,QUEIROLO E,5 - 1,447,ITA,7:27
Counter attack - Goal,1,9.0,2,6,ITA,2.0,EMMOLO G,6 - 1,441,ITA,7:21
5m shot - Goal,2,3.0,2,6,ITA,2.0,ZABLITH M,6 - 2,414,BRA,6:54
20 sec. exclusion in centre,2,2.0,2,6,ITA,2.0,ABLA D,6 - 2,405,BRA,6:45
Extra player shot - Goal,2,6.0,2,7,ITA,2.0,AIELLO R,7 - 2,401,ITA,6:41
Action shot - Blocked,2,11.0,2,7,ITA,2.0,DUARTE M,7 - 2,380,BRA,6:20
Action shot - Missed,2,12.0,2,7,ITA,2.0,DARIO S,7 - 2,360,ITA,6:00
Turnover foul,2,11.0,2,7,ITA,2.0,DUARTE M,7 - 2,338,BRA,5:38
Action shot - Post,2,8.0,2,7,ITA,2.0,BIANCONI R,7 - 2,322,ITA,5:22
Action shot - Goal,2,5.0,2,8,ITA,2.0,RADICCHI F,8 - 2,320,ITA,5:20
20 sec. exclusion in centre,2,10.0,2,8,ITA,2.0,BAHIA V,8 - 2,280,BRA,4:40
Extra player shot - Saved,2,9.0,2,8,ITA,2.0,EMMOLO G,8 - 2,268,ITA,4:28
Action shot - Goal,2,4.0,2,9,ITA,2.0,QUEIROLO E,9 - 2,260,ITA,4:20
5m shot - Saved,2,9.0,2,9,ITA,2.0,DIAS M,9 - 2,236,BRA,3:56
5m shot - Saved,2,9.0,2,9,ITA,2.0,DIAS M,9 - 2,210,BRA,3:30
Turnover foul,2,7.0,2,9,ITA,2.0,PICOZZI D,9 - 2,190,ITA,3:10
Steal,2,11.0,2,9,ITA,2.0,DUARTE M,9 - 2,190,BRA,3:10
Turnover foul,2,3.0,2,9,ITA,2.0,ZABLITH M,9 - 2,161,BRA,2:41
Steal,2,7.0,2,9,ITA,2.0,PICOZZI D,9 - 2,161,ITA,2:41
20 sec. exclusion in centre,2,11.0,2,9,ITA,2.0,DUARTE M,9 - 2,152,BRA,2:32
Extra player shot - Saved,2,7.0,2,9,ITA,2.0,PICOZZI D,9 - 2,134,ITA,2:14
Action shot - Goal,2,10.0,2,10,ITA,2.0,PALMIERI V,10 - 2,117,ITA,1:57
5m shot - Saved,2,3.0,2,10,ITA,2.0,ZABLITH M,10 - 2,94,BRA,1:34
Centre shot - Goal,2,10.0,2,11,ITA,2.0,PALMIERI V,11 - 2,79,ITA,1:19
5m shot - Missed,2,10.0,2,11,ITA,2.0,BAHIA V,11 - 2,50,BRA,0:50
Time-Out,2,,2,11,ITA,2.0,,11 - 2,19,BRA,0:19
20 sec. exclusion in centre,2,9.0,2,11,ITA,2.0,EMMOLO G,11 - 2,5,ITA,0:05
Extra player shot - Saved,2,11.0,2,11,ITA,2.0,DUARTE M,11 - 2,2,BRA,0:02
Starting goalkeeper,2,1.0,2,11,ITA,3.0,GORLERO G,11 - 2,480,ITA,8:00
Starting goalkeeper,2,1.0,2,11,ITA,3.0,CHAMORRO V,11 - 2,480,BRA,8:00
Sprint won possession,2,3.0,2,11,ITA,3.0,ZABLITH M,11 - 2,480,BRA,8:00
5m shot - Saved,2,11.0,2,11,ITA,3.0,DUARTE M,11 - 2,467,BRA,7:47
Centre shot - Goal,2,6.0,2,12,ITA,3.0,AIELLO R,12 - 2,450,ITA,7:30
5m shot - Saved,2,11.0,2,12,ITA,3.0,DUARTE M,12 - 2,423,BRA,7:03
Turnover foul,2,4.0,2,12,ITA,3.0,SOUZA J,12 - 2,409,BRA,6:49
Steal,2,5.0,2,12,ITA,3.0,RADICCHI F,12 - 2,409,ITA,6:49
Turnover foul,2,7.0,2,12,ITA,3.0,PICOZZI D,12 - 2,395,ITA,6:35
Turnover foul,2,7.0,2,12,ITA,3.0,FERREIRA S,12 - 2,381,BRA,6:21
Steal,2,1.0,2,12,ITA,3.0,GORLERO G,12 - 2,381,ITA,6:21
5m shot - Saved,2,5.0,2,12,ITA,3.0,RADICCHI F,12 - 2,365,ITA,6:05
5m shot - Post,2,5.0,2,12,ITA,3.0,RADICCHI F,12 - 2,342,ITA,5:42
Turnover foul,2,3.0,2,12,ITA,3.0,ZABLITH M,12 - 2,320,BRA,5:20
Steal,2,1.0,2,12,ITA,3.0,GORLERO G,12 - 2,320,ITA,5:20
Penalty foul,2,7.0,2,12,ITA,3.0,FERREIRA S,12 - 2,307,BRA,5:07
Penalty shot - Goal,2,8.0,2,13,ITA,3.0,BIANCONI R,13 - 2,307,ITA,5:07
5m shot - Saved,2,3.0,2,13,ITA,3.0,ZABLITH M,13 - 2,277,BRA,4:37
5m shot - Saved,2,11.0,2,13,ITA,3.0,DUARTE M,13 - 2,259,BRA,4:19
5m shot - Goal,2,7.0,2,14,ITA,3.0,PICOZZI D,14 - 2,240,ITA,4:00
Turnover foul,2,11.0,2,14,ITA,3.0,DUARTE M,14 - 2,218,BRA,3:38
Steal,2,2.0,2,14,ITA,3.0,TABANI C,14 - 2,218,ITA,3:38
5m shot - Missed,2,7.0,2,14,ITA,3.0,PICOZZI D,14 - 2,193,ITA,3:13
Action shot - Goal,3,2.0,2,14,ITA,3.0,ABLA D,14 - 3,176,BRA,2:56
Turnover foul,3,10.0,2,14,ITA,3.0,BAHIA V,14 - 3,149,BRA,2:29
Steal,3,3.0,2,14,ITA,3.0,GARIBOTTI A,14 - 3,149,ITA,2:29
Action shot - Saved,3,2.0,2,14,ITA,3.0,ABLA D,14 - 3,132,BRA,2:12
Centre shot - Saved,3,10.0,2,14,ITA,3.0,PALMIERI V,14 - 3,107,ITA,1:47
Time-Out,3,,2,14,ITA,3.0,,14 - 3,100,BRA,1:40
Action shot - Blocked,3,12.0,2,14,ITA,3.0,BELORIO L,14 - 3,74,BRA,1:14
Counter attack - Goal,3,9.0,2,15,ITA,3.0,EMMOLO G,15 - 3,62,ITA,1:02
5m shot - Missed,3,9.0,2,15,ITA,3.0,DIAS M,15 - 3,39,BRA,0:39
Action shot - Post,3,2.0,2,15,ITA,3.0,TABANI C,15 - 3,22,ITA,0:22
Starting goalkeeper,3,1.0,2,15,ITA,4.0,GORLERO G,15 - 3,480,ITA,8:00
Starting goalkeeper,3,13.0,2,15,ITA,4.0,SA R,15 - 3,480,BRA,8:00
Sprint won possession,3,3.0,2,15,ITA,4.0,ZABLITH M,15 - 3,480,BRA,8:00
5m shot - Saved,3,9.0,2,15,ITA,4.0,DIAS M,15 - 3,451,BRA,7:31
5m shot - Missed,3,10.0,2,15,ITA,4.0,PALMIERI V,15 - 3,424,ITA,7:04
5m shot - Blocked,3,9.0,2,15,ITA,4.0,DIAS M,15 - 3,396,BRA,6:36
Turnover foul,3,10.0,2,15,ITA,4.0,PALMIERI V,15 - 3,376,ITA,6:16
20 sec. exclusion in centre,3,4.0,2,15,ITA,4.0,QUEIROLO E,15 - 3,374,ITA,6:14
Action shot - Saved,3,11.0,2,15,ITA,4.0,DUARTE M,15 - 3,349,BRA,5:49
Action shot - Goal,3,8.0,2,16,ITA,4.0,BIANCONI R,16 - 3,326,ITA,5:26
5m shot - Missed,3,3.0,2,16,ITA,4.0,ZABLITH M,16 - 3,304,BRA,5:04
Action shot - Post,3,8.0,2,16,ITA,4.0,BIANCONI R,16 - 3,278,ITA,4:38
Turnover foul,3,3.0,2,16,ITA,4.0,ZABLITH M,16 - 3,256,BRA,4:16
5m shot - Goal,3,9.0,2,17,ITA,4.0,EMMOLO G,17 - 3,236,ITA,3:56
Goalkeeper substitution,3,13.0,2,17,ITA,4.0,LAVI F,17 - 3,236,ITA,3:56
Centre shot - Goal,4,3.0,2,17,ITA,4.0,ZABLITH M,17 - 4,207,BRA,3:27
Turnover foul,4,8.0,2,17,ITA,4.0,BIANCONI R,17 - 4,198,ITA,3:18
Counter attack - Saved,4,7.0,2,17,ITA,4.0,FERREIRA S,17 - 4,191,BRA,3:11
5m shot - Goal,4,9.0,2,18,ITA,4.0,EMMOLO G,18 - 4,176,ITA,2:56
Action shot - Saved,4,9.0,2,18,ITA,4.0,DIAS M,18 - 4,151,BRA,2:31
Centre shot - Saved,4,7.0,2,18,ITA,4.0,FERREIRA S,18 - 4,146,BRA,2:26
5m shot - Missed,4,9.0,2,18,ITA,4.0,DIAS M,18 - 4,92,BRA,1:32
20 sec. exclusion in centre,4,9.0,2,18,ITA,4.0,DIAS M,18 - 4,80,BRA,1:20
Turnover foul,4,6.0,2,18,ITA,4.0,AIELLO R,18 - 4,59,ITA,0:59
Time-Out,4,,2,18,ITA,4.0,,18 - 4,59,BRA,0:59
20 sec. exclusion in centre,4,4.0,2,18,ITA,4.0,QUEIROLO E,18 - 4,50,ITA,0:50
5m shot - Saved,4,2.0,2,18,ITA,4.0,ABLA D,18 - 4,22,BRA,0:22
Starting goalkeeper,0,1.0,3,0,CAN,1.0,CHAMORRO V,0 - 0,480,BRA,8:00
Starting goalkeeper,0,1.0,3,0,CAN,1.0,GAUDREAULT J,0 - 0,480,CAN,8:00
Sprint won possession,0,3.0,3,0,CAN,1.0,ZABLITH M,0 - 0,480,BRA,8:00
Turnover foul,0,3.0,3,0,CAN,1.0,ZABLITH M,0 - 0,454,BRA,7:34
Steal,0,12.0,3,0,CAN,1.0,FOURNIER S,0 - 0,454,CAN,7:34
Penalty foul,0,3.0,3,0,CAN,1.0,ZABLITH M,0 - 0,431,BRA,7:11
Penalty shot - Goal,0,4.0,3,1,CAN,1.0,WRIGHT E,0 - 1,431,CAN,7:11
Turnover foul,0,9.0,3,1,CAN,1.0,DIAS M,0 - 1,417,BRA,6:57
Steal,0,5.0,3,1,CAN,1.0,EGGENS M,0 - 1,417,CAN,6:57
Counter attack - Goal,0,5.0,3,2,CAN,1.0,EGGENS M,0 - 2,406,CAN,6:46
5m shot - Missed,0,2.0,3,2,CAN,1.0,ABLA D,0 - 2,387,BRA,6:27
20 sec. exclusion in centre,0,4.0,3,2,CAN,1.0,SOUZA J,0 - 2,375,BRA,6:15
Extra player shot - Post,0,9.0,3,2,CAN,1.0,McKELVEY H,0 - 2,358,CAN,5:58
Turnover foul,0,10.0,3,2,CAN,1.0,BAHIA V,0 - 2,331,BRA,5:31
Steal,0,5.0,3,2,CAN,1.0,EGGENS M,0 - 2,331,CAN,5:31
Turnover foul,0,10.0,3,2,CAN,1.0,ROBINSON C,0 - 2,310,CAN,5:10
Steal,0,11.0,3,2,CAN,1.0,DUARTE M,0 - 2,310,BRA,5:10
Action shot - Goal,1,9.0,3,2,CAN,1.0,DIAS M,1 - 2,285,BRA,4:45
Turnover foul,1,5.0,3,2,CAN,1.0,EGGENS M,1 - 2,273,CAN,4:33
Steal,1,9.0,3,2,CAN,1.0,DIAS M,1 - 2,273,BRA,4:33
Action shot - Goal,2,2.0,3,2,CAN,1.0,ABLA D,2 - 2,262,BRA,4:22
20 sec. exclusion in centre,2,3.0,3,2,CAN,1.0,ZABLITH M,2 - 2,248,BRA,4:08
Extra player shot - Goal,2,6.0,3,3,CAN,1.0,CHRISTMAS K,2 - 3,232,CAN,3:52
5m shot - Saved,2,2.0,3,3,CAN,1.0,ABLA D,2 - 3,208,BRA,3:28
5m shot - Missed,2,11.0,3,3,CAN,1.0,DUARTE M,2 - 3,185,BRA,3:05
Action shot - Saved,2,9.0,3,3,CAN,1.0,McKELVEY H,2 - 3,169,CAN,2:49
Turnover foul,2,11.0,3,3,CAN,1.0,DUARTE M,2 - 3,145,BRA,2:25
Steal,2,1.0,3,3,CAN,1.0,GAUDREAULT J,2 - 3,145,CAN,2:25
Action shot - Blocked,2,4.0,3,3,CAN,1.0,WRIGHT E,2 - 3,118,CAN,1:58
5m shot - Goal,2,6.0,3,4,CAN,1.0,CHRISTMAS K,2 - 4,106,CAN,1:46
20 sec. exclusion in centre,2,12.0,3,4,CAN,1.0,FOURNIER S,2 - 4,85,CAN,1:25
Time-Out,2,,3,4,CAN,1.0,,2 - 4,84,BRA,1:24
Extra player shot - Blocked,2,10.0,3,4,CAN,1.0,BAHIA V,2 - 4,61,BRA,1:01
5m shot - Post,2,3.0,3,4,CAN,1.0,CREVIER A,2 - 4,38,CAN,0:38
Turnover foul,2,10.0,3,4,CAN,1.0,BAHIA V,2 - 4,18,BRA,0:18
Time-Out,2,,3,4,CAN,1.0,,2 - 4,18,CAN,0:18
Action shot - Missed,2,5.0,3,4,CAN,1.0,EGGENS M,2 - 4,10,CAN,0:10
5m shot - Missed,2,1.0,3,4,CAN,1.0,CHAMORRO V,2 - 4,1,BRA,0:01
Starting goalkeeper,2,1.0,3,4,CAN,2.0,CHAMORRO V,2 - 4,480,BRA,8:00
Starting goalkeeper,2,1.0,3,4,CAN,2.0,GAUDREAULT J,2 - 4,480,CAN,8:00
Sprint won possession,2,9.0,3,4,CAN,2.0,DIAS M,2 - 4,480,BRA,8:00
20 sec. exclusion in centre,2,6.0,3,4,CAN,2.0,CHRISTMAS K,2 - 4,452,CAN,7:32
Action shot - Blocked,2,2.0,3,4,CAN,2.0,ABLA D,2 - 4,427,BRA,7:07
Action shot - Saved,2,4.0,3,4,CAN,2.0,WRIGHT E,2 - 4,405,CAN,6:45
5m shot - Post,2,10.0,3,4,CAN,2.0,BAHIA V,2 - 4,383,BRA,6:23
Penalty foul,2,10.0,3,4,CAN,2.0,BAHIA V,2 - 4,367,BRA,6:07
Penalty shot - Saved,2,4.0,3,4,CAN,2.0,WRIGHT E,2 - 4,365,CAN,6:05
5m shot - Saved,2,9.0,3,4,CAN,2.0,McKELVEY H,2 - 4,338,CAN,5:38
Action shot - Goal,2,7.0,3,5,CAN,2.0,BEKHAZI J,2 - 5,329,CAN,5:29
Turnover foul,2,9.0,3,5,CAN,2.0,DIAS M,2 - 5,310,BRA,5:10
Steal,2,11.0,3,5,CAN,2.0,McKEE K,2 - 5,310,CAN,5:10
Counter attack - Saved,2,12.0,3,5,CAN,2.0,FOURNIER S,2 - 5,295,CAN,4:55
Action shot - Goal,2,6.0,3,6,CAN,2.0,CHRISTMAS K,2 - 6,286,CAN,4:46
20 sec. exclusion in centre,2,11.0,3,6,CAN,2.0,McKEE K,2 - 6,271,CAN,4:31
Extra player shot - Goal,3,11.0,3,6,CAN,2.0,DUARTE M,3 - 6,265,BRA,4:25
Action shot - Goal,3,2.0,3,7,CAN,2.0,ALOGBO K,3 - 7,245,CAN,4:05
20 sec. exclusion in centre,3,7.0,3,7,CAN,2.0,BEKHAZI J,3 - 7,222,CAN,3:42
Extra player shot - Saved,3,8.0,3,7,CAN,2.0,BRUZZO M,3 - 7,211,BRA,3:31
5m shot - Goal,3,6.0,3,8,CAN,2.0,CHRISTMAS K,3 - 8,183,CAN,3:03
Action shot - Goal,4,7.0,3,8,CAN,2.0,FERREIRA S,4 - 8,157,BRA,2:37
5m shot - Post,4,10.0,3,8,CAN,2.0,ROBINSON C,4 - 8,135,CAN,2:15
Steal,4,13.0,3,8,CAN,4.0,HAGE Y,4 - 8,89,CAN,1:29
Action shot - Post,4,3.0,3,8,CAN,4.0,CREVIER A,4 - 8,71,CAN,1:11
Time-Out,4,,3,8,CAN,4.0,,4 - 8,70,BRA,1:10
Turnover foul,4,5.0,3,8,CAN,4.0,AMARAL A,4 - 8,48,BRA,0:48
Turnover foul,4,8.0,3,8,CAN,2.0,LEMAY-LAVOIE E,4 - 8,80,CAN,1:20
Time-Out,4,,3,8,CAN,2.0,,4 - 8,80,BRA,1:20
Turnover foul,4,12.0,3,8,CAN,2.0,BELORIO L,4 - 8,54,BRA,0:54
Steal,4,7.0,3,8,CAN,2.0,BEKHAZI J,4 - 8,54,CAN,0:54
Action shot - Post,4,8.0,3,8,CAN,2.0,LEMAY-LAVOIE E,4 - 8,39,CAN,0:39
20 sec. exclusion in centre,4,4.0,3,8,CAN,2.0,WRIGHT E,4 - 8,20,CAN,0:20
Extra player shot - Post,4,10.0,3,8,CAN,2.0,BAHIA V,4 - 8,1,BRA,0:01
Starting goalkeeper,4,1.0,3,8,CAN,3.0,CHAMORRO V,4 - 8,480,BRA,8:00
Starting goalkeeper,4,1.0,3,8,CAN,3.0,GAUDREAULT J,4 - 8,480,CAN,8:00
Sprint won possession,4,6.0,3,8,CAN,3.0,CHRISTMAS K,4 - 8,480,CAN,8:00
20 sec. exclusion in centre,4,10.0,3,8,CAN,3.0,BAHIA V,4 - 8,467,BRA,7:47
Action shot - Goal,4,12.0,3,9,CAN,3.0,FOURNIER S,4 - 9,445,CAN,7:25
5m shot - Saved,4,2.0,3,9,CAN,3.0,ABLA D,4 - 9,418,BRA,6:58
5m shot - Goal,4,9.0,3,10,CAN,3.0,McKELVEY H,4 - 10,393,CAN,6:33
Penalty foul,4,8.0,3,10,CAN,3.0,LEMAY-LAVOIE E,4 - 10,377,CAN,6:17
Penalty shot - Saved,4,9.0,3,10,CAN,3.0,DIAS M,4 - 10,377,BRA,6:17
Action shot - Goal,5,7.0,3,10,CAN,3.0,FERREIRA S,5 - 10,371,BRA,6:11
5m shot - Goal,5,12.0,3,11,CAN,3.0,FOURNIER S,5 - 11,351,CAN,5:51
5m shot - Saved,5,12.0,3,11,CAN,3.0,BELORIO L,5 - 11,329,BRA,5:29
5m shot - Saved,5,9.0,3,11,CAN,3.0,DIAS M,5 - 11,304,BRA,5:04
5m shot - Goal,5,12.0,3,12,CAN,3.0,FOURNIER S,5 - 12,278,CAN,4:38
Goalkeeper substitution,5,13.0,3,12,CAN,3.0,HAGE Y,5 - 12,276,CAN,4:36
Action shot - Blocked,5,10.0,3,12,CAN,3.0,BAHIA V,5 - 12,249,BRA,4:09
Action shot - Blocked,5,9.0,3,12,CAN,3.0,DIAS M,5 - 12,234,BRA,3:54
5m shot - Post,5,3.0,3,12,CAN,3.0,CREVIER A,5 - 12,204,CAN,3:24
Action shot - Saved,5,11.0,3,12,CAN,3.0,DUARTE M,5 - 12,174,BRA,2:54
20 sec. exclusion in centre,5,11.0,3,12,CAN,3.0,DUARTE M,5 - 12,171,BRA,2:51
Extra player shot - Missed,5,12.0,3,12,CAN,3.0,FOURNIER S,5 - 12,154,CAN,2:34
Time-Out,5,,3,12,CAN,3.0,,5 - 12,148,BRA,2:28
5m shot - Blocked,5,3.0,3,12,CAN,3.0,ZABLITH M,5 - 12,121,BRA,2:01
5m shot - Post,5,4.0,3,12,CAN,3.0,WRIGHT E,5 - 12,99,CAN,1:39
Turnover foul,5,7.0,3,12,CAN,3.0,BEKHAZI J,5 - 12,94,CAN,1:34
Steal,5,1.0,3,12,CAN,3.0,CHAMORRO V,5 - 12,94,BRA,1:34
Turnover foul,5,4.0,3,12,CAN,3.0,SOUZA J,5 - 12,66,BRA,1:06
Steal,5,13.0,3,12,CAN,3.0,HAGE Y,5 - 12,66,CAN,1:06
Turnover foul,5,3.0,3,12,CAN,3.0,CREVIER A,5 - 12,47,CAN,0:47
Steal,5,2.0,3,12,CAN,3.0,ABLA D,5 - 12,47,BRA,0:47
Turnover foul,5,10.0,3,12,CAN,3.0,BAHIA V,5 - 12,20,BRA,0:20
20 sec. exclusion in centre,5,12.0,3,12,CAN,3.0,BELORIO L,5 - 12,2,BRA,0:02
Starting goalkeeper,5,1.0,3,12,CAN,4.0,CHAMORRO V,5 - 12,480,BRA,8:00
Starting goalkeeper,5,13.0,3,12,CAN,4.0,HAGE Y,5 - 12,480,CAN,8:00
Sprint won possession,5,9.0,3,12,CAN,4.0,DIAS M,5 - 12,480,BRA,8:00
5m shot - Blocked,5,3.0,3,12,CAN,4.0,ZABLITH M,5 - 12,451,BRA,7:31
Action shot - Goal,5,9.0,3,13,CAN,4.0,McKELVEY H,5 - 13,430,CAN,7:10
Turnover foul,5,10.0,3,13,CAN,4.0,BAHIA V,5 - 13,408,BRA,6:48
Steal,5,4.0,3,13,CAN,4.0,WRIGHT E,5 - 13,408,CAN,6:48
Turnover foul,5,8.0,3,13,CAN,4.0,LEMAY-LAVOIE E,5 - 13,387,CAN,6:27
Steal,5,3.0,3,13,CAN,4.0,ZABLITH M,5 - 13,387,BRA,6:27
5m shot - Blocked,5,3.0,3,13,CAN,4.0,ZABLITH M,5 - 13,360,BRA,6:00
5m shot - Saved,5,9.0,3,13,CAN,4.0,McKELVEY H,5 - 13,334,CAN,5:34
5m shot - Saved,5,9.0,3,13,CAN,4.0,DIAS M,5 - 13,305,BRA,5:05
5m shot - Post,5,9.0,3,13,CAN,4.0,DIAS M,5 - 13,290,BRA,4:50
Turnover foul,5,3.0,3,13,CAN,4.0,ZABLITH M,5 - 13,280,BRA,4:40
Counter attack - Goal,5,6.0,3,14,CAN,4.0,CHRISTMAS K,5 - 14,276,CAN,4:36
5m shot - Missed,5,2.0,3,14,CAN,4.0,ABLA D,5 - 14,252,BRA,4:12
5m shot - Saved,5,3.0,3,14,CAN,4.0,CREVIER A,5 - 14,232,CAN,3:52
5m shot - Saved,5,10.0,3,14,CAN,4.0,BAHIA V,5 - 14,206,BRA,3:26
5m shot - Blocked,5,2.0,3,14,CAN,4.0,ABLA D,5 - 14,184,BRA,3:04
Action shot - Goal,5,8.0,3,15,CAN,4.0,LEMAY-LAVOIE E,5 - 15,154,CAN,2:34
Action shot - Missed,5,3.0,3,15,CAN,4.0,CREVIER A,5 - 15,105,CAN,1:45
Turnover foul,5,5.0,3,15,CAN,4.0,AMARAL A,5 - 15,89,BRA,1:29
Steal,5,4.0,3,15,CAN,4.0,WRIGHT E,5 - 15,48,CAN,0:48
Counter attack - Goal,5,8.0,3,16,CAN,4.0,LEMAY-LAVOIE E,5 - 16,32,CAN,0:32
Action shot - Goal,6,7.0,3,16,CAN,4.0,FERREIRA S,6 - 16,1,BRA,0:01
Starting goalkeeper,0,1.0,4,0,RSA,1.0,CHAMORRO V,0 - 0,480,BRA,8:00
Starting goalkeeper,0,13.0,4,0,RSA,1.0,NIXON L,0 - 0,480,RSA,8:00
Sprint won possession,0,6.0,4,0,RSA,1.0,HALLENDORFF A,0 - 0,480,RSA,8:00
Penalty foul,0,11.0,4,0,RSA,1.0,DUARTE M,0 - 0,461,BRA,7:41
Penalty shot - Goal,0,12.0,4,1,RSA,1.0,WHITE K,0 - 1,461,RSA,7:41
20 sec. exclusion in field,0,3.0,4,1,RSA,1.0,PALEY K,0 - 1,447,RSA,7:27
Turnover foul,0,3.0,4,1,RSA,1.0,ZABLITH M,0 - 1,418,BRA,6:58
Steal,0,5.0,4,1,RSA,1.0,SCHOOLING M,0 - 1,418,RSA,6:58
Centre shot - Saved,0,3.0,4,1,RSA,1.0,PALEY K,0 - 1,389,RSA,6:29
5m shot - Goal,1,3.0,4,1,RSA,1.0,ZABLITH M,1 - 1,362,BRA,6:02
5m shot - Missed,1,12.0,4,1,RSA,1.0,WHITE K,1 - 1,336,RSA,5:36
5m shot - Post,1,2.0,4,1,RSA,1.0,ABLA D,1 - 1,308,BRA,5:08
Turnover foul,1,6.0,4,1,RSA,1.0,HALLENDORFF A,1 - 1,287,RSA,4:47
Steal,1,3.0,4,1,RSA,1.0,ZABLITH M,1 - 1,287,BRA,4:47
20 sec. exclusion in field,1,2.0,4,1,RSA,1.0,PENNEY A,1 - 1,282,RSA,4:42
5m shot - Goal,2,2.0,4,1,RSA,1.0,ABLA D,2 - 1,255,BRA,4:15
Turnover foul,2,9.0,4,1,RSA,1.0,SMIT Z,2 - 1,231,RSA,3:51
Steal,2,1.0,4,1,RSA,1.0,CHAMORRO V,2 - 1,231,BRA,3:51
Turnover foul,2,9.0,4,1,RSA,1.0,DIAS M,2 - 1,207,BRA,3:27
Steal,2,13.0,4,1,RSA,1.0,NIXON L,2 - 1,207,RSA,3:27
Centre shot - Missed,2,9.0,4,1,RSA,1.0,SMIT Z,2 - 1,186,RSA,3:06
5m shot - Missed,2,3.0,4,1,RSA,1.0,ZABLITH M,2 - 1,174,BRA,2:54
Time-Out,2,,4,1,RSA,1.0,,2 - 1,174,RSA,2:54
Turnover foul,2,10.0,4,1,RSA,1.0,MANSON M,2 - 1,151,RSA,2:31
Steal,2,10.0,4,1,RSA,1.0,BAHIA V,2 - 1,151,BRA,2:31
Action shot - Missed,2,2.0,4,1,RSA,1.0,ABLA D,2 - 1,129,BRA,2:09
5m shot - Saved,2,12.0,4,1,RSA,1.0,WHITE K,2 - 1,102,RSA,1:42
5m shot - Saved,2,2.0,4,1,RSA,1.0,ABLA D,2 - 1,73,BRA,1:13
Turnover foul,2,11.0,4,1,RSA,1.0,DUARTE M,2 - 1,59,BRA,0:59
Steal,2,8.0,4,1,RSA,1.0,KEEVY A,2 - 1,59,RSA,0:59
Centre shot - Saved,2,9.0,4,1,RSA,1.0,SMIT Z,2 - 1,42,RSA,0:42
Time-Out,2,,4,1,RSA,1.0,,2 - 1,42,BRA,0:42
20 sec. exclusion in centre,2,10.0,4,1,RSA,1.0,MANSON M,2 - 1,32,RSA,0:32
Extra player shot - Goal,3,2.0,4,1,RSA,1.0,ABLA D,3 - 1,20,BRA,0:20
5m shot - Saved,3,2.0,4,1,RSA,1.0,PENNEY A,3 - 1,1,RSA,0:01
Starting goalkeeper,3,1.0,4,1,RSA,2.0,CHAMORRO V,3 - 1,480,BRA,8:00
Starting goalkeeper,3,13.0,4,1,RSA,2.0,NIXON L,3 - 1,480,RSA,8:00
Sprint won possession,3,3.0,4,1,RSA,2.0,ZABLITH M,3 - 1,480,BRA,8:00
20 sec. exclusion in field,3,3.0,4,1,RSA,2.0,PALEY K,3 - 1,457,RSA,7:37
Extra player shot - Goal,4,2.0,4,1,RSA,2.0,ABLA D,4 - 1,442,BRA,7:22
5m shot - Missed,4,11.0,4,1,RSA,2.0,BARRETT N,4 - 1,418,RSA,6:58
5m shot - Post,4,11.0,4,1,RSA,2.0,DUARTE M,4 - 1,394,BRA,6:34
5m shot - Missed,4,8.0,4,1,RSA,2.0,KEEVY A,4 - 1,367,RSA,6:07
5m shot - Saved,4,3.0,4,1,RSA,2.0,ZABLITH M,4 - 1,342,BRA,5:42
Counter attack - Goal,4,6.0,4,2,RSA,2.0,HALLENDORFF A,4 - 2,329,RSA,5:29
5m shot - Missed,4,11.0,4,2,RSA,2.0,DUARTE M,4 - 2,308,BRA,5:08
Action shot - Missed,4,12.0,4,2,RSA,2.0,WHITE K,4 - 2,294,RSA,4:54
Turnover foul,4,4.0,4,2,RSA,2.0,SOUZA J,4 - 2,273,BRA,4:33
Turnover foul,4,2.0,4,2,RSA,2.0,PENNEY A,4 - 2,244,RSA,4:04
5m shot - Missed,4,11.0,4,2,RSA,2.0,DUARTE M,4 - 2,221,BRA,3:41
Turnover foul,4,11.0,4,2,RSA,2.0,BARRETT N,4 - 2,198,RSA,3:18
5m shot - Goal,5,3.0,4,2,RSA,2.0,ZABLITH M,5 - 2,186,BRA,3:06
Action shot - Blocked,5,2.0,4,2,RSA,2.0,PENNEY A,5 - 2,158,RSA,2:38
20 sec. exclusion in field,5,4.0,4,2,RSA,2.0,FAULMANN S,5 - 2,142,RSA,2:22
Extra player shot - Saved,5,9.0,4,2,RSA,2.0,DIAS M,5 - 2,124,BRA,2:04
Turnover foul,5,2.0,4,2,RSA,2.0,PENNEY A,5 - 2,98,RSA,1:38
Steal,5,3.0,4,2,RSA,2.0,ZABLITH M,5 - 2,98,BRA,1:38
Turnover foul,5,4.0,4,2,RSA,2.0,SOUZA J,5 - 2,68,BRA,1:08
Steal,5,2.0,4,2,RSA,2.0,PENNEY A,5 - 2,68,RSA,1:08
Turnover foul,5,9.0,4,2,RSA,2.0,SMIT Z,5 - 2,47,RSA,0:47
Time-Out,5,,4,2,RSA,2.0,,5 - 2,47,BRA,0:47
Centre shot - Goal,10,2.0,4,5,RSA,4.0,ABLA D,10 - 5,65,BRA,1:05
20 sec. exclusion in field,10,5.0,4,5,RSA,4.0,AMARAL A,10 - 5,38,BRA,0:38
20 sec. exclusion in field,10,12.0,4,5,RSA,2.0,WHITE K,10 - 5,35,RSA,0:35
Extra player shot - Post,10,3.0,4,5,RSA,2.0,ZABLITH M,10 - 5,15,BRA,0:15
Time-Out,10,,4,5,RSA,2.0,,10 - 5,15,RSA,0:15
5m shot - Post,10,12.0,4,5,RSA,2.0,WHITE K,10 - 5,1,RSA,0:01
Starting goalkeeper,10,1.0,4,5,RSA,3.0,CHAMORRO V,10 - 5,480,BRA,8:00
Starting goalkeeper,10,1.0,4,5,RSA,3.0,THOMAS R,10 - 5,480,RSA,8:00
Sprint won possession,10,6.0,4,5,RSA,3.0,HALLENDORFF A,10 - 5,480,RSA,8:00
Action shot - Missed,10,11.0,4,5,RSA,3.0,BARRETT N,10 - 5,456,RSA,7:36
5m shot - Saved,10,11.0,4,5,RSA,3.0,DUARTE M,10 - 5,427,BRA,7:07
Action shot - Missed,10,11.0,4,5,RSA,3.0,BARRETT N,10 - 5,402,RSA,6:42
5m shot - Goal,6,2.0,4,2,RSA,3.0,ABLA D,6 - 2,376,BRA,6:16
Action shot - Missed,6,3.0,4,2,RSA,3.0,PALEY K,6 - 2,361,RSA,6:01
Action shot - Goal,7,3.0,4,2,RSA,3.0,ZABLITH M,7 - 2,341,BRA,5:41
Centre shot - Missed,7,2.0,4,2,RSA,3.0,PENNEY A,7 - 2,317,RSA,5:17
Turnover foul,7,11.0,4,2,RSA,3.0,DUARTE M,7 - 2,297,BRA,4:57
5m shot - Goal,7,6.0,4,3,RSA,3.0,HALLENDORFF A,7 - 3,269,RSA,4:29
Action shot - Saved,7,9.0,4,3,RSA,3.0,SMIT Z,7 - 3,219,RSA,3:39
20 sec. exclusion in field,7,7.0,4,3,RSA,3.0,FERREIRA S,7 - 3,204,BRA,3:24
Time-Out,7,,4,3,RSA,3.0,,7 - 3,204,RSA,3:24
5m shot - Saved,7,8.0,4,3,RSA,3.0,KEEVY A,7 - 3,181,RSA,3:01
Turnover foul,7,5.0,4,3,RSA,3.0,SCHOOLING M,7 - 3,173,RSA,2:53
Steal,7,9.0,4,3,RSA,3.0,DIAS M,7 - 3,173,BRA,2:53
Double exclusion,7,3.0,4,3,RSA,3.0,ZABLITH M,7 - 3,158,BRA,2:38
Double exclusion,7,11.0,4,3,RSA,3.0,BARRETT N,7 - 3,158,RSA,2:38
20 sec. exclusion in field,7,12.0,4,3,RSA,3.0,WHITE K,7 - 3,158,RSA,2:38
Extra player shot - Saved,7,9.0,4,3,RSA,3.0,DIAS M,7 - 3,142,BRA,2:22
5m shot - Post,7,11.0,4,3,RSA,3.0,BARRETT N,7 - 3,117,RSA,1:57
Action shot - Saved,7,8.0,4,3,RSA,3.0,KEEVY A,7 - 3,110,RSA,1:50
20 sec. exclusion in field,7,8.0,4,3,RSA,3.0,KEEVY A,7 - 3,85,RSA,1:25
Extra player shot - Goal,8,9.0,4,3,RSA,3.0,DIAS M,8 - 3,66,BRA,1:06
Turnover foul,8,2.0,4,3,RSA,3.0,PENNEY A,8 - 3,53,RSA,0:53
Steal,8,10.0,4,3,RSA,3.0,BAHIA V,8 - 3,53,BRA,0:53
Time-Out,8,,4,3,RSA,3.0,,8 - 3,49,BRA,0:49
Turnover foul,8,3.0,4,3,RSA,3.0,ZABLITH M,8 - 3,31,BRA,0:31
Turnover foul,8,9.0,4,3,RSA,3.0,SMIT Z,8 - 3,13,RSA,0:13
5m shot - Missed,8,12.0,4,3,RSA,3.0,BELORIO L,8 - 3,1,BRA,0:01
Starting goalkeeper,8,1.0,4,3,RSA,4.0,CHAMORRO V,8 - 3,480,BRA,8:00
Starting goalkeeper,8,1.0,4,3,RSA,4.0,THOMAS R,8 - 3,480,RSA,8:00
Sprint won possession,8,12.0,4,3,RSA,4.0,BELORIO L,8 - 3,480,BRA,8:00
5m shot - Post,8,3.0,4,3,RSA,4.0,ZABLITH M,8 - 3,451,BRA,7:31
20 sec. exclusion in centre,8,12.0,4,3,RSA,4.0,BELORIO L,8 - 3,434,BRA,7:14
Turnover foul,8,7.0,4,3,RSA,4.0,WESSELS C,8 - 3,417,RSA,6:57
Steal,8,8.0,4,3,RSA,4.0,BRUZZO M,8 - 3,417,BRA,6:57
20 sec. exclusion in field,8,7.0,4,3,RSA,4.0,WESSELS C,8 - 3,417,RSA,6:57
Extra player shot - Saved,8,11.0,4,3,RSA,4.0,DUARTE M,8 - 3,403,BRA,6:43
5m shot - Goal,9,3.0,4,3,RSA,4.0,ZABLITH M,9 - 3,386,BRA,6:26
5m shot - Goal,9,7.0,4,4,RSA,4.0,WESSELS C,9 - 4,367,RSA,6:07
20 sec. exclusion in field,9,8.0,4,4,RSA,4.0,BRUZZO M,9 - 4,319,BRA,5:19
Turnover foul,9,8.0,4,4,RSA,4.0,KEEVY A,9 - 4,266,RSA,4:26
5m shot - Saved,9,10.0,4,4,RSA,4.0,BAHIA V,9 - 4,240,BRA,4:00
Time-Out,9,,4,4,RSA,4.0,,9 - 4,240,RSA,4:00
20 sec. exclusion in centre,9,4.0,4,4,RSA,4.0,SOUZA J,9 - 4,226,BRA,3:46
Turnover foul,9,2.0,4,4,RSA,4.0,ABLA D,9 - 4,179,BRA,2:59
Steal,9,6.0,4,4,RSA,4.0,HALLENDORFF A,9 - 4,179,RSA,2:59
Counter attack - Goal,9,3.0,4,5,RSA,4.0,PALEY K,9 - 5,172,RSA,2:52
Action shot - Saved,9,11.0,4,5,RSA,4.0,DUARTE M,9 - 5,149,BRA,2:29
Action shot - Saved,9,12.0,4,5,RSA,4.0,WHITE K,9 - 5,128,RSA,2:08
Turnover foul,9,2.0,4,5,RSA,4.0,ABLA D,9 - 5,108,BRA,1:48
Steal,9,1.0,4,5,RSA,4.0,THOMAS R,9 - 5,108,RSA,1:48
Turnover foul,9,5.0,4,5,RSA,4.0,SCHOOLING M,9 - 5,78,RSA,1:18
Steal,9,1.0,4,5,RSA,4.0,CHAMORRO V,9 - 5,78,BRA,1:18
Extra player shot - Missed,9,10.0,4,5,RSA,4.0,MANSON M,9 - 5,24,RSA,0:24
Time-Out,9,,4,5,RSA,4.0,,9 - 5,24,BRA,0:24
