Action,Cap,Game,ITA,Opponent,Opponent name,Period,Player,Score,Seconds,Team,Time
Starting goalkeeper,1.0,1,0,0,GRE,1.0,FLEGKAS K,0 - 0,480,GRE,8:00
Starting goalkeeper,1.0,1,0,0,GRE,1.0,TEMPESTI S,0 - 0,480,ITA,8:00
Sprint won possession,4.0,1,0,0,GRE,1.0,FIGLIOLI P,0 - 0,480,ITA,8:00
5m shot - Saved,2.0,1,0,0,GRE,1.0,DI FULVIO F,0 - 0,455,ITA,7:35
Action shot - Goal,11.0,1,1,0,GRE,1.0,AICARDI M,0 - 1,438,ITA,7:18
Turnover foul,12.0,1,1,0,GRE,1.0,VLACHOPOULOS A,0 - 1,408,GRE,6:48
Steal,4.0,1,1,0,GRE,1.0,FIGLIOLI P,0 - 1,408,ITA,6:48
Turnover foul,4.0,1,1,0,GRE,1.0,FIGLIOLI P,0 - 1,381,ITA,6:21
Steal,12.0,1,1,0,GRE,1.0,VLACHOPOULOS A,0 - 1,381,GRE,6:21
Centre shot - Goal,10.0,1,1,1,GRE,1.0,KOLOMVOS C,1 - 1,366,GRE,6:06
Turnover foul,5.0,1,1,1,GRE,1.0,GIORGETTI A,1 - 1,334,ITA,5:34
Steal,7.0,1,1,1,GRE,1.0,AFROUDAKIS C,1 - 1,334,GRE,5:34
Turnover foul,7.0,1,1,1,GRE,1.0,AFROUDAKIS C,1 - 1,302,GRE,5:02
20 sec. exclusion in centre,8.0,1,1,1,GRE,1.0,DELAKAS E,1 - 1,279,GRE,4:39
Extra player shot - Missed,5.0,1,1,1,GRE,1.0,GIORGETTI A,1 - 1,274,ITA,4:34
20 sec. exclusion in centre,9.0,1,1,1,GRE,1.0,GITTO N,1 - 1,239,ITA,3:59
Extra player shot - Goal,12.0,1,1,2,GRE,1.0,VLACHOPOULOS A,2 - 1,221,GRE,3:41
Action shot - Post,2.0,1,1,2,GRE,1.0,DI FULVIO F,2 - 1,193,ITA,3:13
5m shot - Goal,7.0,1,1,3,GRE,1.0,AFROUDAKIS C,3 - 1,163,GRE,2:43
20 sec. exclusion in centre,3.0,1,1,3,GRE,1.0,DERVISIS G,3 - 1,138,GRE,2:18
Extra player shot - Goal,10.0,1,2,3,GRE,1.0,LUONGO S,3 - 2,118,ITA,1:58
Action shot - Saved,6.0,1,2,3,GRE,1.0,PONTIKEAS K,3 - 2,84,GRE,1:24
20 sec. exclusion in centre,6.0,1,2,3,GRE,1.0,PONTIKEAS K,3 - 2,68,GRE,1:08
Extra player shot - Goal,5.0,1,3,3,GRE,1.0,GIORGETTI A,3 - 3,55,ITA,0:55
Time-Out,,1,3,3,GRE,1.0,,3 - 3,55,GRE,0:55
20 sec. exclusion in centre,8.0,1,3,3,GRE,1.0,PRESCIUTTI N,3 - 3,39,ITA,0:39
Extra player shot - Goal,9.0,1,3,4,GRE,1.0,MOURIKIS K,4 - 3,27,GRE,0:27
Time-Out,,1,3,4,GRE,1.0,,4 - 3,27,ITA,0:27
Penalty foul,2.0,1,3,4,GRE,1.0,MYLONAKIS E,4 - 3,8,GRE,0:08
Penalty shot - Goal,5.0,1,4,4,GRE,1.0,GIORGETTI A,4 - 4,8,ITA,0:08
5m shot - Saved,12.0,1,4,4,GRE,1.0,VLACHOPOULOS A,4 - 4,0,GRE,0:00
Starting goalkeeper,1.0,1,4,4,GRE,2.0,FLEGKAS K,4 - 4,480,GRE,8:00
Starting goalkeeper,1.0,1,4,4,GRE,2.0,TEMPESTI S,4 - 4,480,ITA,8:00
Sprint won possession,4.0,1,4,4,GRE,2.0,FIGLIOLI P,4 - 4,480,ITA,8:00
20 sec. exclusion in centre,3.0,1,4,4,GRE,2.0,DERVISIS G,4 - 4,459,GRE,7:39
Action shot - Saved,4.0,1,4,4,GRE,2.0,FIGLIOLI P,4 - 4,434,ITA,7:14
20 sec. exclusion in field,4.0,1,4,4,GRE,2.0,FIGLIOLI P,4 - 4,431,ITA,7:11
5m shot - Blocked,4.0,1,4,4,GRE,2.0,GENIDOUNIAS K,4 - 4,405,GRE,6:45
20 sec. exclusion in field,2.0,1,4,4,GRE,2.0,MYLONAKIS E,4 - 4,394,GRE,6:34
Action shot - Post,10.0,1,4,4,GRE,2.0,LUONGO S,4 - 4,371,ITA,6:11
5m shot - Saved,12.0,1,4,4,GRE,2.0,VLACHOPOULOS A,4 - 4,327,GRE,5:27
5m shot - Saved,5.0,1,4,4,GRE,2.0,GIORGETTI A,4 - 4,319,ITA,5:19
20 sec. exclusion in centre,7.0,1,4,4,GRE,2.0,GIACOPPO M,4 - 4,299,ITA,4:59
5m shot - Saved,12.0,1,4,4,GRE,2.0,VLACHOPOULOS A,4 - 4,273,GRE,4:33
5m shot - Goal,7.0,1,4,5,GRE,2.0,AFROUDAKIS C,5 - 4,256,GRE,4:16
5m shot - Blocked,10.0,1,4,5,GRE,2.0,LUONGO S,5 - 4,226,ITA,3:46
Turnover foul,9.0,1,4,5,GRE,2.0,MOURIKIS K,5 - 4,202,GRE,3:22
Turnover foul,10.0,1,4,5,GRE,2.0,LUONGO S,5 - 4,185,ITA,3:05
Steal,12.0,1,4,5,GRE,2.0,VLACHOPOULOS A,5 - 4,185,GRE,3:05
5m shot - Blocked,12.0,1,4,5,GRE,2.0,VLACHOPOULOS A,5 - 4,159,GRE,2:39
Turnover foul,2.0,1,4,5,GRE,2.0,DI FULVIO F,5 - 4,131,ITA,2:11
Steal,7.0,1,4,5,GRE,2.0,AFROUDAKIS C,5 - 4,131,GRE,2:11
Penalty foul,2.0,1,4,5,GRE,2.0,DI FULVIO F,5 - 4,107,ITA,1:47
Penalty shot - Saved,5.0,1,4,5,GRE,2.0,FOUNTOULIS I,5 - 4,107,GRE,1:47
Action shot - Goal,4.0,1,4,6,GRE,2.0,GENIDOUNIAS K,6 - 4,83,GRE,1:23
20 sec. exclusion in centre,3.0,1,4,6,GRE,2.0,DERVISIS G,6 - 4,68,GRE,1:08
Exclusion with substitution,3.0,1,4,6,GRE,2.0,DERVISIS G,6 - 4,68,GRE,1:08
Extra player shot - Goal,11.0,1,5,6,GRE,2.0,AICARDI M,6 - 5,49,ITA,0:49
Time-Out,,1,5,6,GRE,2.0,,6 - 5,49,GRE,0:49
Turnover foul,5.0,1,5,6,GRE,2.0,FOUNTOULIS I,6 - 5,22,GRE,0:22
Steal,3.0,1,5,6,GRE,2.0,VELOTTO A,6 - 5,22,ITA,0:22
Time-Out,,1,5,6,GRE,2.0,,6 - 5,22,ITA,0:22
Turnover foul,3.0,1,5,6,GRE,2.0,VELOTTO A,6 - 5,1,ITA,0:01
Steal,1.0,1,5,6,GRE,2.0,FLEGKAS K,6 - 5,1,GRE,0:01
Starting goalkeeper,1.0,1,5,6,GRE,3.0,FLEGKAS K,6 - 5,480,GRE,8:00
Starting goalkeeper,1.0,1,5,6,GRE,3.0,TEMPESTI S,6 - 5,480,ITA,8:00
Sprint won possession,4.0,1,5,6,GRE,3.0,FIGLIOLI P,6 - 5,480,ITA,8:00
Turnover foul,11.0,1,5,6,GRE,3.0,AICARDI M,6 - 5,460,ITA,7:40
Turnover foul,10.0,1,5,6,GRE,3.0,KOLOMVOS C,6 - 5,433,GRE,7:13
20 sec. exclusion in centre,12.0,1,5,6,GRE,3.0,VLACHOPOULOS A,6 - 5,407,GRE,6:47
20 sec. exclusion in centre,8.0,1,5,6,GRE,3.0,PRESCIUTTI N,6 - 5,365,ITA,6:05
Action shot - Goal,11.0,1,5,7,GRE,3.0,GOUNAS A,7 - 5,338,GRE,5:38
20 sec. exclusion in centre,6.0,1,5,7,GRE,3.0,PONTIKEAS K,7 - 5,312,GRE,5:12
Extra player shot - Saved,11.0,1,5,7,GRE,3.0,AICARDI M,7 - 5,289,ITA,4:49
Action shot - Saved,9.0,1,5,7,GRE,3.0,MOURIKIS K,7 - 5,262,GRE,4:22
5m shot - Saved,10.0,1,5,7,GRE,3.0,LUONGO S,7 - 5,231,ITA,3:51
20 sec. exclusion in centre,9.0,1,5,7,GRE,3.0,GITTO N,7 - 5,206,ITA,3:26
Time-Out,,1,5,7,GRE,3.0,,7 - 5,206,GRE,3:26
Extra player shot - Goal,5.0,1,5,8,GRE,3.0,FOUNTOULIS I,8 - 5,187,GRE,3:07
20 sec. exclusion in centre,7.0,1,5,8,GRE,3.0,AFROUDAKIS C,8 - 5,164,GRE,2:44
Extra player shot - Goal,4.0,1,6,8,GRE,3.0,FIGLIOLI P,8 - 6,143,ITA,2:23
Turnover foul,12.0,1,6,8,GRE,3.0,VLACHOPOULOS A,8 - 6,126,GRE,2:06
Steal,3.0,1,6,8,GRE,3.0,VELOTTO A,8 - 6,126,ITA,2:06
Action shot - Post,4.0,1,6,8,GRE,3.0,FIGLIOLI P,8 - 6,113,ITA,1:53
Centre shot - Goal,7.0,1,7,8,GRE,3.0,GIACOPPO M,8 - 7,113,ITA,1:53
20 sec. exclusion in centre,7.0,1,7,8,GRE,3.0,GIACOPPO M,8 - 7,90,ITA,1:30
Extra player shot - Goal,5.0,1,7,9,GRE,3.0,FOUNTOULIS I,9 - 7,73,GRE,1:13
Turnover foul,3.0,1,7,9,GRE,3.0,VELOTTO A,9 - 7,53,ITA,0:53
Steal,5.0,1,7,9,GRE,3.0,FOUNTOULIS I,9 - 7,53,GRE,0:53
Turnover foul,9.0,1,7,9,GRE,3.0,MOURIKIS K,9 - 7,31,GRE,0:31
Turnover foul,4.0,1,7,9,GRE,3.0,FIGLIOLI P,9 - 7,9,ITA,0:09
Steal,12.0,1,7,9,GRE,3.0,VLACHOPOULOS A,9 - 7,9,GRE,0:09
5m shot - Saved,5.0,1,7,9,GRE,3.0,FOUNTOULIS I,9 - 7,1,GRE,0:01
Starting goalkeeper,1.0,1,7,9,GRE,4.0,FLEGKAS K,9 - 7,480,GRE,8:00
Starting goalkeeper,1.0,1,7,9,GRE,4.0,TEMPESTI S,9 - 7,480,ITA,8:00
Sprint won possession,4.0,1,7,9,GRE,4.0,FIGLIOLI P,9 - 7,480,ITA,8:00
5m shot - Post,2.0,1,7,9,GRE,4.0,DI FULVIO F,9 - 7,450,ITA,7:30
20 sec. exclusion in centre,9.0,1,7,9,GRE,4.0,GITTO N,9 - 7,423,ITA,7:03
Exclusion with substitution,9.0,1,7,9,GRE,4.0,GITTO N,9 - 7,423,ITA,7:03
Action shot - Saved,8.0,1,7,9,GRE,4.0,DELAKAS E,9 - 7,402,GRE,6:42
Turnover foul,8.0,1,7,9,GRE,4.0,DELAKAS E,9 - 7,371,GRE,6:11
Steal,4.0,1,7,9,GRE,4.0,FIGLIOLI P,9 - 7,371,ITA,6:11
20 sec. exclusion in field,7.0,1,7,9,GRE,4.0,AFROUDAKIS C,9 - 7,371,GRE,6:11
Action shot - Saved,2.0,1,7,9,GRE,4.0,DI FULVIO F,9 - 7,358,ITA,5:58
Action shot - Goal,4.0,1,8,9,GRE,4.0,FIGLIOLI P,9 - 8,343,ITA,5:43
Turnover foul,12.0,1,8,9,GRE,4.0,VLACHOPOULOS A,9 - 8,317,GRE,5:17
Action shot - Goal,12.0,1,9,9,GRE,4.0,BARALDI F,9 - 9,301,ITA,5:01
20 sec. exclusion in centre,8.0,1,9,9,GRE,4.0,PRESCIUTTI N,9 - 9,285,ITA,4:45
Exclusion with substitution,8.0,1,9,9,GRE,4.0,PRESCIUTTI N,9 - 9,285,ITA,4:45
20 sec. exclusion in centre,4.0,1,9,9,GRE,4.0,FIGLIOLI P,9 - 9,271,ITA,4:31
Extra player shot - Goal,9.0,1,9,10,GRE,4.0,MOURIKIS K,10 - 9,256,GRE,4:16
20 sec. exclusion in centre,8.0,1,9,10,GRE,4.0,DELAKAS E,10 - 9,229,GRE,3:49
Extra player shot - Goal,10.0,1,10,10,GRE,4.0,LUONGO S,10 - 10,214,ITA,3:34
Penalty foul,3.0,1,10,10,GRE,4.0,VELOTTO A,10 - 10,186,ITA,3:06
Penalty shot - Goal,7.0,1,10,11,GRE,4.0,AFROUDAKIS C,11 - 10,186,GRE,3:06
5m shot - Blocked,10.0,1,10,11,GRE,4.0,LUONGO S,11 - 10,160,ITA,2:40
Turnover foul,12.0,1,10,11,GRE,4.0,VLACHOPOULOS A,11 - 10,128,GRE,2:08
20 sec. exclusion in centre,8.0,1,10,11,GRE,4.0,DELAKAS E,11 - 10,110,GRE,1:50
Exclusion with substitution,8.0,1,10,11,GRE,4.0,DELAKAS E,11 - 10,110,GRE,1:50
Time-Out,,1,10,11,GRE,4.0,,11 - 10,110,ITA,1:50
Extra player shot - Missed,5.0,1,10,11,GRE,4.0,GIORGETTI A,11 - 10,82,ITA,1:22
5m shot - Saved,5.0,1,10,11,GRE,4.0,FOUNTOULIS I,11 - 10,65,GRE,1:05
Turnover foul,5.0,1,10,11,GRE,4.0,FOUNTOULIS I,11 - 10,35,GRE,0:35
20 sec. exclusion in centre,9.0,1,10,11,GRE,4.0,MOURIKIS K,11 - 10,22,GRE,0:22
Extra player shot - Blocked,6.0,1,10,11,GRE,4.0,FONDELLI A,11 - 10,8,ITA,0:08
Starting goalkeeper,13.0,2,0,0,RUS,1.0,IVANOV V,0 - 0,480,RUS,8:00
Starting goalkeeper,1.0,2,0,0,RUS,1.0,TEMPESTI S,0 - 0,480,ITA,8:00
Sprint won possession,4.0,2,0,0,RUS,1.0,FIGLIOLI P,0 - 0,480,ITA,8:00
Action shot - Post,11.0,2,0,0,RUS,1.0,AICARDI M,0 - 0,460,ITA,7:40
5m shot - Post,2.0,2,0,0,RUS,1.0,BUGAYCHUK A,0 - 0,430,RUS,7:10
Action shot - Blocked,10.0,2,0,0,RUS,1.0,LUONGO S,0 - 0,410,ITA,6:50
20 sec. exclusion in centre,3.0,2,0,0,RUS,1.0,VELOTTO A,0 - 0,391,ITA,6:31
Turnover foul,10.0,2,0,0,RUS,1.0,KHOLOD D,0 - 0,369,RUS,6:09
Steal,5.0,2,0,0,RUS,1.0,GIORGETTI A,0 - 0,369,ITA,6:09
Turnover foul,5.0,2,0,0,RUS,1.0,GIORGETTI A,0 - 0,338,ITA,5:38
Steal,6.0,2,0,0,RUS,1.0,ASHAEV A,0 - 0,338,RUS,5:38
Action shot - Blocked,2.0,2,0,0,RUS,1.0,BUGAYCHUK A,0 - 0,321,RUS,5:21
Action shot - Goal,2.0,2,1,0,RUS,1.0,DI FULVIO F,0 - 1,304,ITA,5:04
Action shot - Saved,5.0,2,1,0,RUS,1.0,GIORGETTI A,0 - 1,280,ITA,4:40
Turnover foul,7.0,2,1,0,RUS,1.0,GIACOPPO M,0 - 1,258,ITA,4:18
Turnover foul,3.0,2,1,0,RUS,1.0,ODINTSOV A,0 - 1,229,RUS,3:49
Steal,7.0,2,1,0,RUS,1.0,GIACOPPO M,0 - 1,229,ITA,3:49
Centre shot - Post,12.0,2,1,0,RUS,1.0,BARALDI F,0 - 1,209,ITA,3:29
Centre shot - Saved,12.0,2,1,0,RUS,1.0,BARALDI F,0 - 1,202,ITA,3:22
5m shot - Blocked,7.0,2,1,0,RUS,1.0,TIMAKOV V,0 - 1,177,RUS,2:57
Action shot - Saved,2.0,2,1,0,RUS,1.0,DI FULVIO F,0 - 1,149,ITA,2:29
5m shot - Saved,9.0,2,1,0,RUS,1.0,STEPANIUK K,0 - 1,120,RUS,2:00
5m shot - Missed,2.0,2,1,0,RUS,1.0,DI FULVIO F,0 - 1,93,ITA,1:33
20 sec. exclusion in centre,7.0,2,1,0,RUS,1.0,GIACOPPO M,0 - 1,71,ITA,1:11
Time-Out,,2,1,0,RUS,1.0,,0 - 1,71,RUS,1:11
Extra player shot - Goal,10.0,2,1,1,RUS,1.0,KHOLOD D,1 - 1,51,RUS,0:51
Centre shot - Post,11.0,2,1,1,RUS,1.0,AICARDI M,1 - 1,34,ITA,0:34
Action shot - Saved,8.0,2,1,1,RUS,1.0,NAGAEV I,1 - 1,15,RUS,0:15
Time-Out,,2,1,1,RUS,1.0,,1 - 1,15,ITA,0:15
Action shot - Saved,10.0,2,1,1,RUS,1.0,LUONGO S,1 - 1,3,ITA,0:03
20 sec. exclusion in centre,9.0,2,1,1,RUS,1.0,STEPANIUK K,1 - 1,3,RUS,0:03
Starting goalkeeper,13.0,2,1,1,RUS,2.0,IVANOV V,1 - 1,480,RUS,8:00
Starting goalkeeper,1.0,2,1,1,RUS,2.0,TEMPESTI S,1 - 1,480,ITA,8:00
Sprint won possession,4.0,2,1,1,RUS,2.0,FIGLIOLI P,1 - 1,480,ITA,8:00
Action shot - Saved,11.0,2,1,1,RUS,2.0,AICARDI M,1 - 1,456,ITA,7:36
Centre shot - Saved,11.0,2,1,1,RUS,2.0,AICARDI M,1 - 1,432,ITA,7:12
Turnover foul,9.0,2,1,1,RUS,2.0,STEPANIUK K,1 - 1,405,RUS,6:45
20 sec. exclusion in centre,3.0,2,1,1,RUS,2.0,ODINTSOV A,1 - 1,398,RUS,6:38
Extra player shot - Goal,5.0,2,2,1,RUS,2.0,GIORGETTI A,1 - 2,379,ITA,6:19
5m shot - Blocked,9.0,2,2,1,RUS,2.0,STEPANIUK K,1 - 2,349,RUS,5:49
5m shot - Goal,9.0,2,3,1,RUS,2.0,GITTO N,1 - 3,323,ITA,5:23
5m shot - Missed,4.0,2,3,1,RUS,2.0,BYCHKOV I,1 - 3,301,RUS,5:01
Action shot - Saved,2.0,2,3,1,RUS,2.0,DI FULVIO F,1 - 3,274,ITA,4:34
Turnover foul,4.0,2,3,1,RUS,2.0,FIGLIOLI P,1 - 3,248,ITA,4:08
Turnover foul,9.0,2,3,1,RUS,2.0,STEPANIUK K,1 - 3,216,RUS,3:36
5m shot - Goal,4.0,2,4,1,RUS,2.0,FIGLIOLI P,1 - 4,195,ITA,3:15
5m shot - Saved,4.0,2,4,1,RUS,2.0,BYCHKOV I,1 - 4,166,RUS,2:46
Action shot - Missed,7.0,2,4,1,RUS,2.0,TIMAKOV V,1 - 4,146,RUS,2:26
Turnover foul,6.0,2,4,1,RUS,2.0,ASHAEV A,1 - 4,130,RUS,2:10
20 sec. exclusion in centre,6.0,2,4,1,RUS,2.0,ASHAEV A,1 - 4,130,RUS,2:10
Centre shot - Goal,11.0,2,5,1,RUS,2.0,AICARDI M,1 - 5,106,ITA,1:46
Turnover foul,12.0,2,5,1,RUS,2.0,MAGOMAEV L,1 - 5,85,RUS,1:25
20 sec. exclusion in centre,2.0,2,5,1,RUS,2.0,BUGAYCHUK A,1 - 5,85,RUS,1:25
Time-Out,,2,5,1,RUS,2.0,,1 - 5,85,ITA,1:25
Extra player shot - Goal,7.0,2,6,1,RUS,2.0,GIACOPPO M,1 - 6,66,ITA,1:06
Turnover foul,12.0,2,6,1,RUS,2.0,MAGOMAEV L,1 - 6,49,RUS,0:49
Time-Out,,2,6,1,RUS,2.0,,1 - 6,24,RUS,0:24
20 sec. exclusion in centre,4.0,2,6,1,RUS,2.0,FIGLIOLI P,1 - 6,16,ITA,0:16
Extra player shot - Saved,4.0,2,6,1,RUS,2.0,BYCHKOV I,1 - 6,0,RUS,0:00
Starting goalkeeper,13.0,2,6,1,RUS,3.0,IVANOV V,1 - 6,480,RUS,8:00
Starting goalkeeper,13.0,2,6,1,RUS,3.0,DEL LUNGO M,1 - 6,480,ITA,8:00
Sprint won possession,4.0,2,6,1,RUS,3.0,FIGLIOLI P,1 - 6,480,ITA,8:00
20 sec. exclusion in centre,3.0,2,6,1,RUS,3.0,ODINTSOV A,1 - 6,462,RUS,7:42
Turnover foul,9.0,2,6,1,RUS,3.0,GITTO N,1 - 6,383,ITA,6:23
Steal,8.0,2,6,1,RUS,3.0,NAGAEV I,1 - 6,383,RUS,6:23
Turnover foul,8.0,2,6,1,RUS,3.0,NAGAEV I,1 - 6,383,RUS,6:23
Steal,4.0,2,6,1,RUS,3.0,FIGLIOLI P,1 - 6,383,ITA,6:23
Action shot - Post,5.0,2,6,1,RUS,3.0,GIORGETTI A,1 - 6,383,ITA,6:23
Penalty foul,10.0,2,6,1,RUS,3.0,KHOLOD D,1 - 6,356,RUS,5:56
Penalty shot - Post,6.0,2,6,1,RUS,3.0,FONDELLI A,1 - 6,356,ITA,5:56
20 sec. exclusion in field,12.0,2,6,1,RUS,3.0,BARALDI F,1 - 6,339,ITA,5:39
Action shot - Goal,10.0,2,6,2,RUS,3.0,KHOLOD D,2 - 6,313,RUS,5:13
Goalkeeper substitution,1.0,2,6,2,RUS,3.0,TEMPESTI S,2 - 6,313,ITA,5:13
Turnover foul,11.0,2,6,2,RUS,3.0,AICARDI M,2 - 6,287,ITA,4:47
20 sec. exclusion in centre,4.0,2,6,2,RUS,3.0,FIGLIOLI P,2 - 6,270,ITA,4:30
Extra player shot - Goal,11.0,2,6,3,RUS,3.0,LISUNOV S,3 - 6,265,RUS,4:25
Action shot - Missed,11.0,2,6,3,RUS,3.0,AICARDI M,3 - 6,251,ITA,4:11
Turnover foul,2.0,2,6,3,RUS,3.0,BUGAYCHUK A,3 - 6,251,RUS,4:11
5m shot - Goal,10.0,2,7,3,RUS,3.0,LUONGO S,3 - 7,232,ITA,3:52
Turnover foul,9.0,2,7,3,RUS,3.0,STEPANIUK K,3 - 7,200,RUS,3:20
5m shot - Saved,3.0,2,7,3,RUS,3.0,VELOTTO A,3 - 7,194,ITA,3:14
20 sec. exclusion in centre,3.0,2,7,3,RUS,3.0,VELOTTO A,3 - 7,192,ITA,3:12
Time-Out,,2,7,3,RUS,3.0,,3 - 7,192,RUS,3:12
Action shot - Goal,10.0,2,7,4,RUS,3.0,KHOLOD D,4 - 7,163,RUS,2:43
,,2,7,4,RUS,3.0,,4 - 7,163,A,2:43
20 sec. exclusion in centre,4.0,2,7,4,RUS,3.0,BYCHKOV I,4 - 7,137,RUS,2:17
Time-Out,,2,7,4,RUS,3.0,,4 - 7,137,ITA,2:17
Action shot - Blocked,4.0,2,7,4,RUS,3.0,FIGLIOLI P,4 - 7,107,ITA,1:47
5m shot - Blocked,9.0,2,7,4,RUS,3.0,STEPANIUK K,4 - 7,74,RUS,1:14
Turnover foul,11.0,2,7,4,RUS,3.0,AICARDI M,4 - 7,50,ITA,0:50
Turnover foul,8.0,2,7,4,RUS,3.0,NAGAEV I,4 - 7,12,RUS,0:12
5m shot - Blocked,10.0,2,7,4,RUS,3.0,LUONGO S,4 - 7,0,ITA,0:00
Starting goalkeeper,13.0,2,7,4,RUS,4.0,IVANOV V,4 - 7,480,RUS,8:00
Starting goalkeeper,1.0,2,7,4,RUS,4.0,TEMPESTI S,4 - 7,480,ITA,8:00
Sprint won possession,2.0,2,7,4,RUS,4.0,DI FULVIO F,4 - 7,480,ITA,8:00
20 sec. exclusion in centre,4.0,2,7,4,RUS,4.0,BYCHKOV I,4 - 7,453,RUS,7:33
Extra player shot - Saved,10.0,2,7,4,RUS,4.0,LUONGO S,4 - 7,435,ITA,7:15
5m shot - Missed,6.0,2,7,4,RUS,4.0,ASHAEV A,4 - 7,405,RUS,6:45
Turnover foul,10.0,2,7,4,RUS,4.0,LUONGO S,4 - 7,380,ITA,6:20
20 sec. exclusion in centre,7.0,2,7,4,RUS,4.0,GIACOPPO M,4 - 7,363,ITA,6:03
Extra player shot - Saved,2.0,2,7,4,RUS,4.0,BUGAYCHUK A,4 - 7,343,RUS,5:43
Turnover foul,3.0,2,7,4,RUS,4.0,ODINTSOV A,4 - 7,329,RUS,5:29
Action shot - Saved,9.0,2,7,4,RUS,4.0,GITTO N,4 - 7,314,ITA,5:14
Turnover foul,10.0,2,7,4,RUS,4.0,LUONGO S,4 - 7,285,ITA,4:45
Steal,3.0,2,7,4,RUS,4.0,ODINTSOV A,4 - 7,285,RUS,4:45
5m shot - Missed,2.0,2,7,4,RUS,4.0,BUGAYCHUK A,4 - 7,255,RUS,4:15
Action shot - Saved,2.0,2,7,4,RUS,4.0,DI FULVIO F,4 - 7,241,ITA,4:01
Turnover foul,10.0,2,7,4,RUS,4.0,LUONGO S,4 - 7,219,ITA,3:39
Steal,5.0,2,7,4,RUS,4.0,ZINNATULLIN A,4 - 7,219,RUS,3:39
20 sec. exclusion in centre,9.0,2,7,4,RUS,4.0,GITTO N,4 - 7,196,ITA,3:16
Time-Out,,2,7,4,RUS,4.0,,4 - 7,196,RUS,3:16
Action shot - Goal,7.0,2,7,5,RUS,4.0,TIMAKOV V,5 - 7,172,RUS,2:52
20 sec. exclusion in centre,10.0,2,7,5,RUS,4.0,KHOLOD D,5 - 7,145,RUS,2:25
Extra player shot - Goal,5.0,2,8,5,RUS,4.0,GIORGETTI A,5 - 8,136,ITA,2:16
20 sec. exclusion in centre,9.0,2,8,5,RUS,4.0,GITTO N,5 - 8,117,ITA,1:57
Extra player shot - Post,8.0,2,8,5,RUS,4.0,NAGAEV I,5 - 8,100,RUS,1:40
Extra player shot - Saved,11.0,2,8,5,RUS,4.0,LISUNOV S,5 - 8,92,RUS,1:32
Turnover foul,11.0,2,8,5,RUS,4.0,AICARDI M,5 - 8,68,ITA,1:08
Yellow card,,2,8,5,RUS,4.0,Team Official,5 - 8,62,ITA,1:02
Penalty foul,4.0,2,8,5,RUS,4.0,FIGLIOLI P,5 - 8,62,ITA,1:02
Exclusion with substitution,4.0,2,8,5,RUS,4.0,FIGLIOLI P,5 - 8,62,ITA,1:02
Penalty shot - Goal,8.0,2,8,6,RUS,4.0,NAGAEV I,6 - 8,62,RUS,1:02
Centre shot - Post,2.0,2,8,6,RUS,4.0,DI FULVIO F,6 - 8,32,ITA,0:32
20 sec. exclusion in centre,4.0,2,8,6,RUS,4.0,BYCHKOV I,6 - 8,15,RUS,0:15
Exclusion with substitution,4.0,2,8,6,RUS,4.0,BYCHKOV I,6 - 8,15,RUS,0:15
Extra player shot - Goal,3.0,2,9,6,RUS,4.0,VELOTTO A,6 - 9,15,ITA,0:15
Starting goalkeeper,13.0,3,0,0,USA,1.0,BARON M,0 - 0,480,USA,8:00
Starting goalkeeper,1.0,3,0,0,USA,1.0,TEMPESTI S,0 - 0,480,ITA,8:00
Sprint won possession,4.0,3,0,0,USA,1.0,FIGLIOLI P,0 - 0,480,ITA,8:00
Turnover foul,4.0,3,0,0,USA,1.0,FIGLIOLI P,0 - 0,459,ITA,7:39
Steal,7.0,3,0,0,USA,1.0,SAMUELS J,0 - 0,459,USA,7:39
Action shot - Saved,4.0,3,0,0,USA,1.0,KIMBELL J,0 - 0,440,USA,7:20
20 sec. exclusion in field,4.0,3,0,0,USA,1.0,KIMBELL J,0 - 0,436,USA,7:16
Action shot - Goal,2.0,3,1,0,USA,1.0,DI FULVIO F,0 - 1,411,ITA,6:51
20 sec. exclusion in centre,3.0,3,1,0,USA,1.0,VELOTTO A,0 - 1,392,ITA,6:32
20 sec. exclusion in field,11.0,3,1,0,USA,1.0,AICARDI M,0 - 1,377,ITA,6:17
Extra player shot - Saved,8.0,3,1,0,USA,1.0,AZEVEDO T,0 - 1,366,USA,6:06
Extra player shot - Goal,2.0,3,1,1,USA,1.0,VAVIC N,1 - 1,364,USA,6:04
20 sec. exclusion in field,8.0,3,1,1,USA,1.0,AZEVEDO T,1 - 1,344,USA,5:44
20 sec. exclusion in field,7.0,3,1,1,USA,1.0,SAMUELS J,1 - 1,329,USA,5:29
Extra player shot - Goal,5.0,3,2,1,USA,1.0,GIORGETTI A,1 - 2,325,ITA,5:25
5m shot - Saved,9.0,3,2,1,USA,1.0,BOWEN A,1 - 2,296,USA,4:56
Penalty foul,7.0,3,2,1,USA,1.0,SAMUELS J,1 - 2,277,USA,4:37
Penalty shot - Goal,5.0,3,3,1,USA,1.0,GIORGETTI A,1 - 3,277,ITA,4:37
20 sec. exclusion in centre,7.0,3,3,1,USA,1.0,GIACOPPO M,1 - 3,260,ITA,4:20
Extra player shot - Goal,10.0,3,3,2,USA,1.0,BONANNI B,2 - 3,242,USA,4:02
Turnover foul,11.0,3,3,2,USA,1.0,AICARDI M,2 - 3,216,ITA,3:36
Action shot - Saved,10.0,3,3,2,USA,1.0,BONANNI B,2 - 3,193,USA,3:13
Turnover foul,3.0,3,3,2,USA,1.0,OBERT A,2 - 3,180,USA,3:00
Counter attack - Missed,11.0,3,3,2,USA,1.0,AICARDI M,2 - 3,174,ITA,2:54
Turnover foul,2.0,3,3,2,USA,1.0,VAVIC N,2 - 3,148,USA,2:28
Counter attack - Goal,2.0,3,4,2,USA,1.0,DI FULVIO F,2 - 4,135,ITA,2:15
20 sec. exclusion in field,5.0,3,4,2,USA,1.0,GIORGETTI A,2 - 4,123,ITA,2:03
Extra player shot - Goal,8.0,3,4,3,USA,1.0,AZEVEDO T,3 - 4,109,USA,1:49
Turnover foul,6.0,3,4,3,USA,1.0,FONDELLI A,3 - 4,95,ITA,1:35
Steal,8.0,3,4,3,USA,1.0,AZEVEDO T,3 - 4,95,USA,1:35
Action shot - Saved,8.0,3,4,3,USA,1.0,AZEVEDO T,3 - 4,82,USA,1:22
Action shot - Post,7.0,3,4,3,USA,1.0,SAMUELS J,3 - 4,64,USA,1:04
Turnover foul,3.0,3,4,3,USA,1.0,VELOTTO A,3 - 4,44,ITA,0:44
Steal,10.0,3,4,3,USA,1.0,BONANNI B,3 - 4,44,USA,0:44
Time-Out,,3,4,3,USA,1.0,,3 - 4,44,USA,0:44
5m shot - Goal,7.0,3,4,4,USA,1.0,SAMUELS J,4 - 4,19,USA,0:19
Time-Out,,3,4,4,USA,1.0,,4 - 4,19,ITA,0:19
20 sec. exclusion in centre,11.0,3,4,4,USA,1.0,SMITH J,4 - 4,7,USA,0:07
Action shot - Saved,10.0,3,4,4,USA,1.0,LUONGO S,4 - 4,0,ITA,0:00
Starting goalkeeper,13.0,3,4,4,USA,2.0,BARON M,4 - 4,480,USA,8:00
Starting goalkeeper,1.0,3,4,4,USA,2.0,TEMPESTI S,4 - 4,480,ITA,8:00
Sprint won possession,4.0,3,4,4,USA,2.0,FIGLIOLI P,4 - 4,480,ITA,8:00
20 sec. exclusion in centre,5.0,3,4,4,USA,2.0,ROELSE A,4 - 4,453,USA,7:33
Action shot - Saved,5.0,3,4,4,USA,2.0,GIORGETTI A,4 - 4,422,ITA,7:02
20 sec. exclusion in centre,9.0,3,4,4,USA,2.0,GITTO N,4 - 4,406,ITA,6:46
Centre shot - Goal,4.0,3,4,5,USA,2.0,KIMBELL J,5 - 4,383,USA,6:23
Action shot - Saved,4.0,3,4,5,USA,2.0,FIGLIOLI P,5 - 4,362,ITA,6:02
5m shot - Blocked,7.0,3,4,5,USA,2.0,SAMUELS J,5 - 4,326,USA,5:26
Turnover foul,12.0,3,4,5,USA,2.0,BARALDI F,5 - 4,301,ITA,5:01
Turnover foul,6.0,3,4,5,USA,2.0,CUPIDO L,5 - 4,274,USA,4:34
Steal,10.0,3,4,5,USA,2.0,LUONGO S,5 - 4,274,ITA,4:34
Centre shot - Goal,4.0,3,5,5,USA,2.0,FIGLIOLI P,5 - 5,252,ITA,4:12
Action shot - Goal,2.0,3,5,6,USA,2.0,VAVIC N,6 - 5,230,USA,3:50
Centre shot - Saved,11.0,3,5,6,USA,2.0,AICARDI M,6 - 5,210,ITA,3:30
Centre shot - Goal,3.0,3,5,7,USA,2.0,OBERT A,7 - 5,188,USA,3:08
Action shot - Saved,9.0,3,5,7,USA,2.0,BOWEN A,7 - 5,129,USA,2:09
5m shot - Saved,9.0,3,5,7,USA,2.0,BOWEN A,7 - 5,113,USA,1:53
5m shot - Saved,10.0,3,5,7,USA,2.0,LUONGO S,7 - 5,92,ITA,1:32
Centre shot - Goal,11.0,3,6,7,USA,2.0,AICARDI M,7 - 6,79,ITA,1:19
Turnover foul,7.0,3,6,7,USA,2.0,SAMUELS J,7 - 6,52,USA,0:52
Steal,2.0,3,6,7,USA,2.0,DI FULVIO F,7 - 6,52,ITA,0:52
Counter attack - Saved,10.0,3,6,7,USA,2.0,LUONGO S,7 - 6,37,ITA,0:37
Yellow card,,3,6,7,USA,2.0,Team Official,7 - 6,37,USA,0:37
Time-Out,,3,6,7,USA,2.0,,7 - 6,37,USA,0:37
Goalkeeper substitution,13.0,3,6,7,USA,2.0,BARON M,7 - 6,33,USA,0:33
Turnover foul,12.0,3,6,7,USA,2.0,MANN J,7 - 6,22,USA,0:22
Time-Out,,3,6,7,USA,2.0,,7 - 6,22,ITA,0:22
5m shot - Post,2.0,3,6,7,USA,2.0,DI FULVIO F,7 - 6,0,ITA,0:00
Starting goalkeeper,13.0,3,6,7,USA,3.0,BARON M,7 - 6,480,USA,8:00
Starting goalkeeper,1.0,3,6,7,USA,3.0,TEMPESTI S,7 - 6,480,ITA,8:00
Sprint won possession,7.0,3,6,7,USA,3.0,SAMUELS J,7 - 6,480,USA,8:00
Action shot - Post,12.0,3,6,7,USA,3.0,MANN J,7 - 6,449,USA,7:29
5m shot - Saved,9.0,3,6,7,USA,3.0,GITTO N,7 - 6,420,ITA,7:00
20 sec. exclusion in centre,4.0,3,6,7,USA,3.0,KIMBELL J,7 - 6,402,USA,6:42
Extra player shot - Saved,10.0,3,6,7,USA,3.0,LUONGO S,7 - 6,384,ITA,6:24
20 sec. exclusion in field,10.0,3,6,7,USA,3.0,LUONGO S,7 - 6,355,ITA,5:55
Action shot - Goal,8.0,3,6,8,USA,3.0,AZEVEDO T,8 - 6,337,USA,5:37
Turnover foul,12.0,3,6,8,USA,3.0,BARALDI F,8 - 6,308,ITA,5:08
Turnover foul,3.0,3,6,8,USA,3.0,OBERT A,8 - 6,290,USA,4:50
Centre shot - Saved,12.0,3,6,8,USA,3.0,BARALDI F,8 - 6,269,ITA,4:29
20 sec. exclusion in field,5.0,3,6,8,USA,3.0,ROELSE A,8 - 6,252,USA,4:12
Extra player shot - Missed,7.0,3,6,8,USA,3.0,GIACOPPO M,8 - 6,233,ITA,3:53
20 sec. exclusion in field,3.0,3,6,8,USA,3.0,VELOTTO A,8 - 6,223,ITA,3:43
Action shot - Goal,10.0,3,6,9,USA,3.0,BONANNI B,9 - 6,200,USA,3:20
5m shot - Saved,5.0,3,6,9,USA,3.0,GIORGETTI A,9 - 6,174,ITA,2:54
5m shot - Goal,2.0,3,7,9,USA,3.0,DI FULVIO F,9 - 7,157,ITA,2:37
20 sec. exclusion in field,4.0,3,7,9,USA,3.0,FIGLIOLI P,9 - 7,134,ITA,2:14
Action shot - Post,8.0,3,7,9,USA,3.0,AZEVEDO T,9 - 7,113,USA,1:53
5m shot - Post,4.0,3,7,9,USA,3.0,FIGLIOLI P,9 - 7,86,ITA,1:26
Turnover foul,12.0,3,7,9,USA,3.0,MANN J,9 - 7,61,USA,1:01
Centre shot - Post,10.0,3,7,9,USA,3.0,LUONGO S,9 - 7,54,ITA,0:54
Time-Out,,3,7,9,USA,3.0,,9 - 7,54,USA,0:54
Action shot - Post,6.0,3,7,9,USA,3.0,CUPIDO L,9 - 7,28,USA,0:28
5m shot - Saved,8.0,3,7,9,USA,3.0,AZEVEDO T,9 - 7,0,USA,0:00
Starting goalkeeper,13.0,3,7,9,USA,4.0,BARON M,9 - 7,480,USA,8:00
Starting goalkeeper,1.0,3,7,9,USA,4.0,TEMPESTI S,9 - 7,480,ITA,8:00
Sprint won possession,2.0,3,7,9,USA,4.0,DI FULVIO F,9 - 7,480,ITA,8:00
20 sec. exclusion in centre,11.0,3,7,9,USA,4.0,SMITH J,9 - 7,459,USA,7:39
20 sec. exclusion in centre,7.0,3,7,9,USA,4.0,SAMUELS J,9 - 7,441,USA,7:21
Exclusion with substitution,7.0,3,7,9,USA,4.0,SAMUELS J,9 - 7,441,USA,7:21
Extra player shot - Blocked,6.0,3,7,9,USA,4.0,FONDELLI A,9 - 7,427,ITA,7:07
Action shot - Goal,10.0,3,8,9,USA,4.0,LUONGO S,9 - 8,420,ITA,7:00
20 sec. exclusion in centre,7.0,3,8,9,USA,4.0,GIACOPPO M,9 - 8,396,ITA,6:36
Turnover foul,10.0,3,8,9,USA,4.0,BONANNI B,9 - 8,370,USA,6:10
5m shot - Blocked,10.0,3,8,9,USA,4.0,LUONGO S,9 - 8,341,ITA,5:41
5m shot - Missed,6.0,3,8,9,USA,4.0,CUPIDO L,9 - 8,318,USA,5:18
Turnover foul,10.0,3,8,9,USA,4.0,LUONGO S,9 - 8,297,ITA,4:57
Steal,9.0,3,8,9,USA,4.0,BOWEN A,9 - 8,297,USA,4:57
Turnover foul,10.0,3,8,9,USA,4.0,BONANNI B,9 - 8,264,USA,4:24
5m shot - Missed,5.0,3,8,9,USA,4.0,GIORGETTI A,9 - 8,246,ITA,4:06
5m shot - Blocked,6.0,3,8,9,USA,4.0,CUPIDO L,9 - 8,225,USA,3:45
Turnover foul,6.0,3,8,9,USA,4.0,CUPIDO L,9 - 8,211,USA,3:31
Counter attack - Goal,2.0,3,8,10,USA,4.0,VAVIC N,10 - 8,200,USA,3:20
Goalkeeper substitution,1.0,3,8,10,USA,4.0,TEMPESTI S,10 - 8,200,ITA,3:20
Turnover foul,7.0,3,8,10,USA,4.0,GIACOPPO M,10 - 8,171,ITA,2:51
Steal,2.0,3,8,10,USA,4.0,VAVIC N,10 - 8,171,USA,2:51
Turnover foul,4.0,3,8,10,USA,4.0,KIMBELL J,10 - 8,140,USA,2:20
Turnover foul,4.0,3,8,10,USA,4.0,FIGLIOLI P,10 - 8,114,ITA,1:54
Steal,6.0,3,8,10,USA,4.0,CUPIDO L,10 - 8,114,USA,1:54
5m shot - Goal,5.0,3,8,11,USA,4.0,ROELSE A,11 - 8,84,USA,1:24
Penalty foul,9.0,3,8,11,USA,4.0,BOWEN A,11 - 8,66,USA,1:06
Penalty shot - Goal,2.0,3,9,11,USA,4.0,DI FULVIO F,11 - 9,66,ITA,1:06
Time-Out,,3,9,11,USA,4.0,,11 - 9,66,USA,1:06
Turnover foul,8.0,3,9,11,USA,4.0,AZEVEDO T,11 - 9,39,USA,0:39
20 sec. exclusion in centre,2.0,3,9,11,USA,4.0,VAVIC N,11 - 9,26,USA,0:26
Extra player shot - Saved,2.0,3,9,11,USA,4.0,DI FULVIO F,11 - 9,6,ITA,0:06
Starting goalkeeper,1.0,4,0,0,CAN,1.0,RANDALL R,0 - 0,480,CAN,8:00
Starting goalkeeper,1.0,4,0,0,CAN,1.0,TEMPESTI S,0 - 0,480,ITA,8:00
Sprint won possession,4.0,4,0,0,CAN,1.0,FIGLIOLI P,0 - 0,480,ITA,8:00
Turnover foul,7.0,4,0,0,CAN,1.0,GIACOPPO M,0 - 0,451,ITA,7:31
5m shot - Post,2.0,4,0,0,CAN,1.0,KUDABA C,0 - 0,432,CAN,7:12
Turnover foul,5.0,4,0,0,CAN,1.0,GIORGETTI A,0 - 0,404,ITA,6:44
Turnover foul,2.0,4,0,0,CAN,1.0,KUDABA C,0 - 0,377,CAN,6:17
Steal,2.0,4,0,0,CAN,1.0,DI FULVIO F,0 - 0,377,ITA,6:17
Turnover foul,11.0,4,0,0,CAN,1.0,AICARDI M,0 - 0,341,ITA,5:41
Turnover foul,5.0,4,0,0,CAN,1.0,BOYD J,0 - 0,338,CAN,5:38
Turnover foul,2.0,4,0,0,CAN,1.0,DI FULVIO F,0 - 0,308,ITA,5:08
Action shot - Missed,2.0,4,0,0,CAN,1.0,KUDABA C,0 - 0,296,CAN,4:56
Turnover foul,11.0,4,0,0,CAN,1.0,AICARDI M,0 - 0,279,ITA,4:39
Turnover foul,10.0,4,0,0,CAN,1.0,CONWAY J,0 - 0,251,CAN,4:11
Turnover foul,9.0,4,0,0,CAN,1.0,GITTO N,0 - 0,231,ITA,3:51
5m shot - Saved,8.0,4,0,0,CAN,1.0,GRAHAM K,0 - 0,215,CAN,3:35
5m shot - Blocked,2.0,4,0,0,CAN,1.0,KUDABA C,0 - 0,188,CAN,3:08
20 sec. exclusion in centre,2.0,4,0,0,CAN,1.0,KUDABA C,0 - 0,173,CAN,2:53
Extra player shot - Goal,9.0,4,1,0,CAN,1.0,GITTO N,0 - 1,160,ITA,2:40
Time-Out,,4,1,0,CAN,1.0,,0 - 1,160,CAN,2:40
20 sec. exclusion in centre,7.0,4,1,0,CAN,1.0,GIACOPPO M,0 - 1,147,ITA,2:27
Extra player shot - Saved,12.0,4,1,0,CAN,1.0,MCELROY J,0 - 1,133,CAN,2:13
Action shot - Blocked,4.0,4,1,0,CAN,1.0,FIGLIOLI P,0 - 1,108,ITA,1:48
Action shot - Saved,8.0,4,1,0,CAN,1.0,GRAHAM K,0 - 1,80,CAN,1:20
Counter attack - Saved,8.0,4,1,0,CAN,1.0,PRESCIUTTI N,0 - 1,55,ITA,0:55
5m shot - Saved,8.0,4,1,0,CAN,1.0,GRAHAM K,0 - 1,37,CAN,0:37
Time-Out,,4,1,0,CAN,1.0,,0 - 1,37,ITA,0:37
Centre shot - Goal,5.0,4,2,0,CAN,1.0,GIORGETTI A,0 - 2,20,ITA,0:20
5m shot - Post,10.0,4,2,0,CAN,1.0,CONWAY J,0 - 2,5,CAN,0:05
5m shot - Saved,2.0,4,2,0,CAN,1.0,DI FULVIO F,0 - 2,0,ITA,0:00
Starting goalkeeper,1.0,4,2,0,CAN,2.0,RANDALL R,0 - 2,480,CAN,8:00
Starting goalkeeper,1.0,4,2,0,CAN,2.0,TEMPESTI S,0 - 2,480,ITA,8:00
Sprint won possession,10.0,4,2,0,CAN,2.0,LUONGO S,0 - 2,480,ITA,8:00
Turnover foul,11.0,4,2,0,CAN,2.0,AICARDI M,0 - 2,451,ITA,7:31
Penalty foul,9.0,4,2,0,CAN,2.0,GITTO N,0 - 2,439,ITA,7:19
Penalty shot - Saved,10.0,4,2,0,CAN,2.0,CONWAY J,0 - 2,439,CAN,7:19
Turnover foul,2.0,4,2,0,CAN,2.0,DI FULVIO F,0 - 2,410,ITA,6:50
5m shot - Saved,11.0,4,2,0,CAN,2.0,TORAKIS G,0 - 2,381,CAN,6:21
5m shot - Goal,11.0,4,2,1,CAN,2.0,TORAKIS G,1 - 2,361,CAN,6:01
20 sec. exclusion in centre,2.0,4,2,1,CAN,2.0,KUDABA C,1 - 2,341,CAN,5:41
Extra player shot - Saved,3.0,4,2,1,CAN,2.0,VELOTTO A,1 - 2,319,ITA,5:19
20 sec. exclusion in centre,12.0,4,2,1,CAN,2.0,BARALDI F,1 - 2,303,ITA,5:03
Turnover foul,5.0,4,2,1,CAN,2.0,BOYD J,1 - 2,281,CAN,4:41
5m shot - Missed,5.0,4,2,1,CAN,2.0,GIORGETTI A,1 - 2,265,ITA,4:25
Turnover foul,11.0,4,2,1,CAN,2.0,TORAKIS G,1 - 2,239,CAN,3:59
Steal,11.0,4,2,1,CAN,2.0,AICARDI M,1 - 2,239,ITA,3:59
5m shot - Post,10.0,4,2,1,CAN,2.0,LUONGO S,1 - 2,220,ITA,3:40
Turnover foul,7.0,4,2,1,CAN,2.0,GIACOPPO M,1 - 2,192,ITA,3:12
20 sec. exclusion in centre,3.0,4,2,1,CAN,2.0,VELOTTO A,1 - 2,172,ITA,2:52
Time-Out,,4,2,1,CAN,2.0,,1 - 2,172,CAN,2:52
Action shot - Saved,10.0,4,2,1,CAN,2.0,CONWAY J,1 - 2,149,CAN,2:29
5m shot - Post,11.0,4,2,1,CAN,2.0,TORAKIS G,1 - 2,124,CAN,2:04
Centre shot - Goal,11.0,4,3,1,CAN,2.0,AICARDI M,1 - 3,97,ITA,1:37
5m shot - Post,5.0,4,3,1,CAN,2.0,BOYD J,1 - 3,70,CAN,1:10
20 sec. exclusion in centre,8.0,4,3,1,CAN,2.0,GRAHAM K,1 - 3,45,CAN,0:45
Time-Out,,4,3,1,CAN,2.0,,1 - 3,45,ITA,0:45
Turnover foul,6.0,4,3,1,CAN,2.0,FONDELLI A,1 - 3,18,ITA,0:18
Steal,8.0,4,3,1,CAN,2.0,GRAHAM K,1 - 3,18,CAN,0:18
5m shot - Post,8.0,4,3,1,CAN,2.0,GRAHAM K,1 - 3,2,CAN,0:02
Starting goalkeeper,1.0,4,3,1,CAN,3.0,RANDALL R,1 - 3,480,CAN,8:00
Starting goalkeeper,1.0,4,3,1,CAN,3.0,TEMPESTI S,1 - 3,480,ITA,8:00
Sprint won possession,4.0,4,3,1,CAN,3.0,FIGLIOLI P,1 - 3,480,ITA,8:00
Turnover foul,10.0,4,3,1,CAN,3.0,LUONGO S,1 - 3,452,ITA,7:32
5m shot - Saved,5.0,4,3,1,CAN,3.0,BOYD J,1 - 3,429,CAN,7:09
Turnover foul,5.0,4,3,1,CAN,3.0,BOYD J,1 - 3,406,CAN,6:46
5m shot - Missed,10.0,4,3,1,CAN,3.0,LUONGO S,1 - 3,382,ITA,6:22
20 sec. exclusion in centre,4.0,4,3,1,CAN,3.0,FIGLIOLI P,1 - 3,372,ITA,6:12
Extra player shot - Saved,5.0,4,3,1,CAN,3.0,BOYD J,1 - 3,350,CAN,5:50
Turnover foul,10.0,4,3,1,CAN,3.0,LUONGO S,1 - 3,335,ITA,5:35
Turnover foul,4.0,4,3,1,CAN,3.0,CONSTANTIN-BICARI,1 - 3,317,CAN,5:17
Turnover foul,12.0,4,3,1,CAN,3.0,BARALDI F,1 - 3,293,ITA,4:53
5m shot - Blocked,11.0,4,3,1,CAN,3.0,TORAKIS G,1 - 3,264,CAN,4:24
Time-Out,,4,3,1,CAN,3.0,,1 - 3,264,ITA,4:24
Action shot - Saved,11.0,4,3,1,CAN,3.0,AICARDI M,1 - 3,243,ITA,4:03
20 sec. exclusion in centre,7.0,4,3,1,CAN,3.0,GIACOPPO M,1 - 3,230,ITA,3:50
Extra player shot - Goal,2.0,4,3,2,CAN,3.0,KUDABA C,2 - 3,214,CAN,3:34
Action shot - Saved,5.0,4,3,2,CAN,3.0,GIORGETTI A,2 - 3,191,ITA,3:11
Turnover foul,3.0,4,3,2,CAN,3.0,VIKALO O,2 - 3,179,CAN,2:59
20 sec. exclusion in centre,6.0,4,3,2,CAN,3.0,FONDELLI A,2 - 3,175,ITA,2:55
Time-Out,,4,3,2,CAN,3.0,,2 - 3,172,CAN,2:52
Turnover foul,7.0,4,3,2,CAN,3.0,TASCHEREAU A,2 - 3,159,CAN,2:39
Steal,2.0,4,3,2,CAN,3.0,DI FULVIO F,2 - 3,159,ITA,2:39
20 sec. exclusion in centre,7.0,4,3,2,CAN,3.0,TASCHEREAU A,2 - 3,154,CAN,2:34
Action shot - Goal,5.0,4,4,2,CAN,3.0,GIORGETTI A,2 - 4,132,ITA,2:12
Yellow card,,4,4,2,CAN,3.0,Team Official,2 - 4,132,CAN,2:12
Turnover foul,8.0,4,4,2,CAN,3.0,GRAHAM K,2 - 4,118,CAN,1:58
5m shot - Goal,4.0,4,5,2,CAN,3.0,FIGLIOLI P,2 - 5,95,ITA,1:35
Turnover foul,2.0,4,5,2,CAN,3.0,DI FULVIO F,2 - 5,37,ITA,0:37
Action shot - Missed,10.0,4,5,2,CAN,3.0,CONWAY J,2 - 5,1,CAN,0:01
Starting goalkeeper,1.0,4,5,2,CAN,4.0,RANDALL R,2 - 5,480,CAN,8:00
Starting goalkeeper,1.0,4,5,2,CAN,4.0,TEMPESTI S,2 - 5,480,ITA,8:00
Sprint won possession,4.0,4,5,2,CAN,4.0,FIGLIOLI P,2 - 5,480,ITA,8:00
5m shot - Post,9.0,4,5,2,CAN,4.0,GITTO N,2 - 5,451,ITA,7:31
Double exclusion,11.0,4,5,2,CAN,4.0,TORAKIS G,2 - 5,448,CAN,7:28
Double exclusion,11.0,4,5,2,CAN,4.0,AICARDI M,2 - 5,448,ITA,7:28
20 sec. exclusion in centre,9.0,4,5,2,CAN,4.0,GITTO N,2 - 5,430,ITA,7:10
Extra player shot - Post,12.0,4,5,2,CAN,4.0,MCELROY J,2 - 5,421,CAN,7:01
20 sec. exclusion in centre,11.0,4,5,2,CAN,4.0,TORAKIS G,2 - 5,410,CAN,6:50
Extra player shot - Goal,9.0,4,6,2,CAN,4.0,GITTO N,2 - 6,393,ITA,6:33
5m shot - Saved,5.0,4,6,2,CAN,4.0,BOYD J,2 - 6,370,CAN,6:10
Action shot - Blocked,8.0,4,6,2,CAN,4.0,GRAHAM K,2 - 6,351,CAN,5:51
Action shot - Goal,12.0,4,7,2,CAN,4.0,BARALDI F,2 - 7,324,ITA,5:24
20 sec. exclusion in centre,3.0,4,7,2,CAN,4.0,VELOTTO A,2 - 7,305,ITA,5:05
Penalty foul,11.0,4,7,2,CAN,4.0,AICARDI M,2 - 7,300,ITA,5:00
Exclusion with substitution,11.0,4,7,2,CAN,4.0,AICARDI M,2 - 7,300,ITA,5:00
Yellow card,,4,7,2,CAN,4.0,Team Official,2 - 7,296,ITA,4:56
Penalty shot - Saved,12.0,4,7,2,CAN,4.0,MCELROY J,2 - 7,296,CAN,4:56
5m shot - Saved,9.0,4,7,2,CAN,4.0,HALAJIAN M,2 - 7,279,CAN,4:39
Turnover foul,2.0,4,7,2,CAN,4.0,KUDABA C,2 - 7,273,CAN,4:33
5m shot - Post,6.0,4,7,2,CAN,4.0,FONDELLI A,2 - 7,245,ITA,4:05
Turnover foul,8.0,4,7,2,CAN,4.0,GRAHAM K,2 - 7,217,CAN,3:37
Steal,6.0,4,7,2,CAN,4.0,FONDELLI A,2 - 7,217,ITA,3:37
Turnover foul,10.0,4,7,2,CAN,4.0,LUONGO S,2 - 7,190,ITA,3:10
Steal,1.0,4,7,2,CAN,4.0,RANDALL R,2 - 7,190,CAN,3:10
Turnover foul,8.0,4,7,2,CAN,4.0,GRAHAM K,2 - 7,175,CAN,2:55
5m shot - Saved,10.0,4,7,2,CAN,4.0,LUONGO S,2 - 7,149,ITA,2:29
Time-Out,,4,7,2,CAN,4.0,,2 - 7,145,CAN,2:25
Turnover foul,10.0,4,7,2,CAN,4.0,CONWAY J,2 - 7,119,CAN,1:59
Steal,3.0,4,7,2,CAN,4.0,VELOTTO A,2 - 7,119,ITA,1:59
Turnover foul,12.0,4,7,2,CAN,4.0,BARALDI F,2 - 7,97,ITA,1:37
Action shot - Missed,7.0,4,7,2,CAN,4.0,TASCHEREAU A,2 - 7,72,CAN,1:12
Time-Out,,4,7,2,CAN,4.0,,2 - 7,72,ITA,1:12
Goalkeeper substitution,13.0,4,7,2,CAN,4.0,DEL LUNGO M,2 - 7,72,ITA,1:12
20 sec. exclusion in centre,7.0,4,7,2,CAN,4.0,TASCHEREAU A,2 - 7,52,CAN,0:52
Extra player shot - Goal,3.0,4,8,2,CAN,4.0,VELOTTO A,2 - 8,52,ITA,0:52
20 sec. exclusion in centre,11.0,4,8,2,CAN,4.0,TORAKIS G,2 - 8,32,CAN,0:32
Exclusion with substitution,11.0,4,8,2,CAN,4.0,TORAKIS G,2 - 8,32,CAN,0:32
Action shot - Post,6.0,4,8,2,CAN,4.0,FONDELLI A,2 - 8,8,ITA,0:08
Starting goalkeeper,1.0,5,0,0,HUN,1.0,NAGY V,0 - 0,480,HUN,8:00
Starting goalkeeper,1.0,5,0,0,HUN,1.0,TEMPESTI S,0 - 0,480,ITA,8:00
Sprint won possession,4.0,5,0,0,HUN,1.0,FIGLIOLI P,0 - 0,480,ITA,8:00
20 sec. exclusion in centre,2.0,5,0,0,HUN,1.0,GOR-NAGY M,0 - 0,464,HUN,7:44
Action shot - Saved,4.0,5,0,0,HUN,1.0,FIGLIOLI P,0 - 0,442,ITA,7:22
Turnover foul,10.0,5,0,0,HUN,1.0,VARGA D,0 - 0,415,HUN,6:55
Turnover foul,5.0,5,0,0,HUN,1.0,GIORGETTI A,0 - 0,399,ITA,6:39
20 sec. exclusion in centre,5.0,5,0,0,HUN,1.0,GIORGETTI A,0 - 0,379,ITA,6:19
Extra player shot - Goal,10.0,5,0,1,HUN,1.0,VARGA D,1 - 0,360,HUN,6:00
5m shot - Saved,7.0,5,0,1,HUN,1.0,GIACOPPO M,1 - 0,330,ITA,5:30
Turnover foul,9.0,5,0,1,HUN,1.0,VARGA D,1 - 0,298,HUN,4:58
Steal,7.0,5,0,1,HUN,1.0,GIACOPPO M,1 - 0,298,ITA,4:58
5m shot - Missed,4.0,5,0,1,HUN,1.0,FIGLIOLI P,1 - 0,272,ITA,4:32
5m shot - Missed,9.0,5,0,1,HUN,1.0,VARGA D,1 - 0,251,HUN,4:11
Action shot - Saved,4.0,5,0,1,HUN,1.0,FIGLIOLI P,1 - 0,223,ITA,3:43
Time-Out,,5,0,1,HUN,1.0,,1 - 0,206,HUN,3:26
5m shot - Blocked,5.0,5,0,1,HUN,1.0,VAMOS M,1 - 0,193,HUN,3:13
20 sec. exclusion in centre,6.0,5,0,1,HUN,1.0,HOSNYANSZKY N,1 - 0,177,HUN,2:57
Time-Out,,5,0,1,HUN,1.0,,1 - 0,177,ITA,2:57
Turnover foul,5.0,5,0,1,HUN,1.0,GIORGETTI A,1 - 0,158,ITA,2:38
20 sec. exclusion in centre,8.0,5,0,1,HUN,1.0,PRESCIUTTI N,1 - 0,130,ITA,2:10
Extra player shot - Goal,4.0,5,0,2,HUN,1.0,ERDELYI B,2 - 0,115,HUN,1:55
20 sec. exclusion in centre,10.0,5,0,2,HUN,1.0,VARGA D,2 - 0,103,HUN,1:43
Extra player shot - Goal,5.0,5,1,2,HUN,1.0,GIORGETTI A,2 - 1,85,ITA,1:25
20 sec. exclusion in centre,9.0,5,1,2,HUN,1.0,GITTO N,2 - 1,63,ITA,1:03
Extra player shot - Blocked,3.0,5,1,2,HUN,1.0,MADARAS N,2 - 1,44,HUN,0:44
Turnover foul,8.0,5,1,2,HUN,1.0,SZIVOS M,2 - 1,15,HUN,0:15
20 sec. exclusion in centre,7.0,5,1,2,HUN,1.0,ANGYAL D,2 - 1,13,HUN,0:13
Extra player shot - Goal,12.0,5,2,2,HUN,1.0,BARALDI F,2 - 2,1,ITA,0:01
Starting goalkeeper,1.0,5,2,2,HUN,2.0,NAGY V,2 - 2,480,HUN,8:00
Starting goalkeeper,1.0,5,2,2,HUN,2.0,TEMPESTI S,2 - 2,480,ITA,8:00
Sprint won possession,4.0,5,2,2,HUN,2.0,ERDELYI B,2 - 2,480,HUN,8:00
Turnover foul,10.0,5,2,2,HUN,2.0,VARGA D,2 - 2,460,HUN,7:40
Turnover foul,7.0,5,2,2,HUN,2.0,GIACOPPO M,2 - 2,434,ITA,7:14
20 sec. exclusion in field,3.0,5,2,2,HUN,2.0,VELOTTO A,2 - 2,411,ITA,6:51
Extra player shot - Goal,9.0,5,2,3,HUN,2.0,VARGA D,3 - 2,405,HUN,6:45
20 sec. exclusion in centre,5.0,5,2,3,HUN,2.0,VAMOS M,3 - 2,389,HUN,6:29
Extra player shot - Goal,2.0,5,3,3,HUN,2.0,DI FULVIO F,3 - 3,370,ITA,6:10
Turnover foul,8.0,5,3,3,HUN,2.0,SZIVOS M,3 - 3,344,HUN,5:44
Action shot - Saved,2.0,5,3,3,HUN,2.0,DI FULVIO F,3 - 3,318,ITA,5:18
Action shot - Post,9.0,5,3,3,HUN,2.0,VARGA D,3 - 3,296,HUN,4:56
20 sec. exclusion in centre,3.0,5,3,3,HUN,2.0,MADARAS N,3 - 3,272,HUN,4:32
Extra player shot - Blocked,6.0,5,3,3,HUN,2.0,FONDELLI A,3 - 3,252,ITA,4:12
20 sec. exclusion in centre,6.0,5,3,3,HUN,2.0,FONDELLI A,3 - 3,238,ITA,3:58
Extra player shot - Goal,9.0,5,3,4,HUN,2.0,VARGA D,4 - 3,222,HUN,3:42
20 sec. exclusion in centre,7.0,5,3,4,HUN,2.0,ANGYAL D,4 - 3,202,HUN,3:22
Extra player shot - Post,5.0,5,3,4,HUN,2.0,GIORGETTI A,4 - 3,190,ITA,3:10
20 sec. exclusion in centre,9.0,5,3,4,HUN,2.0,GITTO N,4 - 3,172,ITA,2:52
Extra player shot - Blocked,6.0,5,3,4,HUN,2.0,HOSNYANSZKY N,4 - 3,159,HUN,2:39
Action shot - Saved,11.0,5,3,4,HUN,2.0,AICARDI M,4 - 3,131,ITA,2:11
5m shot - Blocked,8.0,5,3,4,HUN,2.0,SZIVOS M,4 - 3,102,HUN,1:42
5m shot - Saved,6.0,5,3,4,HUN,2.0,HOSNYANSZKY N,4 - 3,77,HUN,1:17
Action shot - Saved,8.0,5,3,4,HUN,2.0,PRESCIUTTI N,4 - 3,46,ITA,0:46
Time-Out,,5,3,4,HUN,2.0,,4 - 3,44,HUN,0:44
Turnover foul,9.0,5,3,4,HUN,2.0,VARGA D,4 - 3,22,HUN,0:22
Time-Out,,5,3,4,HUN,2.0,,4 - 3,22,ITA,0:22
20 sec. exclusion in field,6.0,5,3,4,HUN,2.0,HOSNYANSZKY N,4 - 3,15,HUN,0:15
Extra player shot - Post,2.0,5,3,4,HUN,2.0,DI FULVIO F,4 - 3,1,ITA,0:01
Starting goalkeeper,1.0,5,3,4,HUN,3.0,NAGY V,4 - 3,480,HUN,8:00
Starting goalkeeper,1.0,5,3,4,HUN,3.0,TEMPESTI S,4 - 3,480,ITA,8:00
Sprint won possession,4.0,5,3,4,HUN,3.0,FIGLIOLI P,4 - 3,480,ITA,8:00
Action shot - Saved,2.0,5,3,4,HUN,3.0,DI FULVIO F,4 - 3,451,ITA,7:31
20 sec. exclusion in centre,4.0,5,3,4,HUN,3.0,FIGLIOLI P,4 - 3,429,ITA,7:09
Action shot - Saved,12.0,5,3,4,HUN,3.0,HARAI B,4 - 3,405,HUN,6:45
20 sec. exclusion in field,5.0,5,3,4,HUN,3.0,VAMOS M,4 - 3,401,HUN,6:41
5m shot - Post,6.0,5,3,4,HUN,3.0,FONDELLI A,4 - 3,373,ITA,6:13
5m shot - Missed,6.0,5,3,4,HUN,3.0,HOSNYANSZKY N,4 - 3,352,HUN,5:52
5m shot - Saved,2.0,5,3,4,HUN,3.0,DI FULVIO F,4 - 3,322,ITA,5:22
Turnover foul,3.0,5,3,4,HUN,3.0,MADARAS N,4 - 3,293,HUN,4:53
Turnover foul,6.0,5,3,4,HUN,3.0,FONDELLI A,4 - 3,275,ITA,4:35
5m shot - Saved,9.0,5,3,4,HUN,3.0,VARGA D,4 - 3,260,HUN,4:20
Time-Out,,5,3,4,HUN,3.0,,4 - 3,260,ITA,4:20
20 sec. exclusion in centre,2.0,5,3,4,HUN,3.0,GOR-NAGY M,4 - 3,240,HUN,4:00
Extra player shot - Blocked,4.0,5,3,4,HUN,3.0,FIGLIOLI P,4 - 3,222,ITA,3:42
Counter attack - Saved,3.0,5,3,4,HUN,3.0,MADARAS N,4 - 3,201,HUN,3:21
20 sec. exclusion in centre,8.0,5,3,4,HUN,3.0,PRESCIUTTI N,4 - 3,182,ITA,3:02
Extra player shot - Goal,9.0,5,3,5,HUN,3.0,VARGA D,5 - 3,165,HUN,2:45
Turnover foul,4.0,5,3,5,HUN,3.0,FIGLIOLI P,5 - 3,141,ITA,2:21
Yellow card,,5,3,5,HUN,3.0,Team Official,5 - 3,141,HUN,2:21
Action shot - Saved,10.0,5,3,5,HUN,3.0,VARGA D,5 - 3,117,HUN,1:57
Turnover foul,4.0,5,3,5,HUN,3.0,ERDELYI B,5 - 3,101,HUN,1:41
20 sec. exclusion in field,10.0,5,3,5,HUN,3.0,VARGA D,5 - 3,83,HUN,1:23
Extra player shot - Goal,4.0,5,4,5,HUN,3.0,FIGLIOLI P,5 - 4,70,ITA,1:10
20 sec. exclusion in centre,4.0,5,4,5,HUN,3.0,FIGLIOLI P,5 - 4,44,ITA,0:44
Time-Out,,5,4,5,HUN,3.0,,5 - 4,44,HUN,0:44
Turnover foul,8.0,5,4,5,HUN,3.0,SZIVOS M,5 - 4,20,HUN,0:20
5m shot - Goal,10.0,5,5,5,HUN,3.0,LUONGO S,5 - 5,1,ITA,0:01
Starting goalkeeper,1.0,5,5,5,HUN,4.0,NAGY V,5 - 5,480,HUN,8:00
Starting goalkeeper,1.0,5,5,5,HUN,4.0,TEMPESTI S,5 - 5,480,ITA,8:00
Sprint won possession,4.0,5,5,5,HUN,4.0,ERDELYI B,5 - 5,480,HUN,8:00
5m shot - Saved,9.0,5,5,5,HUN,4.0,VARGA D,5 - 5,455,HUN,7:35
Action shot - Saved,2.0,5,5,5,HUN,4.0,GOR-NAGY M,5 - 5,425,HUN,7:05
20 sec. exclusion in centre,2.0,5,5,5,HUN,4.0,GOR-NAGY M,5 - 5,394,HUN,6:34
Exclusion with substitution,2.0,5,5,5,HUN,4.0,GOR-NAGY M,5 - 5,394,HUN,6:34
Extra player shot - Goal,2.0,5,6,5,HUN,4.0,DI FULVIO F,5 - 6,373,ITA,6:13
20 sec. exclusion in centre,7.0,5,6,5,HUN,4.0,GIACOPPO M,5 - 6,355,ITA,5:55
Extra player shot - Goal,12.0,5,6,6,HUN,4.0,HARAI B,6 - 6,335,HUN,5:35
20 sec. exclusion in centre,9.0,5,6,6,HUN,4.0,VARGA D,6 - 6,317,HUN,5:17
Extra player shot - Goal,8.0,5,7,6,HUN,4.0,PRESCIUTTI N,6 - 7,298,ITA,4:58
20 sec. exclusion in centre,6.0,5,7,6,HUN,4.0,FONDELLI A,6 - 7,282,ITA,4:42
Extra player shot - Post,4.0,5,7,6,HUN,4.0,ERDELYI B,6 - 7,263,HUN,4:23
20 sec. exclusion in centre,12.0,5,7,6,HUN,4.0,HARAI B,6 - 7,237,HUN,3:57
Extra player shot - Goal,10.0,5,8,6,HUN,4.0,LUONGO S,6 - 8,220,ITA,3:40
20 sec. exclusion in centre,3.0,5,8,6,HUN,4.0,VELOTTO A,6 - 8,195,ITA,3:15
Extra player shot - Goal,6.0,5,8,7,HUN,4.0,HOSNYANSZKY N,7 - 8,181,HUN,3:01
Action shot - Saved,11.0,5,8,7,HUN,4.0,AICARDI M,7 - 8,156,ITA,2:36
Turnover foul,9.0,5,8,7,HUN,4.0,VARGA D,7 - 8,135,HUN,2:15
5m shot - Saved,10.0,5,8,7,HUN,4.0,LUONGO S,7 - 8,107,ITA,1:47
Turnover foul,2.0,5,8,7,HUN,4.0,DI FULVIO F,7 - 8,78,ITA,1:18
Time-Out,,5,8,7,HUN,4.0,,7 - 8,78,HUN,1:18
20 sec. exclusion in centre,4.0,5,8,7,HUN,4.0,FIGLIOLI P,7 - 8,63,ITA,1:03
Exclusion with substitution,4.0,5,8,7,HUN,4.0,FIGLIOLI P,7 - 8,63,ITA,1:03
Action shot - Saved,8.0,5,8,7,HUN,4.0,SZIVOS M,7 - 8,36,HUN,0:36
Turnover foul,12.0,5,8,7,HUN,4.0,HARAI B,7 - 8,14,HUN,0:14
Time-Out,,5,8,7,HUN,4.0,,7 - 8,14,ITA,0:14
20 sec. exclusion in field,8.0,5,8,7,HUN,4.0,SZIVOS M,7 - 8,6,HUN,0:06
Starting goalkeeper,1.0,6,0,0,SRB,1.0,TEMPESTI S,0 - 0,480,ITA,8:00
Starting goalkeeper,13.0,6,0,0,SRB,1.0,MITROVIC B,0 - 0,480,SRB,8:00
Sprint won possession,4.0,6,0,0,SRB,1.0,FIGLIOLI P,0 - 0,480,ITA,8:00
20 sec. exclusion in centre,4.0,6,0,0,SRB,1.0,RANDELOVIC S,0 - 0,461,SRB,7:41
Extra player shot - Post,7.0,6,0,0,SRB,1.0,GIACOPPO M,0 - 0,443,ITA,7:23
5m shot - Post,4.0,6,0,0,SRB,1.0,FIGLIOLI P,0 - 0,426,ITA,7:06
20 sec. exclusion in centre,5.0,6,0,0,SRB,1.0,GIORGETTI A,0 - 0,405,ITA,6:45
Extra player shot - Goal,11.0,6,0,1,SRB,1.0,PRLAINOVIC A,0 - 1,393,SRB,6:33
Turnover foul,9.0,6,0,1,SRB,1.0,GITTO N,0 - 1,363,ITA,6:03
Steal,10.0,6,0,1,SRB,1.0,FILIPOVIC F,0 - 1,363,SRB,6:03
Turnover foul,9.0,6,0,1,SRB,1.0,JAKSIC N,0 - 1,349,SRB,5:49
20 sec. exclusion in centre,9.0,6,0,1,SRB,1.0,JAKSIC N,0 - 1,325,SRB,5:25
Extra player shot - Post,2.0,6,0,1,SRB,1.0,DI FULVIO F,0 - 1,305,ITA,5:05
Action shot - Saved,2.0,6,0,1,SRB,1.0,DI FULVIO F,0 - 1,296,ITA,4:56
Counter attack - Goal,5.0,6,0,2,SRB,1.0,CUK M,0 - 2,279,SRB,4:39
Turnover foul,10.0,6,0,2,SRB,1.0,LUONGO S,0 - 2,253,ITA,4:13
Steal,2.0,6,0,2,SRB,1.0,MANDIC D,0 - 2,253,SRB,4:13
Centre shot - Goal,12.0,6,0,3,SRB,1.0,MITROVIC S,0 - 3,235,SRB,3:55
Time-Out,,6,0,3,SRB,1.0,,0 - 3,235,ITA,3:55
Turnover foul,5.0,6,0,3,SRB,1.0,GIORGETTI A,0 - 3,216,ITA,3:36
Steal,10.0,6,0,3,SRB,1.0,FILIPOVIC F,0 - 3,216,SRB,3:36
20 sec. exclusion in field,3.0,6,0,3,SRB,1.0,VELOTTO A,0 - 3,210,ITA,3:30
Extra player shot - Saved,10.0,6,0,3,SRB,1.0,FILIPOVIC F,0 - 3,190,SRB,3:10
Action shot - Goal,2.0,6,0,4,SRB,1.0,MANDIC D,0 - 4,186,SRB,3:06
Turnover foul,2.0,6,0,4,SRB,1.0,DI FULVIO F,0 - 4,162,ITA,2:42
Steal,13.0,6,0,4,SRB,1.0,MITROVIC B,0 - 4,162,SRB,2:42
Action shot - Saved,12.0,6,0,4,SRB,1.0,MITROVIC S,0 - 4,145,SRB,2:25
Turnover foul,2.0,6,0,4,SRB,1.0,DI FULVIO F,0 - 4,116,ITA,1:56
Steal,11.0,6,0,4,SRB,1.0,PRLAINOVIC A,0 - 4,116,SRB,1:56
5m shot - Missed,8.0,6,0,4,SRB,1.0,ALEKSIC M,0 - 4,93,SRB,1:33
Action shot - Missed,5.0,6,0,4,SRB,1.0,GIORGETTI A,0 - 4,65,ITA,1:05
Time-Out,,6,0,4,SRB,1.0,,0 - 4,65,SRB,1:05
Action shot - Post,7.0,6,0,4,SRB,1.0,NIKIC S,0 - 4,50,SRB,0:50
Turnover foul,5.0,6,0,4,SRB,1.0,GIORGETTI A,0 - 4,23,ITA,0:23
Turnover foul,3.0,6,0,4,SRB,1.0,GOCIC Z,0 - 4,1,SRB,0:01
Starting goalkeeper,1.0,6,0,4,SRB,2.0,TEMPESTI S,0 - 4,480,ITA,8:00
Starting goalkeeper,13.0,6,0,4,SRB,2.0,MITROVIC B,0 - 4,480,SRB,8:00
Sprint won possession,4.0,6,0,4,SRB,2.0,FIGLIOLI P,0 - 4,480,ITA,8:00
Action shot - Saved,8.0,6,0,4,SRB,2.0,PRESCIUTTI N,0 - 4,451,ITA,7:31
20 sec. exclusion in field,11.0,6,0,4,SRB,2.0,PRLAINOVIC A,0 - 4,445,SRB,7:25
Turnover foul,4.0,6,0,4,SRB,2.0,FIGLIOLI P,0 - 4,430,ITA,7:10
Steal,4.0,6,0,4,SRB,2.0,RANDELOVIC S,0 - 4,430,SRB,7:10
5m shot - Saved,4.0,6,0,4,SRB,2.0,RANDELOVIC S,0 - 4,405,SRB,6:45
20 sec. exclusion in centre,5.0,6,0,4,SRB,2.0,CUK M,0 - 4,386,SRB,6:26
Extra player shot - Goal,5.0,6,1,4,SRB,2.0,GIORGETTI A,1 - 4,371,ITA,6:11
5m shot - Saved,10.0,6,1,4,SRB,2.0,FILIPOVIC F,1 - 4,346,SRB,5:46
Turnover foul,11.0,6,1,4,SRB,2.0,PRLAINOVIC A,1 - 4,329,SRB,5:29
Action shot - Saved,6.0,6,1,4,SRB,2.0,FONDELLI A,1 - 4,313,ITA,5:13
Turnover foul,12.0,6,1,4,SRB,2.0,MITROVIC S,1 - 4,283,SRB,4:43
Steal,8.0,6,1,4,SRB,2.0,PRESCIUTTI N,1 - 4,283,ITA,4:43
Action shot - Saved,5.0,6,1,4,SRB,2.0,GIORGETTI A,1 - 4,261,ITA,4:21
Counter attack - Goal,12.0,6,1,5,SRB,2.0,MITROVIC S,1 - 5,246,SRB,4:06
20 sec. exclusion in centre,8.0,6,1,5,SRB,2.0,ALEKSIC M,1 - 5,234,SRB,3:54
Extra player shot - Saved,5.0,6,1,5,SRB,2.0,GIORGETTI A,1 - 5,214,ITA,3:34
Counter attack - Goal,3.0,6,1,6,SRB,2.0,GOCIC Z,1 - 6,198,SRB,3:18
5m shot - Goal,2.0,6,2,6,SRB,2.0,DI FULVIO F,2 - 6,168,ITA,2:48
20 sec. exclusion in centre,7.0,6,2,6,SRB,2.0,GIACOPPO M,2 - 6,154,ITA,2:34
Time-Out,,6,2,6,SRB,2.0,,2 - 6,154,SRB,2:34
Extra player shot - Saved,7.0,6,2,6,SRB,2.0,NIKIC S,2 - 6,134,SRB,2:14
20 sec. exclusion in centre,6.0,6,2,6,SRB,2.0,FONDELLI A,2 - 6,107,ITA,1:47
Extra player shot - Goal,9.0,6,2,7,SRB,2.0,JAKSIC N,2 - 7,92,SRB,1:32
Action shot - Blocked,3.0,6,2,7,SRB,2.0,VELOTTO A,2 - 7,65,ITA,1:05
Action shot - Goal,12.0,6,2,8,SRB,2.0,MITROVIC S,2 - 8,42,SRB,0:42
Turnover foul,4.0,6,2,8,SRB,2.0,FIGLIOLI P,2 - 8,17,ITA,0:17
Turnover foul,2.0,6,2,8,SRB,4.0,MANDIC D,2 - 8,51,SRB,0:51
Centre shot - Blocked,8.0,6,2,8,SRB,4.0,PRESCIUTTI N,2 - 8,33,ITA,0:33
Steal,11.0,6,2,8,SRB,2.0,PRLAINOVIC A,2 - 8,17,SRB,0:17
20 sec. exclusion in centre,5.0,6,2,8,SRB,2.0,GIORGETTI A,2 - 8,1,ITA,0:01
Starting goalkeeper,1.0,6,2,8,SRB,3.0,TEMPESTI S,2 - 8,480,ITA,8:00
Starting goalkeeper,13.0,6,2,8,SRB,3.0,MITROVIC B,2 - 8,480,SRB,8:00
Sprint won possession,4.0,6,2,8,SRB,3.0,FIGLIOLI P,2 - 8,480,ITA,8:00
Action shot - Saved,10.0,6,2,8,SRB,3.0,LUONGO S,2 - 8,457,ITA,7:37
Turnover foul,11.0,6,2,8,SRB,3.0,AICARDI M,2 - 8,454,ITA,7:34
Turnover foul,11.0,6,2,8,SRB,3.0,PRLAINOVIC A,2 - 8,440,SRB,7:20
Action shot - Goal,6.0,6,3,8,SRB,3.0,FONDELLI A,3 - 8,417,ITA,6:57
Centre shot - Goal,6.0,6,3,9,SRB,3.0,PIJETLOVIC D,3 - 9,397,SRB,6:37
Action shot - Goal,12.0,6,4,9,SRB,3.0,BARALDI F,4 - 9,372,ITA,6:12
5m shot - Saved,5.0,6,4,9,SRB,3.0,CUK M,4 - 9,353,SRB,5:53
20 sec. exclusion in centre,7.0,6,4,9,SRB,3.0,GIACOPPO M,4 - 9,336,ITA,5:36
Extra player shot - Blocked,5.0,6,4,9,SRB,3.0,CUK M,4 - 9,315,SRB,5:15
Turnover foul,10.0,6,4,9,SRB,3.0,LUONGO S,4 - 9,291,ITA,4:51
Yellow card,,6,4,9,SRB,3.0,Team Official,4 - 9,291,ITA,4:51
Turnover foul,11.0,6,4,9,SRB,3.0,PRLAINOVIC A,4 - 9,273,SRB,4:33
20 sec. exclusion in centre,7.0,6,4,9,SRB,3.0,NIKIC S,4 - 9,252,SRB,4:12
Action shot - Saved,10.0,6,4,9,SRB,3.0,LUONGO S,4 - 9,230,ITA,3:50
Turnover foul,5.0,6,4,9,SRB,3.0,CUK M,4 - 9,206,SRB,3:26
Steal,6.0,6,4,9,SRB,3.0,FONDELLI A,4 - 9,206,ITA,3:26
20 sec. exclusion in centre,6.0,6,4,9,SRB,3.0,PIJETLOVIC D,4 - 9,206,SRB,3:26
Time-Out,,6,4,9,SRB,3.0,,4 - 9,206,ITA,3:26
Centre shot - Saved,3.0,6,4,9,SRB,3.0,VELOTTO A,4 - 9,181,ITA,3:01
Turnover foul,10.0,6,4,9,SRB,3.0,FILIPOVIC F,4 - 9,153,SRB,2:33
Turnover foul,5.0,6,4,9,SRB,3.0,GIORGETTI A,4 - 9,127,ITA,2:07
Steal,12.0,6,4,9,SRB,3.0,MITROVIC S,4 - 9,127,SRB,2:07
Action shot - Missed,12.0,6,4,9,SRB,3.0,MITROVIC S,4 - 9,100,SRB,1:40
20 sec. exclusion in field,6.0,6,4,9,SRB,3.0,PIJETLOVIC D,4 - 9,79,SRB,1:19
Extra player shot - Blocked,6.0,6,4,9,SRB,3.0,FONDELLI A,4 - 9,59,ITA,0:59
Action shot - Post,10.0,6,4,9,SRB,3.0,LUONGO S,4 - 9,40,ITA,0:40
Action shot - Saved,2.0,6,4,9,SRB,3.0,DI FULVIO F,4 - 9,17,ITA,0:17
Time-Out,,6,4,9,SRB,3.0,,4 - 9,17,SRB,0:17
5m shot - Saved,10.0,6,4,9,SRB,3.0,FILIPOVIC F,4 - 9,4,SRB,0:04
5m shot - Post,5.0,6,4,9,SRB,3.0,CUK M,4 - 9,0,SRB,0:00
Starting goalkeeper,1.0,6,4,9,SRB,4.0,TEMPESTI S,4 - 9,480,ITA,8:00
Starting goalkeeper,13.0,6,4,9,SRB,4.0,MITROVIC B,4 - 9,480,SRB,8:00
Sprint won possession,4.0,6,4,9,SRB,4.0,FIGLIOLI P,4 - 9,480,ITA,8:00
20 sec. exclusion in centre,3.0,6,4,9,SRB,4.0,GOCIC Z,4 - 9,457,SRB,7:37
Turnover foul,3.0,6,4,9,SRB,4.0,VELOTTO A,4 - 9,429,ITA,7:09
Steal,12.0,6,4,9,SRB,4.0,MITROVIC S,4 - 9,429,SRB,7:09
20 sec. exclusion in centre,8.0,6,4,9,SRB,4.0,PRESCIUTTI N,4 - 9,409,ITA,6:49
Extra player shot - Goal,8.0,6,4,10,SRB,4.0,ALEKSIC M,4 - 10,392,SRB,6:32
20 sec. exclusion in centre,4.0,6,4,10,SRB,4.0,RANDELOVIC S,4 - 10,364,SRB,6:04
Yellow card,,6,4,10,SRB,4.0,Team Official,4 - 10,358,SRB,5:58
Action shot - Saved,7.0,6,4,10,SRB,4.0,GIACOPPO M,4 - 10,339,ITA,5:39
5m shot - Blocked,10.0,6,4,10,SRB,4.0,FILIPOVIC F,4 - 10,318,SRB,5:18
Action shot - Goal,6.0,6,5,10,SRB,4.0,FONDELLI A,5 - 10,301,ITA,5:01
5m shot - Saved,10.0,6,5,10,SRB,4.0,FILIPOVIC F,5 - 10,277,SRB,4:37
20 sec. exclusion in centre,6.0,6,5,10,SRB,4.0,PIJETLOVIC D,5 - 10,273,SRB,4:33
Exclusion with substitution,6.0,6,5,10,SRB,4.0,PIJETLOVIC D,5 - 10,273,SRB,4:33
Time-Out,,6,5,10,SRB,4.0,,5 - 10,273,ITA,4:33
Action shot - Saved,10.0,6,5,10,SRB,4.0,LUONGO S,5 - 10,249,ITA,4:09
Action shot - Missed,10.0,6,5,10,SRB,4.0,FILIPOVIC F,5 - 10,221,SRB,3:41
Action shot - Saved,11.0,6,5,10,SRB,4.0,AICARDI M,5 - 10,205,ITA,3:25
Action shot - Post,5.0,6,5,10,SRB,4.0,GIORGETTI A,5 - 10,186,ITA,3:06
Turnover foul,7.0,6,5,10,SRB,4.0,NIKIC S,5 - 10,167,SRB,2:47
20 sec. exclusion in field,10.0,6,5,10,SRB,4.0,FILIPOVIC F,5 - 10,165,SRB,2:45
Extra player shot - Goal,10.0,6,6,10,SRB,4.0,LUONGO S,6 - 10,151,ITA,2:31
Time-Out,,6,6,10,SRB,4.0,,6 - 10,151,SRB,2:31
5m shot - Saved,5.0,6,6,10,SRB,4.0,CUK M,6 - 10,124,SRB,2:04
Turnover foul,5.0,6,6,10,SRB,4.0,CUK M,6 - 10,104,SRB,1:44
Steal,4.0,6,6,10,SRB,4.0,FIGLIOLI P,6 - 10,104,ITA,1:44
Action shot - Post,5.0,6,6,10,SRB,4.0,GIORGETTI A,6 - 10,83,ITA,1:23
5m shot - Missed,3.0,6,6,10,SRB,4.0,GOCIC Z,6 - 10,5,SRB,0:05
Starting goalkeeper,1.0,7,0,0,GRE,1.0,FLEGKAS K,0 - 0,480,GRE,8:00
Starting goalkeeper,1.0,7,0,0,GRE,1.0,TEMPESTI S,0 - 0,480,ITA,8:00
Sprint won possession,4.0,7,0,0,GRE,1.0,FIGLIOLI P,0 - 0,480,ITA,8:00
Turnover foul,9.0,7,0,0,GRE,1.0,GITTO N,0 - 0,454,ITA,7:34
Turnover foul,7.0,7,0,0,GRE,1.0,AFROUDAKIS C,0 - 0,427,GRE,7:07
5m shot - Blocked,9.0,7,0,0,GRE,1.0,GITTO N,0 - 0,405,ITA,6:45
Turnover foul,12.0,7,0,0,GRE,1.0,VLACHOPOULOS A,0 - 0,376,GRE,6:16
Turnover foul,11.0,7,0,0,GRE,1.0,AICARDI M,0 - 0,356,ITA,5:56
20 sec. exclusion in centre,9.0,7,0,0,GRE,1.0,GITTO N,0 - 0,331,ITA,5:31
Extra player shot - Goal,7.0,7,0,1,GRE,1.0,AFROUDAKIS C,1 - 0,312,GRE,5:12
Penalty foul,3.0,7,0,1,GRE,1.0,DERVISIS G,1 - 0,297,GRE,4:57
Penalty shot - Post,5.0,7,0,1,GRE,1.0,GIORGETTI A,1 - 0,297,ITA,4:57
Turnover foul,7.0,7,0,1,GRE,1.0,AFROUDAKIS C,1 - 0,275,GRE,4:35
20 sec. exclusion in centre,12.0,7,0,1,GRE,1.0,VLACHOPOULOS A,1 - 0,257,GRE,4:17
Extra player shot - Missed,5.0,7,0,1,GRE,1.0,GIORGETTI A,1 - 0,245,ITA,4:05
20 sec. exclusion in centre,6.0,7,0,1,GRE,1.0,FONDELLI A,1 - 0,221,ITA,3:41
Extra player shot - Blocked,5.0,7,0,1,GRE,1.0,FOUNTOULIS I,1 - 0,206,GRE,3:26
Counter attack - Saved,10.0,7,0,1,GRE,1.0,LUONGO S,1 - 0,192,ITA,3:12
Turnover foul,7.0,7,0,1,GRE,1.0,AFROUDAKIS C,1 - 0,169,GRE,2:49
Turnover foul,12.0,7,0,1,GRE,1.0,BARALDI F,1 - 0,155,ITA,2:35
Turnover foul,5.0,7,0,1,GRE,1.0,FOUNTOULIS I,1 - 0,126,GRE,2:06
Time-Out,,7,0,1,GRE,1.0,,1 - 0,125,ITA,2:05
20 sec. exclusion in centre,6.0,7,0,1,GRE,1.0,PONTIKEAS K,1 - 0,114,GRE,1:54
Extra player shot - Missed,8.0,7,0,1,GRE,1.0,PRESCIUTTI N,1 - 0,97,ITA,1:37
Turnover foul,11.0,7,0,1,GRE,1.0,GOUNAS A,1 - 0,75,GRE,1:15
Steal,10.0,7,0,1,GRE,1.0,LUONGO S,1 - 0,75,ITA,1:15
Turnover foul,11.0,7,0,1,GRE,1.0,AICARDI M,1 - 0,50,ITA,0:50
Time-Out,,7,0,1,GRE,1.0,,1 - 0,50,GRE,0:50
20 sec. exclusion in centre,8.0,7,0,1,GRE,1.0,PRESCIUTTI N,1 - 0,36,ITA,0:36
20 sec. exclusion in centre,4.0,7,0,1,GRE,1.0,FIGLIOLI P,1 - 0,28,ITA,0:28
Extra player shot - Saved,11.0,7,0,1,GRE,1.0,GOUNAS A,1 - 0,14,GRE,0:14
5m shot - Missed,4.0,7,0,1,GRE,1.0,FIGLIOLI P,1 - 0,0,ITA,0:00
Starting goalkeeper,1.0,7,0,1,GRE,2.0,FLEGKAS K,1 - 0,480,GRE,8:00
Starting goalkeeper,1.0,7,0,1,GRE,2.0,TEMPESTI S,1 - 0,480,ITA,8:00
Sprint won possession,2.0,7,0,1,GRE,2.0,DI FULVIO F,1 - 0,480,ITA,8:00
Turnover foul,11.0,7,0,1,GRE,2.0,AICARDI M,1 - 0,457,ITA,7:37
Turnover foul,9.0,7,0,1,GRE,2.0,MOURIKIS K,1 - 0,432,GRE,7:12
5m shot - Post,4.0,7,0,1,GRE,2.0,FIGLIOLI P,1 - 0,412,ITA,6:52
Turnover foul,7.0,7,0,1,GRE,2.0,AFROUDAKIS C,1 - 0,386,GRE,6:26
Steal,7.0,7,0,1,GRE,2.0,GIACOPPO M,1 - 0,386,ITA,6:26
5m shot - Blocked,7.0,7,0,1,GRE,2.0,GIACOPPO M,1 - 0,361,ITA,6:01
Turnover foul,5.0,7,0,1,GRE,2.0,FOUNTOULIS I,1 - 0,332,GRE,5:32
Steal,11.0,7,0,1,GRE,2.0,AICARDI M,1 - 0,332,ITA,5:32
5m shot - Goal,2.0,7,1,1,GRE,2.0,DI FULVIO F,1 - 1,308,ITA,5:08
5m shot - Post,12.0,7,1,1,GRE,2.0,VLACHOPOULOS A,1 - 1,282,GRE,4:42
Action shot - Blocked,5.0,7,1,1,GRE,2.0,GIORGETTI A,1 - 1,256,ITA,4:16
20 sec. exclusion in centre,3.0,7,1,1,GRE,2.0,VELOTTO A,1 - 1,240,ITA,4:00
Extra player shot - Missed,10.0,7,1,1,GRE,2.0,KOLOMVOS C,1 - 1,224,GRE,3:44
20 sec. exclusion in centre,8.0,7,1,1,GRE,2.0,DELAKAS E,1 - 1,198,GRE,3:18
Turnover foul,10.0,7,1,1,GRE,2.0,LUONGO S,1 - 1,179,ITA,2:59
Turnover foul,10.0,7,1,1,GRE,2.0,KOLOMVOS C,1 - 1,146,GRE,2:26
Time-Out,,7,1,1,GRE,2.0,,1 - 1,146,ITA,2:26
Action shot - Saved,4.0,7,1,1,GRE,2.0,FIGLIOLI P,1 - 1,122,ITA,2:02
5m shot - Goal,12.0,7,1,2,GRE,2.0,VLACHOPOULOS A,2 - 1,96,GRE,1:36
20 sec. exclusion in centre,6.0,7,1,2,GRE,2.0,PONTIKEAS K,2 - 1,78,GRE,1:18
Extra player shot - Missed,10.0,7,1,2,GRE,2.0,LUONGO S,2 - 1,61,ITA,1:01
Time-Out,,7,1,2,GRE,2.0,,2 - 1,61,GRE,1:01
Action shot - Goal,12.0,7,1,3,GRE,2.0,VLACHOPOULOS A,3 - 1,45,GRE,0:45
20 sec. exclusion in centre,10.0,7,1,3,GRE,2.0,KOLOMVOS C,3 - 1,27,GRE,0:27
Extra player shot - Goal,4.0,7,2,3,GRE,2.0,FIGLIOLI P,3 - 2,9,ITA,0:09
5m shot - Saved,12.0,7,2,3,GRE,2.0,VLACHOPOULOS A,3 - 2,1,GRE,0:01
Starting goalkeeper,1.0,7,2,3,GRE,3.0,FLEGKAS K,3 - 2,480,GRE,8:00
Starting goalkeeper,1.0,7,2,3,GRE,3.0,TEMPESTI S,3 - 2,480,ITA,8:00
Sprint won possession,4.0,7,2,3,GRE,3.0,FIGLIOLI P,3 - 2,480,ITA,8:00
Turnover foul,4.0,7,2,3,GRE,3.0,GENIDOUNIAS K,3 - 2,421,GRE,7:01
20 sec. exclusion in centre,12.0,7,2,3,GRE,3.0,VLACHOPOULOS A,3 - 2,405,GRE,6:45
Action shot - Blocked,4.0,7,2,3,GRE,3.0,FIGLIOLI P,3 - 2,378,ITA,6:18
Action shot - Goal,2.0,7,2,4,GRE,3.0,MYLONAKIS E,4 - 2,352,GRE,5:52
20 sec. exclusion in centre,8.0,7,2,4,GRE,3.0,DELAKAS E,4 - 2,328,GRE,5:28
Action shot - Goal,3.0,7,3,4,GRE,3.0,VELOTTO A,4 - 3,301,ITA,5:01
5m shot - Saved,5.0,7,3,4,GRE,3.0,FOUNTOULIS I,4 - 3,275,GRE,4:35
20 sec. exclusion in centre,3.0,7,3,4,GRE,3.0,VELOTTO A,4 - 3,268,ITA,4:28
Centre shot - Goal,9.0,7,3,5,GRE,3.0,MOURIKIS K,5 - 3,245,GRE,4:05
Turnover foul,6.0,7,3,5,GRE,3.0,FONDELLI A,5 - 3,217,ITA,3:37
Steal,5.0,7,3,5,GRE,3.0,FOUNTOULIS I,5 - 3,217,GRE,3:37
5m shot - Saved,3.0,7,3,5,GRE,3.0,DERVISIS G,5 - 3,192,GRE,3:12
Turnover foul,7.0,7,3,5,GRE,3.0,AFROUDAKIS C,5 - 3,171,GRE,2:51
Counter attack - Goal,6.0,7,4,5,GRE,3.0,FONDELLI A,5 - 4,160,ITA,2:40
20 sec. exclusion in centre,7.0,7,4,5,GRE,3.0,GIACOPPO M,5 - 4,140,ITA,2:20
Centre shot - Goal,11.0,7,4,6,GRE,3.0,GOUNAS A,6 - 4,116,GRE,1:56
Centre shot - Goal,11.0,7,5,6,GRE,3.0,AICARDI M,6 - 5,95,ITA,1:35
Action shot - Missed,10.0,7,5,6,GRE,3.0,KOLOMVOS C,6 - 5,68,GRE,1:08
Action shot - Saved,7.0,7,5,6,GRE,3.0,GIACOPPO M,6 - 5,38,ITA,0:38
Time-Out,,7,5,6,GRE,3.0,,6 - 5,38,GRE,0:38
20 sec. exclusion in centre,9.0,7,5,6,GRE,3.0,GITTO N,6 - 5,13,ITA,0:13
Extra player shot - Goal,12.0,7,5,7,GRE,3.0,VLACHOPOULOS A,7 - 5,6,GRE,0:06
Time-Out,,7,5,7,GRE,3.0,,7 - 5,6,ITA,0:06
Centre shot - Goal,11.0,7,6,7,GRE,3.0,AICARDI M,7 - 6,1,ITA,0:01
Starting goalkeeper,1.0,7,6,7,GRE,4.0,FLEGKAS K,7 - 6,480,GRE,8:00
Starting goalkeeper,1.0,7,6,7,GRE,4.0,TEMPESTI S,7 - 6,480,ITA,8:00
Sprint won possession,4.0,7,6,7,GRE,4.0,FIGLIOLI P,7 - 6,480,ITA,8:00
20 sec. exclusion in centre,6.0,7,6,7,GRE,4.0,PONTIKEAS K,7 - 6,453,GRE,7:33
Exclusion with substitution,6.0,7,6,7,GRE,4.0,PONTIKEAS K,7 - 6,453,GRE,7:33
Turnover foul,5.0,7,6,7,GRE,4.0,GIORGETTI A,7 - 6,423,ITA,7:03
Steal,12.0,7,6,7,GRE,4.0,VLACHOPOULOS A,7 - 6,423,GRE,7:03
Turnover foul,5.0,7,6,7,GRE,4.0,FOUNTOULIS I,7 - 6,395,GRE,6:35
Steal,1.0,7,6,7,GRE,4.0,TEMPESTI S,7 - 6,395,ITA,6:35
Turnover foul,5.0,7,6,7,GRE,4.0,GIORGETTI A,7 - 6,369,ITA,6:09
20 sec. exclusion in centre,7.0,7,6,7,GRE,4.0,GIACOPPO M,7 - 6,345,ITA,5:45
Turnover foul,12.0,7,6,7,GRE,4.0,VLACHOPOULOS A,7 - 6,317,GRE,5:17
Steal,3.0,7,6,7,GRE,4.0,VELOTTO A,7 - 6,317,ITA,5:17
5m shot - Saved,3.0,7,6,7,GRE,4.0,VELOTTO A,7 - 6,293,ITA,4:53
Penalty foul,3.0,7,6,7,GRE,4.0,DERVISIS G,7 - 6,266,GRE,4:26
Penalty shot - Goal,4.0,7,7,7,GRE,4.0,FIGLIOLI P,7 - 7,266,ITA,4:26
5m shot - Saved,12.0,7,7,7,GRE,4.0,VLACHOPOULOS A,7 - 7,239,GRE,3:59
Yellow card,,7,7,7,GRE,4.0,Team Official,7 - 7,239,GRE,3:59
20 sec. exclusion in centre,9.0,7,7,7,GRE,4.0,GITTO N,7 - 7,217,ITA,3:37
Exclusion with substitution,9.0,7,7,7,GRE,4.0,GITTO N,7 - 7,217,ITA,3:37
Action shot - Post,11.0,7,7,7,GRE,4.0,GOUNAS A,7 - 7,195,GRE,3:15
5m shot - Saved,12.0,7,7,7,GRE,4.0,VLACHOPOULOS A,7 - 7,164,GRE,2:44
5m shot - Blocked,4.0,7,7,7,GRE,4.0,FIGLIOLI P,7 - 7,140,ITA,2:20
Time-Out,,7,7,7,GRE,4.0,,7 - 7,139,GRE,2:19
20 sec. exclusion in centre,2.0,7,7,7,GRE,4.0,DI FULVIO F,7 - 7,112,ITA,1:52
Action shot - Post,5.0,7,7,7,GRE,4.0,FOUNTOULIS I,7 - 7,85,GRE,1:25
Turnover foul,5.0,7,7,7,GRE,4.0,GIORGETTI A,7 - 7,56,ITA,0:56
Turnover foul,7.0,7,7,7,GRE,4.0,AFROUDAKIS C,7 - 7,41,GRE,0:41
5m shot - Post,2.0,7,7,7,GRE,4.0,DI FULVIO F,7 - 7,12,ITA,0:12
5m shot - Saved,7.0,7,7,7,GRE,4.0,AFROUDAKIS C,7 - 7,0,GRE,0:00
