Period,Time,Action,Score,Team,Player,Cap,Opponent,NZL,Seconds,Game,Opponent name
1.0,8:00,Starting goalkeeper,0 - 0,NZL,MILLAR B,1.0,0,0,480,1,AUS
1.0,8:00,Starting goalkeeper,0 - 0,AUS,BARTA L,1.0,0,0,480,1,AUS
1.0,8:00,Sprint won possession,0 - 0,AUS,ZAGAME N,12.0,0,0,480,1,AUS
1.0,7:37,Turnover foul,0 - 0,AUS,KNOX B,6.0,0,0,457,1,AUS
1.0,7:37,Steal,0 - 0,NZL,MYLES A,12.0,0,0,457,1,AUS
1.0,7:09,Turnover foul,0 - 0,NZL,LEWIS N,4.0,0,0,429,1,AUS
1.0,7:09,Steal,0 - 0,AUS,WEBSTER R,7.0,0,0,429,1,AUS
1.0,6:45,5m shot - Goal,1 - 0,AUS,WEBSTER R,7.0,1,0,405,1,AUS
1.0,6:28,Turnover foul,1 - 0,NZL,MASON K,3.0,1,0,388,1,AUS
1.0,6:28,Steal,1 - 0,AUS,SOUTHERN A,10.0,1,0,388,1,AUS
1.0,6:07,Turnover foul,1 - 0,AUS,LINCOLN-SMITH H,4.0,1,0,367,1,AUS
1.0,5:37,Turnover foul,1 - 0,NZL,MASON K,3.0,1,0,337,1,AUS
1.0,5:37,Steal,1 - 0,AUS,SOUTHERN A,10.0,1,0,337,1,AUS
1.0,5:20,Centre shot - Saved,1 - 0,AUS,ZAGAME N,12.0,1,0,320,1,AUS
1.0,4:55,5m shot - Post,1 - 0,NZL,MASON K,3.0,1,0,295,1,AUS
1.0,4:45,Turnover foul,1 - 0,AUS,SOUTHERN A,10.0,1,0,285,1,AUS
1.0,4:20,5m shot - Saved,1 - 0,NZL,SIEPRATH L,9.0,1,0,260,1,AUS
1.0,4:19,20 sec. exclusion in field,1 - 0,NZL,BOWRY C,10.0,1,0,259,1,AUS
1.0,4:04,Turnover foul,1 - 0,AUS,WEBSTER R,7.0,1,0,244,1,AUS
1.0,3:40,20 sec. exclusion in field,1 - 0,AUS,ZAGAME N,12.0,1,0,220,1,AUS
1.0,3:17,Action shot - Saved,1 - 0,NZL,HUDSON K,11.0,1,0,197,1,AUS
1.0,2:51,Turnover foul,1 - 0,AUS,McGHIE G,8.0,1,0,171,1,AUS
1.0,2:24,Turnover foul,1 - 0,NZL,COX E,2.0,1,0,144,1,AUS
1.0,2:24,Steal,1 - 0,AUS,McGHIE G,8.0,1,0,144,1,AUS
1.0,1:57,Centre shot - Goal,2 - 0,AUS,LINCOLN-SMITH H,4.0,2,0,117,1,AUS
1.0,1:49,20 sec. exclusion in centre,2 - 0,AUS,BISHOP I,5.0,2,0,109,1,AUS
1.0,1:30,Extra player shot - Goal,2 - 1,NZL,COX E,2.0,2,1,90,1,AUS
1.0,1:08,20 sec. exclusion in centre,2 - 1,NZL,LEWIS D,8.0,2,1,68,1,AUS
1.0,0:49,Extra player shot - Goal,3 - 1,AUS,ARANCINI Z,9.0,3,1,49,1,AUS
1.0,0:33,Turnover foul,3 - 1,NZL,LANDRY S,7.0,3,1,33,1,AUS
1.0,0:15,5m shot - Missed,3 - 1,AUS,ARANCINI Z,9.0,3,1,15,1,AUS
1.0,0:01,5m shot - Missed,3 - 1,NZL,MILLAR B,1.0,3,1,1,1,AUS
2.0,8:00,Starting goalkeeper,3 - 1,NZL,MILLAR B,1.0,3,1,480,1,AUS
2.0,8:00,Starting goalkeeper,3 - 1,AUS,BARTA L,1.0,3,1,480,1,AUS
2.0,8:00,Sprint won possession,3 - 1,NZL,LANDRY S,7.0,3,1,480,1,AUS
2.0,7:38,Turnover foul,3 - 1,NZL,LEWIS N,4.0,3,1,458,1,AUS
2.0,7:09,5m shot - Goal,4 - 1,AUS,WEBSTER R,7.0,4,1,429,1,AUS
2.0,6:40,5m shot - Saved,4 - 1,NZL,SMITH L,6.0,4,1,400,1,AUS
2.0,6:23,Turnover foul,4 - 1,AUS,APPEL J,2.0,4,1,383,1,AUS
2.0,5:59,5m shot - Missed,4 - 1,NZL,LANDRY S,7.0,4,1,359,1,AUS
2.0,5:33,Action shot - Saved,4 - 1,AUS,BUCKLING H,3.0,4,1,333,1,AUS
2.0,5:18,5m shot - Missed,4 - 1,NZL,HUDSON K,11.0,4,1,318,1,AUS
2.0,4:56,20 sec. exclusion in field,4 - 1,NZL,COX E,2.0,4,1,296,1,AUS
2.0,4:47,Extra player shot - Goal,5 - 1,AUS,SOUTHERN A,10.0,5,1,287,1,AUS
2.0,4:23,Action shot - Missed,5 - 1,NZL,MYLES A,12.0,5,1,263,1,AUS
2.0,4:04,Centre shot - Goal,6 - 1,AUS,LINCOLN-SMITH H,4.0,6,1,244,1,AUS
2.0,3:46,20 sec. exclusion in centre,6 - 1,AUS,BUCKLING H,3.0,6,1,226,1,AUS
2.0,3:27,Extra player shot - Goal,6 - 2,NZL,MASON K,3.0,6,2,207,1,AUS
2.0,3:14,Centre shot - Goal,7 - 2,AUS,APPEL J,2.0,7,2,194,1,AUS
2.0,2:56,Action shot - Goal,7 - 3,NZL,BOWRY C,10.0,7,3,176,1,AUS
2.0,2:31,Centre shot - Saved,7 - 3,AUS,APPEL J,2.0,7,3,151,1,AUS
2.0,2:07,5m shot - Saved,7 - 3,NZL,MASON K,3.0,7,3,127,1,AUS
2.0,1:37,5m shot - Saved,7 - 3,AUS,KNOX B,6.0,7,3,97,1,AUS
2.0,1:07,5m shot - Saved,7 - 3,NZL,BOWRY C,10.0,7,3,67,1,AUS
2.0,0:37,5m shot - Saved,7 - 3,AUS,KNOX B,6.0,7,3,37,1,AUS
2.0,0:15,5m shot - Blocked,7 - 3,NZL,BOWRY C,10.0,7,3,15,1,AUS
2.0,0:07,5m shot - Missed,7 - 3,NZL,BOWRY C,10.0,7,3,7,1,AUS
3.0,8:00,Starting goalkeeper,7 - 3,AUS,WAKEFIELD K,13.0,7,3,480,1,AUS
3.0,8:00,Starting goalkeeper,7 - 3,NZL,MILLAR B,1.0,7,3,480,1,AUS
3.0,8:00,Sprint won possession,7 - 3,NZL,LANDRY S,7.0,7,3,480,1,AUS
3.0,7:39,5m shot - Saved,7 - 3,NZL,MASON K,3.0,7,3,459,1,AUS
3.0,7:21,5m shot - Goal,8 - 3,AUS,GOFERS K,11.0,8,3,441,1,AUS
3.0,6:54,5m shot - Saved,8 - 3,NZL,LEWIS D,8.0,8,3,414,1,AUS
3.0,6:35,Action shot - Saved,8 - 3,AUS,GOFERS K,11.0,8,3,395,1,AUS
3.0,6:19,20 sec. exclusion in centre,8 - 3,NZL,MASON K,3.0,8,3,379,1,AUS
3.0,6:08,Extra player shot - Saved,8 - 3,AUS,WEBSTER R,7.0,8,3,368,1,AUS
3.0,5:40,Action shot - Goal,9 - 3,AUS,WEBSTER R,7.0,9,3,340,1,AUS
3.0,5:23,20 sec. exclusion in centre,9 - 3,AUS,KNOX B,6.0,9,3,323,1,AUS
3.0,5:15,Extra player shot - Saved,9 - 3,NZL,SIEPRATH L,9.0,9,3,315,1,AUS
3.0,4:41,5m shot - Saved,9 - 3,AUS,ZAGAME N,12.0,9,3,281,1,AUS
3.0,4:34,Centre shot - Missed,9 - 3,AUS,APPEL J,2.0,9,3,274,1,AUS
3.0,4:15,20 sec. exclusion in centre,9 - 3,AUS,McGHIE G,8.0,9,3,255,1,AUS
3.0,4:15,Time-Out,9 - 3,NZL,,,9,3,255,1,AUS
3.0,3:49,5m shot - Blocked,9 - 3,NZL,MASON K,3.0,9,3,229,1,AUS
3.0,3:39,Action shot - Goal,10 - 3,AUS,ZAGAME N,12.0,10,3,219,1,AUS
3.0,3:22,Turnover foul,10 - 3,NZL,SMITH L,6.0,10,3,202,1,AUS
3.0,3:22,Steal,10 - 3,AUS,WEBSTER R,7.0,10,3,202,1,AUS
3.0,3:02,Turnover foul,10 - 3,AUS,LINCOLN-SMITH H,4.0,10,3,182,1,AUS
3.0,2:43,20 sec. exclusion in centre,10 - 3,AUS,WEBSTER R,7.0,10,3,163,1,AUS
3.0,2:26,Extra player shot - Post,10 - 3,NZL,HUDSON K,11.0,10,3,146,1,AUS
3.0,1:56,5m shot - Post,10 - 3,AUS,KNOX B,6.0,10,3,116,1,AUS
3.0,1:29,Turnover foul,10 - 3,NZL,BOWRY C,10.0,10,3,89,1,AUS
3.0,1:29,Steal,10 - 3,AUS,BUCKLING H,3.0,10,3,89,1,AUS
3.0,1:21,Penalty foul,10 - 3,NZL,BOWRY C,10.0,10,3,81,1,AUS
3.0,1:21,Penalty shot - Goal,11 - 3,AUS,SOUTHERN A,10.0,11,3,81,1,AUS
3.0,0:57,5m shot - Saved,11 - 3,NZL,LANDRY S,7.0,11,3,57,1,AUS
3.0,0:41,Turnover foul,11 - 3,NZL,SIEPRATH L,9.0,11,3,41,1,AUS
3.0,0:41,Steal,11 - 3,AUS,ARANCINI Z,9.0,11,3,41,1,AUS
3.0,0:26,Turnover foul,11 - 3,AUS,GOFERS K,11.0,11,3,26,1,AUS
3.0,0:06,5m shot - Missed,11 - 3,NZL,SMITH L,6.0,11,3,6,1,AUS
4.0,8:00,Starting goalkeeper,11 - 3,AUS,WAKEFIELD K,13.0,11,3,480,1,AUS
4.0,8:00,Starting goalkeeper,11 - 3,NZL,MILLAR B,1.0,11,3,480,1,AUS
4.0,8:00,Sprint won possession,11 - 3,AUS,McGHIE G,8.0,11,3,480,1,AUS
4.0,7:01,Turnover foul,11 - 3,NZL,SIEPRATH L,9.0,11,3,421,1,AUS
4.0,7:01,Steal,11 - 3,AUS,WEBSTER R,7.0,11,3,421,1,AUS
4.0,6:34,Turnover foul,11 - 3,AUS,WEBSTER R,7.0,11,3,394,1,AUS
4.0,6:34,Steal,11 - 3,NZL,SMITH L,6.0,11,3,394,1,AUS
4.0,6:12,5m shot - Blocked,11 - 3,NZL,SMITH L,6.0,11,3,372,1,AUS
4.0,5:46,Action shot - Saved,11 - 3,AUS,WEBSTER R,7.0,11,3,346,1,AUS
4.0,5:19,Turnover foul,11 - 3,NZL,LEWIS D,8.0,11,3,319,1,AUS
4.0,5:19,Steal,11 - 3,AUS,McGHIE G,8.0,11,3,319,1,AUS
4.0,5:07,Centre shot - Goal,12 - 3,AUS,BUCKLING H,3.0,12,3,307,1,AUS
4.0,4:46,5m shot - Missed,12 - 3,NZL,BOWRY C,10.0,12,3,286,1,AUS
4.0,4:41,Turnover foul,12 - 3,AUS,SOUTHERN A,10.0,12,3,281,1,AUS
4.0,4:35,5m shot - Goal,12 - 4,NZL,MASON K,3.0,12,4,275,1,AUS
4.0,4:16,5m shot - Post,12 - 4,AUS,SOUTHERN A,10.0,12,4,256,1,AUS
4.0,3:51,5m shot - Missed,12 - 4,NZL,MYLES A,12.0,12,4,231,1,AUS
4.0,3:25,Action shot - Missed,12 - 4,AUS,McGHIE G,8.0,12,4,205,1,AUS
4.0,3:13,Turnover foul,12 - 4,NZL,SIEPRATH L,9.0,12,4,193,1,AUS
4.0,3:13,Steal,12 - 4,AUS,BISHOP I,5.0,12,4,193,1,AUS
4.0,3:11,Time-Out,12 - 4,AUS,,,12,4,191,1,AUS
4.0,2:45,20 sec. exclusion in centre,12 - 4,NZL,MASON K,3.0,12,4,165,1,AUS
4.0,2:33,Turnover foul,12 - 4,AUS,GOFERS K,11.0,12,4,153,1,AUS
4.0,2:04,5m shot - Saved,12 - 4,NZL,LEWIS D,8.0,12,4,124,1,AUS
4.0,1:49,Centre shot - Goal,13 - 4,AUS,LINCOLN-SMITH H,4.0,13,4,109,1,AUS
4.0,1:23,Action shot - Saved,13 - 4,NZL,SMITH L,6.0,13,4,83,1,AUS
4.0,1:05,20 sec. exclusion in centre,13 - 4,NZL,BOWRY C,10.0,13,4,65,1,AUS
4.0,1:05,Time-Out,13 - 4,AUS,,,13,4,65,1,AUS
4.0,0:49,5m shot - Goal,14 - 4,AUS,WEBSTER R,7.0,14,4,49,1,AUS
4.0,0:23,5m shot - Saved,14 - 4,NZL,HUDSON K,11.0,14,4,23,1,AUS
4.0,0:18,20 sec. exclusion in field,14 - 4,NZL,LEWIS D,8.0,14,4,18,1,AUS
4.0,0:02,Extra player shot - Goal,15 - 4,AUS,ARANCINI Z,9.0,15,4,2,1,AUS
4.0,0:01,5m shot - Saved,15 - 4,NZL,HUDSON K,11.0,15,4,1,1,AUS
1.0,8:00,Starting goalkeeper,0 - 0,NZL,MILLAR B,1.0,0,0,480,2,RSA
1.0,8:00,Starting goalkeeper,0 - 0,RSA,JACOBS A,1.0,0,0,480,2,RSA
1.0,8:00,Sprint won possession,0 - 0,NZL,MYLES A,12.0,0,0,480,2,RSA
1.0,7:36,5m shot - Saved,0 - 0,NZL,MYLES A,12.0,0,0,456,2,RSA
1.0,7:09,Action shot - Missed,0 - 0,RSA,WHITE K,12.0,0,0,429,2,RSA
1.0,6:47,Turnover foul,0 - 0,NZL,BOWRY C,10.0,0,0,407,2,RSA
1.0,6:47,Steal,0 - 0,RSA,SCHOOLING T,6.0,0,0,407,2,RSA
1.0,6:34,Counter attack - Missed,0 - 0,RSA,SCHOOLING T,6.0,0,0,394,2,RSA
1.0,6:15,20 sec. exclusion in centre,0 - 0,RSA,WHITE K,12.0,0,0,375,2,RSA
1.0,6:00,Extra player shot - Saved,0 - 0,NZL,MASON K,3.0,0,0,360,2,RSA
1.0,5:51,Action shot - Goal,0 - 1,NZL,HUDSON K,11.0,0,1,351,2,RSA
1.0,5:30,Action shot - Saved,0 - 1,RSA,SCHOOLING T,6.0,0,1,330,2,RSA
1.0,5:07,Action shot - Goal,0 - 2,NZL,HUDSON K,11.0,0,2,307,2,RSA
1.0,4:50,Centre shot - Post,0 - 2,RSA,KAY K,7.0,0,2,290,2,RSA
1.0,4:30,Turnover foul,0 - 2,NZL,MYLES A,12.0,0,2,270,2,RSA
1.0,4:02,5m shot - Missed,0 - 2,RSA,WHITE K,12.0,0,2,242,2,RSA
1.0,3:44,Turnover foul,0 - 2,NZL,COX E,2.0,0,2,224,2,RSA
1.0,3:31,20 sec. exclusion in field,0 - 2,NZL,SMITH L,6.0,0,2,211,2,RSA
1.0,3:10,Action shot - Post,0 - 2,RSA,KILLEEN L,11.0,0,2,190,2,RSA
1.0,2:47,5m shot - Saved,0 - 2,NZL,BOWRY C,10.0,0,2,167,2,RSA
1.0,2:27,Action shot - Goal,1 - 2,RSA,WHITE K,12.0,1,2,147,2,RSA
1.0,2:05,Turnover foul,1 - 2,NZL,LEWIS N,4.0,1,2,125,2,RSA
1.0,2:05,Steal,1 - 2,RSA,KEET M,10.0,1,2,125,2,RSA
1.0,1:51,Turnover foul,1 - 2,RSA,KEET L,8.0,1,2,111,2,RSA
1.0,1:36,5m shot - Saved,1 - 2,NZL,MASON K,3.0,1,2,96,2,RSA
1.0,1:14,Turnover foul,1 - 2,RSA,KEET L,8.0,1,2,74,2,RSA
1.0,1:14,Steal,1 - 2,NZL,LANDRY S,7.0,1,2,74,2,RSA
1.0,0:52,Turnover foul,1 - 2,NZL,SIEPRATH L,9.0,1,2,52,2,RSA
1.0,0:52,Steal,1 - 2,RSA,JACOBS A,1.0,1,2,52,2,RSA
1.0,0:38,Turnover foul,1 - 2,RSA,SCHOOLING T,6.0,1,2,38,2,RSA
1.0,0:38,Steal,1 - 2,NZL,MASON K,3.0,1,2,38,2,RSA
1.0,0:20,5m shot - Goal,1 - 3,NZL,LEWIS D,8.0,1,3,20,2,RSA
1.0,0:02,Penalty foul,1 - 3,NZL,MILLAR B,1.0,1,3,2,2,RSA
1.0,0:02,Penalty shot - Goal,2 - 3,RSA,SCHOOLING T,6.0,2,3,2,2,RSA
1.0,0:01,5m shot - Missed,2 - 3,NZL,MASON K,3.0,2,3,1,2,RSA
2.0,8:00,Starting goalkeeper,2 - 3,RSA,JACOBS A,1.0,2,3,480,2,RSA
2.0,8:00,Starting goalkeeper,2 - 3,NZL,MILLAR B,1.0,2,3,480,2,RSA
2.0,8:00,Sprint won possession,2 - 3,NZL,LANDRY S,7.0,2,3,480,2,RSA
2.0,7:36,Turnover foul,2 - 3,NZL,LEWIS N,4.0,2,3,456,2,RSA
2.0,7:25,Penalty foul,2 - 3,NZL,LEWIS D,8.0,2,3,445,2,RSA
2.0,7:25,Penalty shot - Missed,2 - 3,RSA,SCHOOLING T,6.0,2,3,445,2,RSA
2.0,7:08,20 sec. exclusion in field,2 - 3,RSA,KEET M,10.0,2,3,428,2,RSA
2.0,6:46,Action shot - Goal,2 - 4,NZL,LANDRY S,7.0,2,4,406,2,RSA
2.0,6:32,Turnover foul,2 - 4,RSA,RAWSTRON C,4.0,2,4,392,2,RSA
2.0,6:32,Steal,2 - 4,NZL,MASON K,3.0,2,4,392,2,RSA
2.0,6:20,20 sec. exclusion in centre,2 - 4,RSA,SCHMIDT K,2.0,2,4,380,2,RSA
2.0,6:09,Extra player shot - Goal,2 - 5,NZL,MASON K,3.0,2,5,369,2,RSA
2.0,6:02,Turnover foul,2 - 5,RSA,SCHMIDT K,2.0,2,5,362,2,RSA
2.0,5:35,5m shot - Post,2 - 5,NZL,BOWRY C,10.0,2,5,335,2,RSA
2.0,5:08,Centre shot - Goal,3 - 5,RSA,KAY K,7.0,3,5,308,2,RSA
2.0,4:39,Action shot - Saved,3 - 5,NZL,BOWRY C,10.0,3,5,279,2,RSA
2.0,4:20,Turnover foul,3 - 5,RSA,WHITE K,12.0,3,5,260,2,RSA
2.0,4:20,Steal,3 - 5,NZL,HUDSON K,11.0,3,5,260,2,RSA
2.0,4:11,Centre shot - Saved,3 - 5,NZL,BOWRY C,10.0,3,5,251,2,RSA
2.0,4:02,Action shot - Missed,3 - 5,NZL,SIEPRATH L,9.0,3,5,242,2,RSA
2.0,3:39,Turnover foul,3 - 5,RSA,KAY K,7.0,3,5,219,2,RSA
2.0,3:39,Steal,3 - 5,NZL,BOWRY C,10.0,3,5,219,2,RSA
2.0,3:19,Turnover foul,3 - 5,NZL,SIEPRATH L,9.0,3,5,199,2,RSA
2.0,3:19,Steal,3 - 5,RSA,KEET M,10.0,3,5,199,2,RSA
2.0,3:06,Turnover foul,3 - 5,RSA,KAY K,7.0,3,5,186,2,RSA
2.0,3:06,Steal,3 - 5,NZL,MYLES A,12.0,3,5,186,2,RSA
2.0,3:05,20 sec. exclusion in field,3 - 5,RSA,KEET M,10.0,3,5,185,2,RSA
2.0,3:05,Time-Out,3 - 5,NZL,,,3,5,185,2,RSA
4.0,6:35,Turnover foul,3 - 5,NZL,LEWIS N,4.0,3,5,395,2,RSA
4.0,6:21,Action shot - Goal,6 - 10,RSA,WHITE K,12.0,6,10,381,2,RSA
4.0,5:59,5m shot - Post,6 - 10,NZL,MYLES A,12.0,6,10,359,2,RSA
4.0,5:38,Turnover foul,6 - 10,RSA,WHITE K,12.0,6,10,338,2,RSA
4.0,5:38,Steal,6 - 10,NZL,MILLAR B,1.0,6,10,338,2,RSA
4.0,5:16,Turnover foul,6 - 10,NZL,LEWIS N,4.0,6,10,316,2,RSA
4.0,4:57,Action shot - Missed,6 - 10,RSA,KEET M,10.0,6,10,297,2,RSA
4.0,4:33,Turnover foul,6 - 10,NZL,SMITH L,6.0,6,10,273,2,RSA
4.0,4:33,Steal,6 - 10,RSA,KAY K,7.0,6,10,273,2,RSA
4.0,4:02,20 sec. exclusion in field,6 - 10,RSA,KEET M,10.0,6,10,242,2,RSA
4.0,4:02,Exclusion with substitution,6 - 10,RSA,KEET M,10.0,6,10,242,2,RSA
4.0,3:39,Action shot - Goal,6 - 11,NZL,HUDSON K,11.0,6,11,219,2,RSA
4.0,3:28,Turnover foul,6 - 11,RSA,PALEY K,3.0,6,11,208,2,RSA
4.0,3:28,Steal,6 - 11,NZL,MILLAR B,1.0,6,11,208,2,RSA
2.0,2:48,Extra player shot - Saved,6 - 11,NZL,SMITH L,6.0,6,11,168,2,RSA
2.0,2:18,Action shot - Saved,6 - 11,RSA,KEET L,8.0,6,11,138,2,RSA
2.0,1:55,Action shot - Goal,3 - 6,NZL,HUDSON K,11.0,3,6,115,2,RSA
2.0,1:35,Turnover foul,3 - 6,RSA,WHITE K,12.0,3,6,95,2,RSA
2.0,1:23,Action shot - Saved,3 - 6,NZL,MYLES A,12.0,3,6,83,2,RSA
2.0,1:03,Turnover foul,3 - 6,NZL,LEWIS N,4.0,3,6,63,2,RSA
2.0,1:03,Steal,3 - 6,RSA,KEET L,8.0,3,6,63,2,RSA
2.0,0:42,Turnover foul,3 - 6,RSA,RAWSTRON C,4.0,3,6,42,2,RSA
2.0,0:24,5m shot - Post,3 - 6,NZL,MASON K,3.0,3,6,24,2,RSA
2.0,0:01,Turnover foul,3 - 6,RSA,KEET L,8.0,3,6,1,2,RSA
2.0,0:01,Steal,3 - 6,NZL,MILLAR B,1.0,3,6,1,2,RSA
3.0,8:00,Starting goalkeeper,3 - 6,NZL,MILLAR B,1.0,3,6,480,2,RSA
3.0,8:00,Starting goalkeeper,3 - 6,RSA,JACOBS A,1.0,3,6,480,2,RSA
3.0,8:00,Sprint won possession,3 - 6,RSA,KAY K,7.0,3,6,480,2,RSA
3.0,7:44,20 sec. exclusion in centre,3 - 6,NZL,MASON K,3.0,3,6,464,2,RSA
3.0,7:19,Action shot - Saved,3 - 6,RSA,WHITE K,12.0,3,6,439,2,RSA
3.0,7:10,Turnover foul,3 - 6,RSA,SCHOOLING M,5.0,3,6,430,2,RSA
3.0,6:51,20 sec. exclusion in centre,3 - 6,RSA,SCHOOLING T,6.0,3,6,411,2,RSA
3.0,6:33,Extra player shot - Saved,3 - 6,NZL,MASON K,3.0,3,6,393,2,RSA
3.0,6:13,Turnover foul,3 - 6,RSA,WHITE K,12.0,3,6,373,2,RSA
3.0,6:13,Steal,3 - 6,NZL,MILLAR B,1.0,3,6,373,2,RSA
3.0,5:56,20 sec. exclusion in centre,3 - 6,RSA,WHITE K,12.0,3,6,356,2,RSA
3.0,5:42,Extra player shot - Blocked,3 - 6,NZL,BOWRY C,10.0,3,6,342,2,RSA
3.0,5:41,20 sec. exclusion in field,3 - 6,NZL,LEWIS D,8.0,3,6,341,2,RSA
3.0,5:41,Time-Out,3 - 6,RSA,,,3,6,341,2,RSA
3.0,5:15,Turnover foul,3 - 6,RSA,PALEY K,3.0,3,6,315,2,RSA
3.0,5:15,Steal,3 - 6,NZL,MYLES A,12.0,3,6,315,2,RSA
3.0,4:50,Action shot - Missed,3 - 6,NZL,MASON K,3.0,3,6,290,2,RSA
3.0,4:29,Turnover foul,3 - 6,RSA,KAY K,7.0,3,6,269,2,RSA
3.0,4:12,Turnover foul,3 - 6,NZL,MASON K,3.0,3,6,252,2,RSA
3.0,4:12,Steal,3 - 6,RSA,KAY K,7.0,3,6,252,2,RSA
3.0,4:06,Turnover foul,3 - 6,RSA,KAY K,7.0,3,6,246,2,RSA
3.0,4:04,Centre shot - Saved,3 - 6,NZL,LEWIS N,4.0,3,6,244,2,RSA
3.0,3:52,Action shot - Goal,4 - 6,RSA,KEET M,10.0,4,6,232,2,RSA
3.0,3:26,Turnover foul,4 - 6,NZL,COX E,2.0,4,6,206,2,RSA
3.0,3:26,Steal,4 - 6,RSA,CHRISTIAN D,9.0,4,6,206,2,RSA
3.0,3:16,Turnover foul,4 - 6,RSA,KEET M,10.0,4,6,196,2,RSA
3.0,3:10,Action shot - Goal,4 - 7,NZL,MYLES A,12.0,4,7,190,2,RSA
3.0,2:55,20 sec. exclusion in centre,4 - 7,NZL,LEWIS D,8.0,4,7,175,2,RSA
3.0,2:55,Exclusion with substitution,4 - 7,NZL,LEWIS D,8.0,4,7,175,2,RSA
3.0,2:41,Extra player shot - Post,4 - 7,RSA,KILLEEN L,11.0,4,7,161,2,RSA
3.0,2:30,Centre shot - Missed,4 - 7,NZL,HUDSON K,11.0,4,7,150,2,RSA
3.0,2:12,Turnover foul,4 - 7,RSA,WHITE K,12.0,4,7,132,2,RSA
3.0,2:12,Steal,4 - 7,NZL,MYLES A,12.0,4,7,132,2,RSA
3.0,1:57,20 sec. exclusion in centre,4 - 7,RSA,MKIZE T,13.0,4,7,117,2,RSA
3.0,1:46,Extra player shot - Goal,4 - 8,NZL,MYLES A,12.0,4,8,106,2,RSA
3.0,1:30,Turnover foul,4 - 8,RSA,SCHMIDT K,2.0,4,8,90,2,RSA
3.0,1:30,Steal,4 - 8,NZL,BOYD A,5.0,4,8,90,2,RSA
3.0,1:10,Turnover foul,4 - 8,NZL,SIEPRATH L,9.0,4,8,70,2,RSA
3.0,1:10,Steal,4 - 8,RSA,WHITE K,12.0,4,8,70,2,RSA
3.0,0:46,Turnover foul,4 - 8,RSA,WHITE K,12.0,4,8,46,2,RSA
3.0,0:46,Steal,4 - 8,NZL,LANDRY S,7.0,4,8,46,2,RSA
3.0,0:21,Action shot - Missed,4 - 8,NZL,SMITH L,6.0,4,8,21,2,RSA
3.0,0:09,Turnover foul,4 - 8,RSA,JACOBS A,1.0,4,8,9,2,RSA
3.0,0:09,Steal,4 - 8,NZL,MASON K,3.0,4,8,9,2,RSA
3.0,0:01,Action shot - Goal,4 - 9,NZL,LEWIS N,4.0,4,9,1,2,RSA
4.0,8:00,Starting goalkeeper,4 - 9,RSA,JACOBS A,1.0,4,9,480,2,RSA
4.0,8:00,Starting goalkeeper,4 - 9,NZL,MILLAR B,1.0,4,9,480,2,RSA
4.0,8:00,Sprint won possession,4 - 9,NZL,MYLES A,12.0,4,9,480,2,RSA
4.0,7:37,20 sec. exclusion in centre,4 - 9,RSA,SCHOOLING M,5.0,4,9,457,2,RSA
4.0,7:19,Extra player shot - Goal,4 - 10,NZL,MYLES A,12.0,4,10,439,2,RSA
4.0,7:06,20 sec. exclusion in field,4 - 10,NZL,MASON K,3.0,4,10,426,2,RSA
4.0,6:54,Extra player shot - Goal,5 - 10,RSA,KAY K,7.0,5,10,414,2,RSA
4.0,3:04,5m shot - Saved,5 - 10,NZL,BOWRY C,10.0,5,10,184,2,RSA
4.0,2:43,Turnover foul,5 - 10,RSA,KEET L,8.0,5,10,163,2,RSA
4.0,2:37,Counter attack - Goal,6 - 12,NZL,MYLES A,12.0,6,12,157,2,RSA
4.0,2:26,Turnover foul,6 - 12,RSA,RAWSTRON C,4.0,6,12,146,2,RSA
4.0,2:26,Steal,6 - 12,NZL,HUDSON K,11.0,6,12,146,2,RSA
4.0,2:05,Action shot - Goal,6 - 13,NZL,LANDRY S,7.0,6,13,125,2,RSA
4.0,1:50,20 sec. exclusion in field,6 - 13,NZL,HUDSON K,11.0,6,13,110,2,RSA
4.0,1:24,Action shot - Goal,7 - 13,RSA,WHITE K,12.0,7,13,84,2,RSA
4.0,0:56,5m shot - Missed,7 - 13,NZL,SIEPRATH L,9.0,7,13,56,2,RSA
4.0,0:52,Time-Out,7 - 13,RSA,,,7,13,52,2,RSA
4.0,0:38,Turnover foul,7 - 13,RSA,SCHMIDT K,2.0,7,13,38,2,RSA
4.0,0:38,Steal,7 - 13,NZL,BOYD A,5.0,7,13,38,2,RSA
4.0,0:11,20 sec. exclusion in centre,7 - 13,RSA,KEET L,8.0,7,13,11,2,RSA
4.0,0:11,Time-Out,7 - 13,NZL,,,7,13,11,2,RSA
1.0,8:00,Starting goalkeeper,0 - 0,NZL,HUTCHINSON I,13.0,0,0,480,3,CHN
1.0,8:00,Starting goalkeeper,0 - 0,CHN,YANG J,1.0,0,0,480,3,CHN
1.0,8:00,Sprint won possession,0 - 0,NZL,MYLES A,12.0,0,0,480,3,CHN
1.0,7:37,Turnover foul,0 - 0,NZL,LEWIS N,4.0,0,0,457,3,CHN
1.0,7:37,Steal,0 - 0,CHN,LIU P,3.0,0,0,457,3,CHN
1.0,7:11,Action shot - Saved,0 - 0,CHN,MA H,10.0,0,0,431,3,CHN
1.0,6:55,Turnover foul,0 - 0,NZL,LEWIS N,4.0,0,0,415,3,CHN
1.0,6:36,5m shot - Goal,1 - 0,CHN,LIU P,3.0,1,0,396,3,CHN
1.0,6:11,5m shot - Post,1 - 0,NZL,MYLES A,12.0,1,0,371,3,CHN
1.0,6:05,Turnover foul,1 - 0,CHN,MA H,10.0,1,0,365,3,CHN
1.0,6:05,Steal,1 - 0,NZL,SIEPRATH L,9.0,1,0,365,3,CHN
1.0,5:50,20 sec. exclusion in centre,1 - 0,CHN,LIU P,3.0,1,0,350,3,CHN
1.0,5:25,Action shot - Saved,1 - 0,NZL,MASON K,3.0,1,0,325,3,CHN
1.0,5:03,20 sec. exclusion in centre,1 - 0,NZL,MYLES A,12.0,1,0,303,3,CHN
1.0,4:38,Action shot - Saved,1 - 0,CHN,TENG F,2.0,1,0,278,3,CHN
1.0,4:21,Turnover foul,1 - 0,CHN,MA H,10.0,1,0,261,3,CHN
1.0,4:21,Steal,1 - 0,NZL,LEWIS D,8.0,1,0,261,3,CHN
1.0,3:56,5m shot - Saved,1 - 0,NZL,MASON K,3.0,1,0,236,3,CHN
1.0,3:30,Action shot - Post,1 - 0,NZL,SIEPRATH L,9.0,1,0,210,3,CHN
1.0,3:15,Action shot - Goal,2 - 0,CHN,ZHANG C,11.0,2,0,195,3,CHN
1.0,2:45,Action shot - Missed,2 - 0,NZL,LANDRY S,7.0,2,0,165,3,CHN
1.0,2:28,Turnover foul,2 - 0,CHN,ZHANG C,11.0,2,0,148,3,CHN
1.0,1:34,Centre shot - Blocked,2 - 0,CHN,HE J,5.0,2,0,94,3,CHN
1.0,1:26,20 sec. exclusion in field,2 - 0,CHN,ZHANG C,11.0,2,0,86,3,CHN
1.0,1:06,Extra player shot - Post,2 - 0,NZL,MASON K,3.0,2,0,66,3,CHN
1.0,0:39,Turnover foul,2 - 0,NZL,COX E,2.0,2,0,39,3,CHN
1.0,0:39,Steal,2 - 0,CHN,SONG D,7.0,2,0,39,3,CHN
1.0,0:23,Action shot - Post,2 - 0,CHN,SONG D,7.0,2,0,23,3,CHN
1.0,0:01,Action shot - Saved,2 - 0,NZL,SMITH L,6.0,2,0,1,3,CHN
2.0,8:00,Starting goalkeeper,2 - 0,NZL,HUTCHINSON I,13.0,2,0,480,3,CHN
2.0,8:00,Starting goalkeeper,2 - 0,CHN,YANG J,1.0,2,0,480,3,CHN
2.0,8:00,Sprint won possession,2 - 0,CHN,SUN Y,6.0,2,0,480,3,CHN
2.0,7:36,Action shot - Missed,2 - 0,CHN,LIU P,3.0,2,0,456,3,CHN
2.0,7:11,Action shot - Goal,2 - 1,NZL,SMITH L,6.0,2,1,431,3,CHN
2.0,6:55,20 sec. exclusion in centre,2 - 1,NZL,LEWIS D,8.0,2,1,415,3,CHN
2.0,6:36,Extra player shot - Goal,3 - 1,CHN,TENG F,2.0,3,1,396,3,CHN
2.0,6:17,5m shot - Post,3 - 1,NZL,MASON K,3.0,3,1,377,3,CHN
2.0,6:05,Counter attack - Goal,4 - 1,CHN,SUN Y,4.0,4,1,365,3,CHN
2.0,5:44,Turnover foul,4 - 1,NZL,LEWIS N,4.0,4,1,344,3,CHN
2.0,5:24,Action shot - Blocked,4 - 1,CHN,MA H,10.0,4,1,324,3,CHN
2.0,4:56,5m shot - Missed,4 - 1,NZL,HUDSON K,11.0,4,1,296,3,CHN
2.0,4:31,Centre shot - Goal,5 - 1,CHN,HE J,5.0,5,1,271,3,CHN
2.0,4:11,Action shot - Saved,5 - 1,NZL,MASON K,3.0,5,1,251,3,CHN
2.0,3:52,Turnover foul,5 - 1,CHN,SUN Y,6.0,5,1,232,3,CHN
2.0,3:23,Action shot - Saved,5 - 1,NZL,BOYD A,5.0,5,1,203,3,CHN
2.0,3:00,Turnover foul,5 - 1,CHN,SUN Y,6.0,5,1,180,3,CHN
2.0,3:00,Steal,5 - 1,NZL,MASON K,3.0,5,1,180,3,CHN
2.0,2:30,5m shot - Post,5 - 1,NZL,MASON K,3.0,5,1,150,3,CHN
2.0,2:08,Action shot - Goal,6 - 1,CHN,SONG D,7.0,6,1,128,3,CHN
2.0,1:53,20 sec. exclusion in centre,6 - 1,CHN,XU L,8.0,6,1,113,3,CHN
2.0,1:34,Extra player shot - Missed,6 - 1,NZL,BOWRY C,10.0,6,1,94,3,CHN
2.0,1:10,5m shot - Saved,6 - 1,CHN,LIU P,3.0,6,1,70,3,CHN
2.0,0:44,Action shot - Post,6 - 1,NZL,SMITH L,6.0,6,1,44,3,CHN
2.0,0:20,Action shot - Blocked,6 - 1,CHN,ZHANG C,11.0,6,1,20,3,CHN
2.0,0:05,Turnover foul,6 - 1,NZL,LEWIS N,4.0,6,1,5,3,CHN
3.0,8:00,Starting goalkeeper,6 - 1,NZL,HUTCHINSON I,13.0,6,1,480,3,CHN
3.0,8:00,Starting goalkeeper,6 - 1,CHN,WANG Y,13.0,6,1,480,3,CHN
3.0,8:00,Sprint won possession,6 - 1,CHN,TENG F,2.0,6,1,480,3,CHN
3.0,7:45,20 sec. exclusion in field,6 - 1,NZL,BOWRY C,10.0,6,1,465,3,CHN
3.0,7:25,Extra player shot - Post,6 - 1,CHN,HE J,5.0,6,1,445,3,CHN
3.0,7:16,Double exclusion,6 - 1,CHN,SUN Y,4.0,6,1,436,3,CHN
3.0,7:16,Double exclusion,6 - 1,NZL,BOWRY C,10.0,6,1,436,3,CHN
3.0,6:59,5m shot - Goal,7 - 1,CHN,MA H,10.0,7,1,419,3,CHN
3.0,6:38,Action shot - Goal,7 - 2,NZL,MYLES A,12.0,7,2,398,3,CHN
3.0,6:21,Turnover foul,7 - 2,CHN,HE J,5.0,7,2,381,3,CHN
3.0,6:21,Steal,7 - 2,NZL,SIEPRATH L,9.0,7,2,381,3,CHN
3.0,5:52,20 sec. exclusion in centre,7 - 2,CHN,LIU P,3.0,7,2,352,3,CHN
3.0,5:51,Time-Out,7 - 2,NZL,,,7,2,351,3,CHN
3.0,5:25,5m shot - Missed,7 - 2,NZL,HUDSON K,11.0,7,2,325,3,CHN
3.0,4:59,5m shot - Goal,8 - 2,CHN,SUN Y,4.0,8,2,299,3,CHN
3.0,4:30,5m shot - Post,8 - 2,NZL,MASON K,3.0,8,2,270,3,CHN
3.0,4:17,Action shot - Saved,8 - 2,CHN,XIA Q,12.0,8,2,257,3,CHN
3.0,4:10,20 sec. exclusion in field,8 - 2,NZL,LEWIS D,8.0,8,2,250,3,CHN
3.0,3:54,Extra player shot - Goal,9 - 2,CHN,SONG D,7.0,9,2,234,3,CHN
3.0,3:38,5m shot - Goal,9 - 3,NZL,MYLES A,12.0,9,3,218,3,CHN
3.0,3:24,Turnover foul,9 - 3,CHN,HE J,5.0,9,3,204,3,CHN
3.0,2:56,5m shot - Goal,9 - 4,NZL,BOYD A,5.0,9,4,176,3,CHN
3.0,2:38,Turnover foul,9 - 4,CHN,LIU P,3.0,9,4,158,3,CHN
3.0,2:38,Steal,9 - 4,NZL,SIEPRATH L,9.0,9,4,158,3,CHN
3.0,2:12,Action shot - Saved,9 - 4,NZL,SMITH L,6.0,9,4,132,3,CHN
3.0,1:56,Action shot - Missed,9 - 4,CHN,ZHANG C,11.0,9,4,116,3,CHN
3.0,1:34,5m shot - Post,9 - 4,NZL,MASON K,3.0,9,4,94,3,CHN
3.0,1:27,20 sec. exclusion in field,9 - 4,NZL,SMITH L,6.0,9,4,87,3,CHN
3.0,1:20,Time-Out,9 - 4,CHN,,,9,4,80,3,CHN
3.0,1:05,Action shot - Goal,10 - 4,CHN,SUN Y,4.0,10,4,65,3,CHN
3.0,0:51,20 sec. exclusion in centre,10 - 4,CHN,SUN Y,4.0,10,4,51,3,CHN
3.0,0:32,Extra player shot - Blocked,10 - 4,NZL,MYLES A,12.0,10,4,32,3,CHN
3.0,0:26,20 sec. exclusion in field,10 - 4,NZL,LEWIS D,8.0,10,4,26,3,CHN
3.0,0:26,Exclusion with substitution,10 - 4,NZL,LEWIS D,8.0,10,4,26,3,CHN
3.0,0:11,Extra player shot - Goal,11 - 4,CHN,MA H,10.0,11,4,11,3,CHN
3.0,0:01,5m shot - Saved,11 - 4,NZL,BOWRY C,10.0,11,4,1,3,CHN
4.0,8:00,Starting goalkeeper,11 - 4,CHN,WANG Y,13.0,11,4,480,3,CHN
4.0,8:00,Starting goalkeeper,11 - 4,NZL,HUTCHINSON I,13.0,11,4,480,3,CHN
4.0,8:00,Sprint won possession,11 - 4,CHN,TENG F,2.0,11,4,480,3,CHN
4.0,7:34,5m shot - Post,11 - 4,CHN,SONG D,7.0,11,4,454,3,CHN
4.0,7:03,Action shot - Missed,11 - 4,NZL,MASON K,3.0,11,4,423,3,CHN
4.0,6:43,Centre shot - Blocked,11 - 4,CHN,HE J,5.0,11,4,403,3,CHN
4.0,6:38,20 sec. exclusion in field,11 - 4,CHN,SONG D,7.0,11,4,398,3,CHN
4.0,6:36,Time-Out,11 - 4,NZL,,,11,4,396,3,CHN
4.0,6:15,Turnover foul,11 - 4,NZL,BOWRY C,10.0,11,4,375,3,CHN
4.0,5:56,Centre shot - Missed,11 - 4,CHN,SUN Y,6.0,11,4,356,3,CHN
4.0,5:32,5m shot - Missed,11 - 4,NZL,SMITH L,6.0,11,4,332,3,CHN
4.0,5:05,Steal,11 - 4,NZL,BOWRY C,10.0,11,4,305,3,CHN
4.0,5:05,Turnover foul,11 - 4,CHN,ZHANG C,11.0,11,4,305,3,CHN
4.0,4:48,20 sec. exclusion in centre,11 - 4,CHN,ZHANG C,11.0,11,4,288,3,CHN
4.0,4:26,Extra player shot - Saved,11 - 4,NZL,SIEPRATH L,9.0,11,4,266,3,CHN
4.0,4:06,20 sec. exclusion in centre,11 - 4,CHN,MEI X,9.0,11,4,246,3,CHN
4.0,3:52,Extra player shot - Goal,11 - 5,NZL,BOWRY C,10.0,11,5,232,3,CHN
4.0,3:38,20 sec. exclusion in centre,11 - 5,NZL,SIEPRATH L,9.0,11,5,218,3,CHN
4.0,3:30,Extra player shot - Goal,12 - 5,CHN,SONG D,7.0,12,5,210,3,CHN
4.0,3:04,Action shot - Saved,12 - 5,NZL,BOWRY C,10.0,12,5,184,3,CHN
4.0,2:36,Action shot - Saved,12 - 5,CHN,TENG F,2.0,12,5,156,3,CHN
4.0,2:10,5m shot - Saved,12 - 5,NZL,BOWRY C,10.0,12,5,130,3,CHN
4.0,2:07,20 sec. exclusion in field,12 - 5,NZL,BOWRY C,10.0,12,5,127,3,CHN
4.0,2:07,Exclusion with substitution,12 - 5,NZL,BOWRY C,10.0,12,5,127,3,CHN
4.0,2:07,Time-Out,12 - 5,CHN,,,12,5,127,3,CHN
4.0,1:51,Extra player shot - Goal,13 - 5,CHN,LIU P,3.0,13,5,111,3,CHN
4.0,1:33,20 sec. exclusion in centre,13 - 5,CHN,LIU P,3.0,13,5,93,3,CHN
4.0,1:33,Exclusion with substitution,13 - 5,CHN,LIU P,3.0,13,5,93,3,CHN
4.0,1:04,Turnover foul,13 - 5,NZL,HUDSON K,11.0,13,5,64,3,CHN
4.0,1:04,Steal,13 - 5,CHN,TENG F,2.0,13,5,64,3,CHN
4.0,0:55,Turnover foul,13 - 5,CHN,SONG D,7.0,13,5,55,3,CHN
4.0,0:55,Steal,13 - 5,NZL,LANDRY S,7.0,13,5,55,3,CHN
4.0,0:26,Turnover foul,13 - 5,NZL,MASON K,3.0,13,5,26,3,CHN
4.0,0:26,Steal,13 - 5,CHN,SUN Y,4.0,13,5,26,3,CHN
4.0,0:03,Action shot - Blocked,13 - 5,CHN,SONG D,7.0,13,5,3,3,CHN
1.0,8:00,Starting goalkeeper,0 - 0,NZL,MILLAR B,1.0,0,0,480,4,ESP
1.0,8:00,Starting goalkeeper,0 - 0,ESP,ESTER L,1.0,0,0,480,4,ESP
1.0,8:00,Sprint won possession,0 - 0,ESP,PAREJA J,6.0,0,0,480,4,ESP
1.0,7:34,20 sec. exclusion in centre,0 - 0,NZL,LEWIS D,8.0,0,0,454,4,ESP
1.0,7:16,Extra player shot - Goal,1 - 0,ESP,PAREJA J,6.0,1,0,436,4,ESP
1.0,6:48,5m shot - Blocked,1 - 0,NZL,HUDSON K,11.0,1,0,408,4,ESP
1.0,6:32,Action shot - Goal,2 - 0,ESP,PENA P,8.0,2,0,392,4,ESP
1.0,6:15,Turnover foul,2 - 0,NZL,LEWIS N,4.0,2,0,375,4,ESP
1.0,6:00,Action shot - Post,2 - 0,ESP,PAREJA J,6.0,2,0,360,4,ESP
1.0,5:59,Penalty foul,2 - 0,NZL,LEWIS D,8.0,2,0,359,4,ESP
1.0,5:59,Penalty shot - Goal,3 - 0,ESP,PAREJA J,6.0,3,0,359,4,ESP
1.0,5:36,5m shot - Blocked,3 - 0,NZL,MASON K,3.0,3,0,336,4,ESP
1.0,5:16,Centre shot - Goal,4 - 0,ESP,BLAS A,9.0,4,0,316,4,ESP
1.0,5:00,20 sec. exclusion in centre,4 - 0,ESP,ORTIZ M,5.0,4,0,300,4,ESP
1.0,4:42,Extra player shot - Post,4 - 0,NZL,SMITH L,6.0,4,0,282,4,ESP
1.0,4:23,Turnover foul,4 - 0,ESP,BLAS A,9.0,4,0,263,4,ESP
1.0,3:58,Turnover foul,4 - 0,NZL,MASON K,3.0,4,0,238,4,ESP
1.0,3:58,Steal,4 - 0,ESP,BLAS A,9.0,4,0,238,4,ESP
1.0,3:34,Turnover foul,4 - 0,ESP,PENA P,8.0,4,0,214,4,ESP
1.0,3:34,Steal,4 - 0,NZL,SIEPRATH L,9.0,4,0,214,4,ESP
1.0,2:41,Centre shot - Saved,4 - 0,ESP,BLAS A,9.0,4,0,161,4,ESP
1.0,2:25,Turnover foul,4 - 0,ESP,ESPAR A,3.0,4,0,145,4,ESP
1.0,1:58,Turnover foul,4 - 0,NZL,SIEPRATH L,9.0,4,0,118,4,ESP
1.0,1:58,Steal,4 - 0,ESP,PAREJA J,6.0,4,0,118,4,ESP
1.0,1:36,Turnover foul,4 - 0,ESP,LOPEZ L,12.0,4,0,96,4,ESP
1.0,1:10,5m shot - Goal,4 - 1,NZL,HUDSON K,11.0,4,1,70,4,ESP
1.0,0:55,Penalty foul,4 - 1,NZL,SIEPRATH L,9.0,4,1,55,4,ESP
1.0,0:55,Penalty shot - Goal,5 - 1,ESP,TARRAGO R,4.0,5,1,55,4,ESP
1.0,0:44,20 sec. exclusion in field,5 - 1,ESP,GARCIA GODOY M,11.0,5,1,44,4,ESP
1.0,0:17,5m shot - Saved,5 - 1,NZL,MYLES A,12.0,5,1,17,4,ESP
1.0,0:01,Turnover foul,5 - 1,ESP,GARCIA GODOY M,11.0,5,1,1,4,ESP
2.0,8:00,Starting goalkeeper,5 - 1,ESP,ESTER L,1.0,5,1,480,4,ESP
2.0,8:00,Starting goalkeeper,5 - 1,NZL,MILLAR B,1.0,5,1,480,4,ESP
2.0,8:00,Sprint won possession,5 - 1,ESP,PAREJA J,6.0,5,1,480,4,ESP
2.0,7:46,20 sec. exclusion in centre,5 - 1,NZL,BOYD A,5.0,5,1,466,4,ESP
2.0,7:27,Extra player shot - Goal,6 - 1,ESP,GARCIA GODOY M,11.0,6,1,447,4,ESP
2.0,7:13,Turnover foul,6 - 1,NZL,SIEPRATH L,9.0,6,1,433,4,ESP
2.0,7:00,Action shot - Blocked,6 - 1,ESP,TARRAGO R,4.0,6,1,420,4,ESP
2.0,6:35,20 sec. exclusion in field,6 - 1,ESP,GARCIA GODOY M,11.0,6,1,395,4,ESP
2.0,6:07,Action shot - Post,6 - 1,NZL,SIEPRATH L,9.0,6,1,367,4,ESP
2.0,5:40,Penalty foul,6 - 1,NZL,LANDRY S,7.0,6,1,340,4,ESP
2.0,5:40,Penalty shot - Goal,7 - 1,ESP,PAREJA J,6.0,7,1,340,4,ESP
2.0,5:16,20 sec. exclusion in centre,7 - 1,ESP,MIRANDA L,7.0,7,1,316,4,ESP
2.0,4:59,Extra player shot - Goal,7 - 2,NZL,LEWIS N,4.0,7,2,299,4,ESP
2.0,4:45,20 sec. exclusion in centre,7 - 2,NZL,MASON K,3.0,7,2,285,4,ESP
2.0,4:34,Extra player shot - Post,7 - 2,ESP,ORTIZ M,5.0,7,2,274,4,ESP
2.0,4:25,Turnover foul,7 - 2,NZL,MILLAR B,1.0,7,2,265,4,ESP
2.0,4:25,Steal,7 - 2,ESP,TARRAGO R,4.0,7,2,265,4,ESP
2.0,4:02,Action shot - Post,7 - 2,ESP,ORTIZ M,5.0,7,2,242,4,ESP
2.0,3:52,Action shot - Saved,7 - 2,ESP,PAREJA J,6.0,7,2,232,4,ESP
2.0,3:27,Turnover foul,7 - 2,NZL,COX E,2.0,7,2,207,4,ESP
2.0,3:27,Steal,7 - 2,ESP,LOPEZ L,12.0,7,2,207,4,ESP
2.0,2:59,Penalty foul,7 - 2,NZL,MASON K,3.0,7,2,179,4,ESP
2.0,2:59,Penalty shot - Goal,8 - 2,ESP,TARRAGO R,4.0,8,2,179,4,ESP
2.0,2:46,Turnover foul,8 - 2,NZL,LEWIS D,8.0,8,2,166,4,ESP
2.0,2:46,Steal,8 - 2,ESP,PENA P,8.0,8,2,166,4,ESP
2.0,2:43,20 sec. exclusion in field,8 - 2,NZL,LEWIS D,8.0,8,2,163,4,ESP
2.0,2:43,Exclusion with substitution,8 - 2,NZL,LEWIS D,8.0,8,2,163,4,ESP
2.0,2:18,Action shot - Goal,9 - 2,ESP,GARCIA GODOY M,11.0,9,2,138,4,ESP
2.0,1:50,5m shot - Missed,9 - 2,NZL,MASON K,3.0,9,2,110,4,ESP
2.0,1:29,Turnover foul,9 - 2,ESP,GARCIA GODOY M,11.0,9,2,89,4,ESP
2.0,1:29,Steal,9 - 2,NZL,MASON K,3.0,9,2,89,4,ESP
2.0,0:58,Turnover foul,9 - 2,ESP,GARCIA GODOY M,11.0,9,2,58,4,ESP
4.0,4:20,20 sec. exclusion in field,9 - 2,ESP,BLAS A,9.0,9,2,260,4,ESP
4.0,3:55,5m shot - Goal,14 - 6,NZL,SIEPRATH L,9.0,14,6,235,4,ESP
4.0,3:37,Action shot - Goal,15 - 6,ESP,LOPEZ L,12.0,15,6,217,4,ESP
4.0,3:20,20 sec. exclusion in centre,15 - 6,ESP,MIRANDA L,7.0,15,6,200,4,ESP
4.0,3:20,Exclusion with substitution,15 - 6,ESP,MIRANDA L,7.0,15,6,200,4,ESP
4.0,3:02,Extra player shot - Blocked,15 - 6,NZL,BOWRY C,10.0,15,6,182,4,ESP
4.0,2:41,20 sec. exclusion in centre,15 - 6,NZL,SIEPRATH L,9.0,15,6,161,4,ESP
4.0,2:40,Penalty foul,15 - 6,NZL,SIEPRATH L,9.0,15,6,160,4,ESP
4.0,2:40,Exclusion with substitution,15 - 6,NZL,SIEPRATH L,9.0,15,6,160,4,ESP
4.0,2:40,Penalty shot - Goal,16 - 6,ESP,LOPEZ L,12.0,16,6,160,4,ESP
4.0,2:19,5m shot - Saved,16 - 6,NZL,MYLES A,12.0,16,6,139,4,ESP
4.0,2:10,Penalty foul,16 - 6,NZL,HUDSON K,11.0,16,6,130,4,ESP
2.0,0:31,5m shot - Saved,16 - 6,NZL,SMITH L,6.0,16,6,31,4,ESP
2.0,0:21,20 sec. exclusion in centre,16 - 6,ESP,ORTIZ M,5.0,16,6,21,4,ESP
2.0,0:05,Extra player shot - Goal,9 - 3,NZL,MYLES A,12.0,9,3,5,4,ESP
2.0,0:01,5m shot - Missed,9 - 3,ESP,PAREJA J,6.0,9,3,1,4,ESP
3.0,8:00,Starting goalkeeper,9 - 3,NZL,HUTCHINSON I,13.0,9,3,480,4,ESP
3.0,8:00,Starting goalkeeper,9 - 3,ESP,ESTER L,1.0,9,3,480,4,ESP
3.0,8:00,Sprint won possession,9 - 3,ESP,PAREJA J,6.0,9,3,480,4,ESP
3.0,7:33,Action shot - Goal,10 - 3,ESP,LOPEZ L,12.0,10,3,453,4,ESP
3.0,7:19,20 sec. exclusion in centre,10 - 3,ESP,MIRANDA L,7.0,10,3,439,4,ESP
3.0,7:02,Extra player shot - Saved,10 - 3,NZL,MASON K,3.0,10,3,422,4,ESP
3.0,6:44,20 sec. exclusion in centre,10 - 3,NZL,BOWRY C,10.0,10,3,404,4,ESP
3.0,6:25,Extra player shot - Goal,11 - 3,ESP,TARRAGO R,4.0,11,3,385,4,ESP
3.0,5:59,Turnover foul,11 - 3,NZL,MASON K,3.0,11,3,359,4,ESP
3.0,5:38,Turnover foul,11 - 3,ESP,BLAS A,9.0,11,3,338,4,ESP
3.0,5:38,Steal,11 - 3,NZL,BOYD A,5.0,11,3,338,4,ESP
3.0,5:13,Turnover foul,11 - 3,NZL,LANDRY S,7.0,11,3,313,4,ESP
3.0,5:13,Steal,11 - 3,ESP,LOPEZ L,12.0,11,3,313,4,ESP
3.0,4:57,Turnover foul,11 - 3,ESP,MESEGUER O,10.0,11,3,297,4,ESP
3.0,4:57,Steal,11 - 3,NZL,LANDRY S,7.0,11,3,297,4,ESP
3.0,4:41,20 sec. exclusion in centre,11 - 3,ESP,PAREJA J,6.0,11,3,281,4,ESP
3.0,4:41,Time-Out,11 - 3,NZL,,,11,3,281,4,ESP
3.0,4:24,Extra player shot - Saved,11 - 3,NZL,HUDSON K,11.0,11,3,264,4,ESP
3.0,4:15,Action shot - Saved,11 - 3,NZL,BOWRY C,10.0,11,3,255,4,ESP
3.0,3:52,Turnover foul,11 - 3,ESP,GARCIA GODOY M,11.0,11,3,232,4,ESP
3.0,3:52,Steal,11 - 3,NZL,SIEPRATH L,9.0,11,3,232,4,ESP
3.0,3:37,Penalty foul,11 - 3,ESP,ESPAR A,3.0,11,3,217,4,ESP
3.0,3:37,Penalty shot - Goal,11 - 4,NZL,HUDSON K,11.0,11,4,217,4,ESP
3.0,3:15,5m shot - Post,11 - 4,ESP,MIRANDA L,7.0,11,4,195,4,ESP
3.0,2:54,Action shot - Saved,11 - 4,ESP,LOPEZ L,12.0,11,4,174,4,ESP
3.0,2:23,Turnover foul,11 - 4,NZL,COX E,2.0,11,4,143,4,ESP
3.0,2:23,Steal,11 - 4,ESP,PENA P,8.0,11,4,143,4,ESP
3.0,2:04,Turnover foul,11 - 4,ESP,GARCIA GODOY M,11.0,11,4,124,4,ESP
3.0,1:51,20 sec. exclusion in field,11 - 4,ESP,GARCIA GODOY M,11.0,11,4,111,4,ESP
3.0,1:51,Exclusion with substitution,11 - 4,ESP,GARCIA GODOY M,11.0,11,4,111,4,ESP
3.0,1:31,Extra player shot - Goal,11 - 5,NZL,MYLES A,12.0,11,5,91,4,ESP
3.0,1:15,20 sec. exclusion in centre,11 - 5,NZL,BOWRY C,10.0,11,5,75,4,ESP
3.0,1:00,Extra player shot - Goal,12 - 5,ESP,BLAS A,9.0,12,5,60,4,ESP
3.0,0:45,Turnover foul,12 - 5,NZL,LEWIS N,4.0,12,5,45,4,ESP
3.0,0:45,Steal,12 - 5,ESP,ESPAR A,3.0,12,5,45,4,ESP
3.0,0:36,Turnover foul,12 - 5,ESP,PENA P,8.0,12,5,36,4,ESP
3.0,0:18,20 sec. exclusion in centre,12 - 5,ESP,ORTIZ M,5.0,12,5,18,4,ESP
3.0,0:18,Exclusion with substitution,12 - 5,ESP,ORTIZ M,5.0,12,5,18,4,ESP
3.0,0:03,Extra player shot - Saved,12 - 5,NZL,HUDSON K,11.0,12,5,3,4,ESP
3.0,0:01,Extra player shot - Blocked,12 - 5,NZL,LANDRY S,7.0,12,5,1,4,ESP
4.0,8:00,Starting goalkeeper,12 - 5,NZL,HUTCHINSON I,13.0,12,5,480,4,ESP
4.0,8:00,Starting goalkeeper,12 - 5,ESP,ESTER L,1.0,12,5,480,4,ESP
4.0,8:00,Sprint won possession,12 - 5,ESP,PAREJA J,6.0,12,5,480,4,ESP
4.0,7:47,Action shot - Goal,13 - 5,ESP,PAREJA J,6.0,13,5,467,4,ESP
4.0,7:32,Turnover foul,13 - 5,NZL,HUDSON K,11.0,13,5,452,4,ESP
4.0,7:32,Steal,13 - 5,ESP,BACH M,2.0,13,5,452,4,ESP
4.0,7:08,Action shot - Saved,13 - 5,ESP,TARRAGO R,4.0,13,5,428,4,ESP
4.0,7:05,20 sec. exclusion in field,13 - 5,ESP,TARRAGO R,4.0,13,5,425,4,ESP
4.0,7:05,Time-Out,13 - 5,NZL,,,13,5,425,4,ESP
4.0,6:44,Action shot - Blocked,13 - 5,NZL,MYLES A,12.0,13,5,404,4,ESP
4.0,6:16,Action shot - Saved,13 - 5,ESP,PAREJA J,6.0,13,5,376,4,ESP
4.0,5:50,20 sec. exclusion in centre,13 - 5,ESP,BACH M,2.0,13,5,350,4,ESP
4.0,5:35,Extra player shot - Blocked,13 - 5,NZL,HUDSON K,11.0,13,5,335,4,ESP
4.0,5:17,Turnover foul,13 - 5,ESP,BLAS A,9.0,13,5,317,4,ESP
4.0,5:17,Steal,13 - 5,NZL,SIEPRATH L,9.0,13,5,317,4,ESP
4.0,4:55,Turnover foul,13 - 5,NZL,SIEPRATH L,9.0,13,5,295,4,ESP
4.0,4:55,Steal,13 - 5,ESP,ESPAR A,3.0,13,5,295,4,ESP
4.0,4:31,Action shot - Goal,14 - 5,ESP,TARRAGO R,4.0,14,5,271,4,ESP
4.0,4:31,Goalkeeper substitution,14 - 5,ESP,HERRERA P,13.0,14,5,271,4,ESP
4.0,2:10,Penalty shot - Goal,17 - 6,ESP,PAREJA J,6.0,17,6,130,4,ESP
4.0,1:53,Double exclusion,17 - 6,ESP,ESPAR A,3.0,17,6,113,4,ESP
4.0,1:53,Double exclusion,17 - 6,NZL,LEWIS N,4.0,17,6,113,4,ESP
4.0,1:37,20 sec. exclusion in centre,17 - 6,ESP,BACH M,2.0,17,6,97,4,ESP
4.0,1:22,Extra player shot - Saved,17 - 6,NZL,MASON K,3.0,17,6,82,4,ESP
4.0,0:58,20 sec. exclusion in centre,17 - 6,NZL,SMITH L,6.0,17,6,58,4,ESP
4.0,0:35,Action shot - Blocked,17 - 6,ESP,MESEGUER O,10.0,17,6,35,4,ESP
4.0,0:17,Turnover foul,17 - 6,NZL,BOWRY C,10.0,17,6,17,4,ESP
4.0,0:17,Steal,17 - 6,ESP,PENA P,8.0,17,6,17,4,ESP
4.0,0:14,20 sec. exclusion in field,17 - 6,NZL,BOWRY C,10.0,17,6,14,4,ESP
4.0,0:14,Exclusion with substitution,17 - 6,NZL,BOWRY C,10.0,17,6,14,4,ESP
4.0,0:01,Extra player shot - Goal,18 - 6,ESP,PENA P,8.0,18,6,1,4,ESP
