Action,Cap,Game,JPN,Opponent,Opponent name,Period,Player,Score,Seconds,Team,Time,Result,Goal
Action shot,8.0,1,0,0,HUN,1.0,KESZTHELYI R,0 - 0,451,HUN,7:31,Saved,0
Centre shot,10.0,1,0,1,HUN,1.0,BUJKA B,0 - 1,448,HUN,7:28,Goal,1
Action shot,12.0,1,0,1,HUN,1.0,SZILAGYI D,0 - 1,392,HUN,6:32,Missed,0
Centre shot,10.0,1,0,2,HUN,1.0,BUJKA B,0 - 2,357,HUN,5:57,Goal,1
Action shot,11.0,1,0,2,HUN,1.0,CSABAI D,0 - 2,330,HUN,5:30,Saved,0
Counter attack,12.0,1,0,3,HUN,1.0,SZILAGYI D,0 - 3,285,HUN,4:45,Goal,1
Counter attack,12.0,1,0,4,HUN,1.0,SZILAGYI D,0 - 4,179,HUN,2:59,Goal,1
Centre shot,2.0,1,0,4,HUN,1.0,ARIMA Y,0 - 4,78,JPN,1:18,Blocked,0
Extra player shot,6.0,1,1,4,HUN,1.0,YAMAMOTO M,1 - 4,44,JPN,0:44,Goal,1
Action shot,12.0,1,1,4,HUN,1.0,SUZUKI K,1 - 4,16,JPN,0:16,Saved,0
Centre shot,10.0,1,1,5,HUN,2.0,BUJKA B,1 - 5,462,HUN,7:42,Goal,1
Counter attack,8.0,1,1,6,HUN,2.0,KESZTHELYI R,1 - 6,437,HUN,7:17,Goal,1
Centre shot,12.0,1,1,6,HUN,2.0,SZILAGYI D,1 - 6,403,HUN,6:43,Saved,0
Action shot,2.0,1,1,6,HUN,2.0,ARIMA Y,1 - 6,382,JPN,6:22,Blocked,0
Centre shot,10.0,1,1,6,HUN,2.0,BUJKA B,1 - 6,353,HUN,5:53,Saved,0
Action shot,6.0,1,7,17,HUN,4.0,YAMAMOTO M,7 - 17,438,JPN,7:18,Goal,1
Action shot,7.0,1,8,17,HUN,4.0,INABA A,8 - 17,404,JPN,6:44,Goal,1
Extra player shot,8.0,1,8,18,HUN,4.0,KESZTHELYI R,8 - 18,366,HUN,6:06,Goal,1
5m shot,5.0,1,8,18,HUN,4.0,SAKANOUE C,8 - 18,302,JPN,5:02,Saved,0
5m shot,9.0,1,8,19,HUN,4.0,TOTH I,8 - 19,277,HUN,4:37,Goal,1
Action shot,2.0,1,9,19,HUN,4.0,ARIMA Y,9 - 19,257,JPN,4:17,Goal,1
Extra player shot,2.0,1,2,6,HUN,2.0,ARIMA Y,2 - 6,309,JPN,5:09,Goal,1
Centre shot,2.0,1,2,7,HUN,2.0,CZIGANY D,2 - 7,291,HUN,4:51,Goal,1
Centre shot,7.0,1,2,7,HUN,2.0,INABA A,2 - 7,253,JPN,4:13,Blocked,0
Centre shot,10.0,1,2,8,HUN,2.0,BUJKA B,2 - 8,239,HUN,3:59,Goal,1
Action shot,3.0,1,2,9,HUN,2.0,ANTAL D,2 - 9,214,HUN,3:34,Goal,1
Centre shot,10.0,1,2,10,HUN,2.0,BUJKA B,2 - 10,176,HUN,2:56,Goal,1
Centre shot,6.0,1,3,10,HUN,2.0,YAMAMOTO M,3 - 10,136,JPN,2:16,Goal,1
Centre shot,9.0,1,3,11,HUN,2.0,TOTH I,3 - 11,48,HUN,0:48,Goal,1
5m shot,2.0,1,3,11,HUN,2.0,ARIMA Y,3 - 11,28,JPN,0:28,Saved,0
Centre shot,4.0,1,3,12,HUN,2.0,GURISATTI G,3 - 12,8,HUN,0:08,Goal,1
5m shot,3.0,1,4,12,HUN,2.0,KAZAMA Y,4 - 12,1,JPN,0:01,Goal,1
5m shot,2.0,1,4,12,HUN,2.0,CZIGANY D,4 - 12,1,HUN,0:01,Saved,0
Centre shot,2.0,1,5,12,HUN,3.0,ARIMA Y,5 - 12,408,JPN,6:48,Goal,1
Centre shot,3.0,1,5,13,HUN,3.0,ANTAL D,5 - 13,360,HUN,6:00,Goal,1
Counter attack,8.0,1,5,14,HUN,3.0,KESZTHELYI R,5 - 14,270,HUN,4:30,Goal,1
Centre shot,9.0,1,5,15,HUN,3.0,TOTH I,5 - 15,244,HUN,4:04,Goal,1
Centre shot,10.0,1,5,15,HUN,3.0,NORO M,5 - 15,225,JPN,3:45,Saved,0
Action shot,8.0,1,5,15,HUN,3.0,KESZTHELYI R,5 - 15,199,HUN,3:19,Post,0
Centre shot,6.0,1,6,15,HUN,3.0,YAMAMOTO M,6 - 15,169,JPN,2:49,Goal,1
Centre shot,4.0,1,6,16,HUN,3.0,GURISATTI G,6 - 16,142,HUN,2:22,Goal,1
Action shot,5.0,1,6,16,HUN,3.0,SZUCS G,6 - 16,86,HUN,1:26,Post,0
Action shot,2.0,1,6,16,HUN,3.0,ARIMA Y,6 - 16,74,JPN,1:14,Post,0
Action shot,8.0,1,6,17,HUN,3.0,KESZTHELYI R,6 - 17,53,HUN,0:53,Goal,1
Action shot,4.0,1,6,17,HUN,3.0,GURISATTI G,6 - 17,27,HUN,0:27,Saved,0
Action shot,9.0,1,6,17,HUN,4.0,TOTH I,6 - 17,243,HUN,4:03,Missed,0
Action shot,8.0,1,6,17,HUN,4.0,KESZTHELYI R,6 - 17,210,HUN,3:30,Post,0
Centre shot,6.0,1,6,17,HUN,4.0,YAMAMOTO M,6 - 17,195,JPN,3:15,Saved,0
Action shot,8.0,1,6,17,HUN,4.0,KESZTHELYI R,6 - 17,130,HUN,2:10,Post,0
5m shot,2.0,1,10,19,HUN,4.0,ARIMA Y,10 - 19,113,JPN,1:53,Goal,1
Action shot,8.0,1,10,19,HUN,4.0,KESZTHELYI R,10 - 19,84,HUN,1:24,Post,0
Centre shot,9.0,1,10,20,HUN,4.0,TOTH I,10 - 20,83,HUN,1:23,Goal,1
Action shot,9.0,1,10,20,HUN,4.0,HOSOYA K,10 - 20,21,JPN,0:21,Saved,0
Extra player shot,7.0,1,11,20,HUN,4.0,INABA A,11 - 20,1,JPN,0:01,Goal,1
Action shot,7.0,2,0,0,NED,1.0,INABA A,0 - 0,421,JPN,7:01,Post,0
Centre shot,4.0,2,0,1,NED,1.0,van der SLOOT S,0 - 1,409,NED,6:49,Goal,1
Centre shot,8.0,2,0,2,NED,1.0,SEVENICH V,0 - 2,383,NED,6:23,Goal,1
Counter attack,2.0,2,0,3,NED,1.0,SMIT Y,0 - 3,356,NED,5:56,Goal,1
Counter attack,4.0,2,0,4,NED,1.0,van der SLOOT S,0 - 4,327,NED,5:27,Goal,1
Action shot,10.0,2,0,4,NED,1.0,NORO M,0 - 4,300,JPN,5:00,Saved,0
Centre shot,8.0,2,0,4,NED,1.0,SEVENICH V,0 - 4,284,NED,4:44,Saved,0
5m shot,2.0,2,0,4,NED,1.0,ARIMA Y,0 - 4,256,JPN,4:16,Blocked,0
Centre shot,4.0,2,0,5,NED,1.0,van der SLOOT S,0 - 5,236,NED,3:56,Goal,1
Extra player shot,2.0,2,0,6,NED,1.0,SMIT Y,0 - 6,174,NED,2:54,Goal,1
5m shot,3.0,2,0,6,NED,1.0,KAZAMA Y,0 - 6,141,JPN,2:21,Post,0
Action shot,2.0,2,0,6,NED,1.0,ARIMA Y,0 - 6,88,JPN,1:28,Missed,0
5m shot,2.0,2,0,6,NED,1.0,ARIMA Y,0 - 6,54,JPN,0:54,Missed,0
Action shot,7.0,2,0,6,NED,1.0,NIJHUIS M,0 - 6,42,NED,0:42,Saved,0
Action shot,5.0,2,0,7,NED,1.0,GENEE A,0 - 7,3,NED,0:03,Goal,1
5m shot,8.0,2,0,7,NED,1.0,NIIZAWA Y,0 - 7,1,JPN,0:01,Saved,0
Centre shot,2.0,2,0,7,NED,2.0,ARIMA Y,0 - 7,431,JPN,7:11,Saved,0
Extra player shot,4.0,2,0,8,NED,2.0,van der SLOOT S,0 - 8,393,NED,6:33,Goal,1
5m shot,4.0,2,1,8,NED,2.0,MAGARIYAMA S,1 - 8,362,JPN,6:02,Goal,1
Centre shot,6.0,2,1,8,NED,2.0,STOMPHORST N,1 - 8,338,NED,5:38,Saved,0
5m shot,11.0,2,2,8,NED,2.0,TOKUMOTO M,2 - 8,321,JPN,5:21,Goal,1
5m shot,12.0,2,2,8,NED,2.0,SUZUKI K,2 - 8,279,JPN,4:39,Missed,0
Extra player shot,6.0,2,2,8,NED,2.0,STOMPHORST N,2 - 8,245,NED,4:05,Missed,0
5m shot,10.0,2,2,8,NED,3.0,NORO M,2 - 8,1,JPN,0:01,Saved,0
Extra player shot,2.0,2,2,8,NED,4.0,SMIT Y,2 - 8,448,NED,7:28,Blocked,0
Action shot,2.0,2,2,8,NED,4.0,ARIMA Y,2 - 8,433,JPN,7:13,Blocked,0
Action shot,9.0,2,7,16,NED,4.0,MEGENS M,7 - 16,420,NED,7:00,Goal,1
Extra player shot,6.0,2,8,16,NED,4.0,YAMAMOTO M,8 - 16,388,JPN,6:28,Goal,1
Centre shot,8.0,2,8,17,NED,4.0,SEVENICH V,8 - 17,372,NED,6:12,Goal,1
Action shot,5.0,2,8,17,NED,4.0,SAKANOUE C,8 - 17,343,JPN,5:43,Blocked,0
Action shot,9.0,2,8,17,NED,4.0,MEGENS M,8 - 17,300,NED,5:00,Post,0
5m shot,5.0,2,8,17,NED,4.0,SAKANOUE C,8 - 17,267,JPN,4:27,Post,0
Penalty shot,12.0,2,3,8,NED,2.0,SUZUKI K,3 - 8,242,JPN,4:02,Goal,1
Centre shot,8.0,2,3,9,NED,2.0,SEVENICH V,3 - 9,220,NED,3:40,Goal,1
Counter attack,2.0,2,4,9,NED,2.0,ARIMA Y,4 - 9,167,JPN,2:47,Goal,1
Extra player shot,4.0,2,4,10,NED,2.0,van der SLOOT S,4 - 10,96,NED,1:36,Goal,1
Extra player shot,2.0,2,5,10,NED,2.0,ARIMA Y,5 - 10,72,JPN,1:12,Goal,1
Centre shot,2.0,2,5,10,NED,2.0,SMIT Y,5 - 10,52,NED,0:52,Saved,0
Centre shot,4.0,2,5,10,NED,2.0,van der SLOOT S,5 - 10,25,NED,0:25,Post,0
5m shot,2.0,2,5,10,NED,3.0,SMIT Y,5 - 10,451,NED,7:31,Saved,0
Action shot,7.0,2,5,10,NED,3.0,NIJHUIS M,5 - 10,404,NED,6:44,Saved,0
Extra player shot,12.0,2,5,10,NED,3.0,SUZUKI K,5 - 10,382,JPN,6:22,Saved,0
Extra player shot,12.0,2,5,10,NED,3.0,JOUSTRA K,5 - 10,340,NED,5:40,Missed,0
5m shot,2.0,2,6,10,NED,3.0,ARIMA Y,6 - 10,331,JPN,5:31,Goal,1
Action shot,9.0,2,6,11,NED,3.0,MEGENS M,6 - 11,277,NED,4:37,Goal,1
Penalty shot,9.0,2,6,12,NED,3.0,MEGENS M,6 - 12,250,NED,4:10,Goal,1
Action shot,7.0,2,6,12,NED,3.0,INABA A,6 - 12,182,JPN,3:02,Saved,0
Action shot,4.0,2,6,12,NED,3.0,van der SLOOT S,6 - 12,178,NED,2:58,Saved,0
Action shot,7.0,2,6,12,NED,3.0,INABA A,6 - 12,172,JPN,2:52,Post,0
5m shot,5.0,2,6,12,NED,3.0,SAKANOUE C,6 - 12,161,JPN,2:41,Saved,0
Centre shot,4.0,2,6,12,NED,3.0,MAGARIYAMA S,6 - 12,118,JPN,1:58,Saved,0
Centre shot,4.0,2,6,13,NED,3.0,van der SLOOT S,6 - 13,103,NED,1:43,Goal,1
Centre shot,3.0,2,7,13,NED,3.0,KAZAMA Y,7 - 13,60,JPN,1:00,Goal,1
Action shot,7.0,2,7,14,NED,3.0,NIJHUIS M,7 - 14,44,NED,0:44,Goal,1
Centre shot,2.0,2,7,14,NED,3.0,ARIMA Y,7 - 14,21,JPN,0:21,Saved,0
Action shot,8.0,2,7,15,NED,3.0,SEVENICH V,7 - 15,6,NED,0:06,Goal,1
Extra player shot,6.0,2,7,15,NED,4.0,YAMAMOTO M,7 - 15,235,JPN,3:55,Blocked,0
5m shot,11.0,2,8,18,NED,4.0,KLAASSEN L,8 - 18,208,NED,3:28,Goal,1
5m shot,7.0,2,8,18,NED,4.0,INABA A,8 - 18,149,JPN,2:29,Post,0
5m shot,7.0,2,8,19,NED,4.0,NIJHUIS M,8 - 19,135,NED,2:15,Goal,1
5m shot,2.0,2,8,19,NED,4.0,ARIMA Y,8 - 19,113,JPN,1:53,Missed,0
Extra player shot,7.0,2,8,19,NED,4.0,NIJHUIS M,8 - 19,65,NED,1:05,Saved,0
Penalty shot,3.0,2,8,19,NED,4.0,KAZAMA Y,8 - 19,65,JPN,1:05,Saved,0
Action shot,11.0,2,8,19,NED,4.0,KLAASSEN L,8 - 19,46,NED,0:46,Missed,0
Centre shot,2.0,2,8,19,NED,4.0,ARIMA Y,8 - 19,31,JPN,0:31,Saved,0
5m shot,11.0,2,8,20,NED,4.0,KLAASSEN L,8 - 20,4,NED,0:04,Goal,1
5m shot,2.0,2,8,20,NED,4.0,ARIMA Y,8 - 20,1,JPN,0:01,Saved,0
Action shot,12.0,3,1,0,FRA,1.0,SUZUKI K,1 - 0,442,JPN,7:22,Goal,1
Centre shot,6.0,3,1,1,FRA,1.0,MAHIEU G,1 - 1,416,FRA,6:56,Goal,1
5m shot,5.0,3,2,1,FRA,1.0,SAKANOUE C,2 - 1,393,JPN,6:33,Goal,1
Centre shot,6.0,3,2,1,FRA,1.0,MAHIEU G,2 - 1,362,FRA,6:02,Post,0
Centre shot,6.0,3,2,1,FRA,1.0,YAMAMOTO M,2 - 1,344,JPN,5:44,Post,0
Extra player shot,11.0,3,2,2,FRA,1.0,BARBIEUX M,2 - 2,318,FRA,5:18,Goal,1
5m shot,2.0,3,2,2,FRA,1.0,ARIMA Y,2 - 2,301,JPN,5:01,Post,0
Extra player shot,10.0,3,2,2,FRA,1.0,NORO M,2 - 2,225,JPN,3:45,Post,0
Action shot,12.0,3,2,2,FRA,1.0,SUZUKI K,2 - 2,149,JPN,2:29,Missed,0
Action shot,7.0,3,2,2,FRA,1.0,VALVERDE C,2 - 2,130,FRA,2:10,Saved,0
Counter attack,7.0,3,3,2,FRA,1.0,INABA A,3 - 2,117,JPN,1:57,Goal,1
5m shot,2.0,3,3,2,FRA,1.0,ARIMA Y,3 - 2,84,JPN,1:24,Post,0
Action shot,3.0,3,3,2,FRA,1.0,KAZAMA Y,3 - 2,36,JPN,0:36,Saved,0
Extra player shot,5.0,3,3,3,FRA,1.0,GUILLET L,3 - 3,1,FRA,0:01,Goal,1
Action shot,7.0,3,3,3,FRA,2.0,INABA A,3 - 3,451,JPN,7:31,Saved,0
5m shot,7.0,3,3,3,FRA,2.0,VALVERDE C,3 - 3,425,FRA,7:05,Saved,0
5m shot,10.0,3,3,3,FRA,2.0,NORO M,3 - 3,401,JPN,6:41,Missed,0
Extra player shot,12.0,3,3,4,FRA,2.0,DAULE A,3 - 4,368,FRA,6:08,Goal,1
Extra player shot,2.0,3,3,5,FRA,2.0,MILLOT E,3 - 5,313,FRA,5:13,Goal,1
Centre shot,6.0,3,3,5,FRA,2.0,MAHIEU G,3 - 5,269,FRA,4:29,Missed,0
5m shot,7.0,3,3,5,FRA,2.0,INABA A,3 - 5,240,JPN,4:00,Post,0
Action shot,5.0,3,3,5,FRA,2.0,GUILLET L,3 - 5,209,FRA,3:29,Saved,0
Action shot,5.0,3,3,5,FRA,2.0,SAKANOUE C,3 - 5,195,JPN,3:15,Saved,0
Counter attack,7.0,3,3,5,FRA,4.0,INABA A,3 - 5,311,JPN,5:11,Post,0
Penalty shot,2.0,3,3,5,FRA,4.0,ARIMA Y,3 - 5,284,JPN,4:44,Saved,0
5m shot,2.0,3,3,5,FRA,4.0,MILLOT E,3 - 5,259,FRA,4:19,Post,0
Counter attack,6.0,3,8,8,FRA,4.0,YAMAMOTO M,8 - 8,242,JPN,4:02,Goal,1
Action shot,12.0,3,8,8,FRA,4.0,SUZUKI K,8 - 8,203,JPN,3:23,Blocked,0
Penalty shot,2.0,3,3,6,FRA,2.0,MILLOT E,3 - 6,85,FRA,1:25,Goal,1
5m shot,2.0,3,3,6,FRA,2.0,ARIMA Y,3 - 6,61,JPN,1:01,Saved,0
Extra player shot,7.0,3,3,6,FRA,2.0,INABA A,3 - 6,20,JPN,0:20,Saved,0
5m shot,5.0,3,3,6,FRA,3.0,GUILLET L,3 - 6,395,FRA,6:35,Missed,0
Extra player shot,6.0,3,3,6,FRA,3.0,YAMAMOTO M,3 - 6,355,JPN,5:55,Saved,0
Action shot,12.0,3,4,6,FRA,3.0,SUZUKI K,4 - 6,313,JPN,5:13,Goal,1
5m shot,2.0,3,4,6,FRA,3.0,MILLOT E,4 - 6,286,FRA,4:46,Saved,0
Centre shot,8.0,3,4,6,FRA,3.0,NIIZAWA Y,4 - 6,279,JPN,4:39,Post,0
5m shot,2.0,3,4,6,FRA,3.0,ARIMA Y,4 - 6,219,JPN,3:39,Blocked,0
Action shot,5.0,3,4,6,FRA,3.0,SAKANOUE C,4 - 6,184,JPN,3:04,Post,0
Action shot,7.0,3,5,6,FRA,3.0,INABA A,5 - 6,113,JPN,1:53,Goal,1
Action shot,7.0,3,5,6,FRA,3.0,INABA A,5 - 6,71,JPN,1:11,Saved,0
Action shot,5.0,3,6,6,FRA,3.0,SAKANOUE C,6 - 6,32,JPN,0:32,Goal,1
5m shot,2.0,3,6,7,FRA,3.0,MILLOT E,6 - 7,3,FRA,0:03,Goal,1
5m shot,2.0,3,6,7,FRA,3.0,ARIMA Y,6 - 7,1,JPN,0:01,Missed,0
Action shot,7.0,3,6,7,FRA,4.0,VALVERDE C,6 - 7,396,FRA,6:36,Post,0
Centre shot,7.0,3,7,7,FRA,4.0,INABA A,7 - 7,377,JPN,6:17,Goal,1
Centre shot,6.0,3,7,8,FRA,4.0,MAHIEU G,7 - 8,355,FRA,5:55,Goal,1
Action shot,12.0,3,7,8,FRA,4.0,SUZUKI K,7 - 8,339,JPN,5:39,Saved,0
5m shot,4.0,3,7,8,FRA,4.0,SACRE A,7 - 8,176,FRA,2:56,Saved,0
5m shot,2.0,3,7,8,FRA,4.0,ARIMA Y,7 - 8,111,JPN,1:51,Missed,0
Action shot,2.0,3,8,9,FRA,4.0,MILLOT E,8 - 9,74,FRA,1:14,Goal,1
5m shot,7.0,3,8,9,FRA,4.0,INABA A,8 - 9,55,JPN,0:55,Post,0
5m shot,5.0,3,8,9,FRA,4.0,SAKANOUE C,8 - 9,16,JPN,0:16,Blocked,0
Extra player shot,7.0,4,0,0,KAZ,1.0,INABA A,0 - 0,431,JPN,7:11,Saved,0
Action shot,7.0,4,0,0,KAZ,1.0,INABA A,0 - 0,369,JPN,6:09,Post,0
5m shot,11.0,4,0,1,KAZ,1.0,MIRSHINA A,0 - 1,344,KAZ,5:44,Goal,1
5m shot,4.0,4,1,1,KAZ,1.0,MAGARIYAMA S,1 - 1,323,JPN,5:23,Goal,1
5m shot,11.0,4,1,1,KAZ,1.0,TOKUMOTO M,1 - 1,279,JPN,4:39,Post,0
5m shot,11.0,4,1,1,KAZ,1.0,MIRSHINA A,1 - 1,260,KAZ,4:20,Saved,0
5m shot,5.0,4,1,1,KAZ,1.0,SAKANOUE C,1 - 1,237,JPN,3:57,Missed,0
5m shot,3.0,4,1,1,KAZ,1.0,AKILBAYEVA A,1 - 1,199,KAZ,3:19,Saved,0
Action shot,12.0,4,1,1,KAZ,1.0,MUSSAROVA A,1 - 1,129,KAZ,2:09,Missed,0
Counter attack,12.0,4,2,1,KAZ,1.0,SUZUKI K,2 - 1,119,JPN,1:59,Goal,1
Action shot,2.0,4,2,1,KAZ,1.0,ARIMA Y,2 - 1,89,JPN,1:29,Blocked,0
Counter attack,5.0,4,3,1,KAZ,1.0,SAKANOUE C,3 - 1,51,JPN,0:51,Goal,1
Action shot,5.0,4,3,1,KAZ,1.0,ZAKIROVA K,3 - 1,35,KAZ,0:35,Missed,0
5m shot,11.0,4,3,1,KAZ,1.0,MIRSHINA A,3 - 1,1,KAZ,0:01,Saved,0
Action shot,11.0,4,3,1,KAZ,2.0,TOKUMOTO M,3 - 1,444,JPN,7:24,Post,0
Extra player shot,3.0,4,3,1,KAZ,2.0,AKILBAYEVA A,3 - 1,406,KAZ,6:46,Saved,0
5m shot,11.0,4,3,1,KAZ,2.0,MIRSHINA A,3 - 1,384,KAZ,6:24,Missed,0
Centre shot,10.0,4,3,1,KAZ,2.0,MYRZABEKOVA Z,3 - 1,346,KAZ,5:46,Saved,0
Action shot,5.0,4,3,1,KAZ,2.0,ZAKIROVA K,3 - 1,282,KAZ,4:42,Post,0
5m shot,2.0,4,4,1,KAZ,2.0,ARIMA Y,4 - 1,271,JPN,4:31,Goal,1
Action shot,4.0,4,4,2,KAZ,2.0,TUROVA A,4 - 2,222,KAZ,3:42,Goal,1
Action shot,2.0,4,5,2,KAZ,2.0,ARIMA Y,5 - 2,205,JPN,3:25,Goal,1
Action shot,11.0,4,5,2,KAZ,4.0,TOKUMOTO M,5 - 2,412,JPN,6:52,Saved,0
Extra player shot,5.0,4,5,2,KAZ,4.0,ZAKIROVA K,5 - 2,382,KAZ,6:22,Saved,0
Action shot,3.0,4,14,6,KAZ,4.0,KAZAMA Y,14 - 6,367,JPN,6:07,Goal,1
Centre shot,11.0,4,14,7,KAZ,4.0,MIRSHINA A,14 - 7,354,KAZ,5:54,Goal,1
Centre shot,2.0,4,15,7,KAZ,4.0,ARIMA Y,15 - 7,335,JPN,5:35,Goal,1
Action shot,10.0,4,15,7,KAZ,4.0,MYRZABEKOVA Z,15 - 7,303,KAZ,5:03,Missed,0
5m shot,5.0,4,15,7,KAZ,2.0,ZAKIROVA K,15 - 7,132,KAZ,2:12,Saved,0
5m shot,4.0,4,15,7,KAZ,2.0,MAGARIYAMA S,15 - 7,118,JPN,1:58,Saved,0
Extra player shot,12.0,4,15,7,KAZ,2.0,SUZUKI K,15 - 7,94,JPN,1:34,Saved,0
Action shot,12.0,4,15,7,KAZ,2.0,MUSSAROVA A,15 - 7,17,KAZ,0:17,Saved,0
Action shot,10.0,4,5,3,KAZ,3.0,MYRZABEKOVA Z,5 - 3,464,KAZ,7:44,Goal,1
Action shot,10.0,4,5,3,KAZ,3.0,MYRZABEKOVA Z,5 - 3,436,KAZ,7:16,Missed,0
Action shot,3.0,4,6,3,KAZ,3.0,KAZAMA Y,6 - 3,421,JPN,7:01,Goal,1
Counter attack,2.0,4,6,3,KAZ,3.0,ARIMA Y,6 - 3,400,JPN,6:40,Saved,0
Action shot,7.0,4,7,3,KAZ,3.0,INABA A,7 - 3,357,JPN,5:57,Goal,1
Extra player shot,10.0,4,7,3,KAZ,3.0,MYRZABEKOVA Z,7 - 3,335,KAZ,5:35,Saved,0
Extra player shot,8.0,4,8,3,KAZ,3.0,NIIZAWA Y,8 - 3,308,JPN,5:08,Goal,1
5m shot,5.0,4,8,3,KAZ,3.0,ZAKIROVA K,8 - 3,278,KAZ,4:38,Blocked,0
Action shot,7.0,4,9,3,KAZ,3.0,INABA A,9 - 3,267,JPN,4:27,Goal,1
Counter attack,6.0,4,10,3,KAZ,3.0,YAMAMOTO M,10 - 3,248,JPN,4:08,Goal,1
Action shot,8.0,4,10,3,KAZ,3.0,NIIZAWA Y,10 - 3,207,JPN,3:27,Saved,0
5m shot,11.0,4,10,4,KAZ,3.0,MIRSHINA A,10 - 4,188,KAZ,3:08,Goal,1
Counter attack,6.0,4,11,4,KAZ,3.0,YAMAMOTO M,11 - 4,160,JPN,2:40,Goal,1
5m shot,11.0,4,11,4,KAZ,3.0,MIRSHINA A,11 - 4,139,KAZ,2:19,Blocked,0
Action shot,2.0,4,12,4,KAZ,3.0,ARIMA Y,12 - 4,127,JPN,2:07,Goal,1
Action shot,10.0,4,12,5,KAZ,3.0,MYRZABEKOVA Z,12 - 5,116,KAZ,1:56,Goal,1
Action shot,3.0,4,12,5,KAZ,3.0,AKILBAYEVA A,12 - 5,46,KAZ,0:46,Saved,0
Action shot,5.0,4,12,5,KAZ,3.0,SAKANOUE C,12 - 5,30,JPN,0:30,Missed,0
Centre shot,11.0,4,12,6,KAZ,3.0,MIRSHINA A,12 - 6,18,KAZ,0:18,Goal,1
5m shot,5.0,4,12,6,KAZ,3.0,SAKANOUE C,12 - 6,1,JPN,0:01,Blocked,0
Action shot,5.0,4,13,6,KAZ,4.0,SAKANOUE C,13 - 6,440,JPN,7:20,Goal,1
Counter attack,5.0,4,16,7,KAZ,4.0,SAKANOUE C,16 - 7,205,JPN,3:25,Goal,1
Counter attack,5.0,4,17,7,KAZ,4.0,SAKANOUE C,17 - 7,177,JPN,2:57,Goal,1
5m shot,11.0,4,17,7,KAZ,4.0,MIRSHINA A,17 - 7,146,KAZ,2:26,Missed,0
Action shot,2.0,4,17,7,KAZ,4.0,ARIMA Y,17 - 7,94,JPN,1:34,Saved,0
Penalty shot,11.0,4,17,7,KAZ,4.0,MIRSHINA A,17 - 7,79,KAZ,1:19,Post,0
Action shot,4.0,4,17,7,KAZ,4.0,MAGARIYAMA S,17 - 7,57,JPN,0:57,Saved,0
Extra player shot,7.0,4,17,8,KAZ,4.0,NOVIKOVA A,17 - 8,43,KAZ,0:43,Goal,1
Action shot,8.0,4,17,8,KAZ,4.0,NIIZAWA Y,17 - 8,32,JPN,0:32,Missed,0
Action shot,3.0,5,0,0,BRA,1.0,ZABLITH M,0 - 0,453,BRA,7:33,Missed,0
Extra player shot,9.0,5,0,0,BRA,1.0,DIAS M,0 - 0,396,BRA,6:36,Saved,0
Action shot,10.0,5,0,0,BRA,1.0,BAHIA V,0 - 0,384,BRA,6:24,Saved,0
Centre shot,12.0,5,0,0,BRA,1.0,SUZUKI K,0 - 0,359,JPN,5:59,Saved,0
Centre shot,3.0,5,0,0,BRA,1.0,ZABLITH M,0 - 0,340,BRA,5:40,Post,0
5m shot,11.0,5,0,0,BRA,1.0,TOKUMOTO M,0 - 0,316,JPN,5:16,Post,0
5m shot,11.0,5,0,0,BRA,1.0,DUARTE M,0 - 0,237,BRA,3:57,Saved,0
5m shot,5.0,5,0,0,BRA,1.0,SAKANOUE C,0 - 0,226,JPN,3:46,Saved,0
Penalty shot,12.0,5,0,0,BRA,1.0,SUZUKI K,0 - 0,200,JPN,3:20,Saved,0
5m shot,12.0,5,0,0,BRA,1.0,BELORIO L,0 - 0,173,BRA,2:53,Post,0
Counter attack,5.0,5,1,0,BRA,1.0,SAKANOUE C,0 - 1,162,JPN,2:42,Goal,1
Action shot,5.0,5,2,0,BRA,1.0,SAKANOUE C,0 - 2,134,JPN,2:14,Goal,1
Action shot,2.0,5,2,1,BRA,1.0,ABLA D,1 - 2,119,BRA,1:59,Goal,1
5m shot,11.0,5,2,2,BRA,1.0,DUARTE M,2 - 2,36,BRA,0:36,Goal,1
Extra player shot,2.0,5,2,2,BRA,1.0,ARIMA Y,2 - 2,8,JPN,0:08,Saved,0
Action shot,5.0,5,3,2,BRA,2.0,SAKANOUE C,2 - 3,409,JPN,6:49,Goal,1
Centre shot,4.0,5,3,2,BRA,2.0,SOUZA J,2 - 3,357,BRA,5:57,Saved,0
Penalty shot,12.0,5,4,2,BRA,2.0,SUZUKI K,2 - 4,343,JPN,5:43,Goal,1
Action shot,2.0,5,5,2,BRA,2.0,ARIMA Y,2 - 5,303,JPN,5:03,Goal,1
Counter attack,5.0,5,6,2,BRA,2.0,SAKANOUE C,2 - 6,274,JPN,4:34,Goal,1
Action shot,2.0,5,6,3,BRA,2.0,ABLA D,3 - 6,254,BRA,4:14,Goal,1
Action shot,2.0,5,6,3,BRA,2.0,ARIMA Y,3 - 6,243,JPN,4:03,Saved,0
5m shot,2.0,5,6,3,BRA,4.0,ARIMA Y,3 - 6,410,JPN,6:50,Post,0
5m shot,3.0,5,6,3,BRA,4.0,ZABLITH M,3 - 6,382,BRA,6:22,Post,0
Action shot,3.0,5,6,3,BRA,4.0,KAZAMA Y,3 - 6,365,JPN,6:05,Missed,0
Counter attack,11.0,5,9,8,BRA,4.0,DUARTE M,8 - 9,352,BRA,5:52,Goal,1
Extra player shot,2.0,5,10,8,BRA,4.0,ARIMA Y,8 - 10,325,JPN,5:25,Goal,1
Action shot,10.0,5,10,8,BRA,4.0,BAHIA V,8 - 10,306,BRA,5:06,Saved,0
Centre shot,8.0,5,10,9,BRA,4.0,BRUZZO M,9 - 10,306,BRA,5:06,Goal,1
5m shot,2.0,5,10,9,BRA,4.0,ARIMA Y,9 - 10,284,JPN,4:44,Blocked,0
Action shot,3.0,5,10,9,BRA,4.0,ZABLITH M,9 - 10,255,BRA,4:15,Saved,0
Action shot,4.0,5,11,9,BRA,4.0,MAGARIYAMA S,9 - 11,243,JPN,4:03,Goal,1
Action shot,5.0,5,11,9,BRA,4.0,SAKANOUE C,9 - 11,202,JPN,3:22,Post,0
Action shot,7.0,5,11,9,BRA,2.0,INABA A,9 - 11,164,JPN,2:44,Post,0
Counter attack,3.0,5,7,3,BRA,2.0,KAZAMA Y,3 - 7,127,JPN,2:07,Goal,1
Centre shot,7.0,5,7,4,BRA,2.0,FERREIRA S,4 - 7,92,BRA,1:32,Goal,1
Action shot,9.0,5,7,4,BRA,2.0,HOSOYA K,4 - 7,32,JPN,0:32,Post,0
Action shot,3.0,5,7,4,BRA,2.0,ZABLITH M,4 - 7,15,BRA,0:15,Missed,0
Counter attack,7.0,5,8,4,BRA,2.0,INABA A,4 - 8,2,JPN,0:02,Goal,1
5m shot,3.0,5,8,4,BRA,2.0,ZABLITH M,4 - 8,1,BRA,0:01,Blocked,0
Centre shot,6.0,5,8,4,BRA,3.0,YAMAMOTO M,4 - 8,447,JPN,7:27,Saved,0
5m shot,3.0,5,8,4,BRA,3.0,ZABLITH M,4 - 8,414,BRA,6:54,Post,0
5m shot,12.0,5,8,4,BRA,3.0,SUZUKI K,4 - 8,401,JPN,6:41,Saved,0
Centre shot,10.0,5,8,4,BRA,3.0,BAHIA V,4 - 8,386,BRA,6:26,Saved,0
Extra player shot,12.0,5,8,4,BRA,3.0,SUZUKI K,4 - 8,345,JPN,5:45,Blocked,0
Action shot,12.0,5,8,4,BRA,3.0,BELORIO L,4 - 8,319,BRA,5:19,Saved,0
Action shot,2.0,5,8,5,BRA,3.0,ABLA D,5 - 8,281,BRA,4:41,Goal,1
5m shot,3.0,5,8,5,BRA,3.0,KAZAMA Y,5 - 8,222,JPN,3:42,Post,0
5m shot,9.0,5,8,5,BRA,3.0,DIAS M,5 - 8,193,BRA,3:13,Post,0
5m shot,4.0,5,8,5,BRA,3.0,MAGARIYAMA S,5 - 8,153,JPN,2:33,Saved,0
Centre shot,12.0,5,8,5,BRA,3.0,BELORIO L,5 - 8,138,BRA,2:18,Post,0
Action shot,4.0,5,8,5,BRA,3.0,MAGARIYAMA S,5 - 8,111,JPN,1:51,Post,0
Penalty shot,2.0,5,8,6,BRA,3.0,ABLA D,6 - 8,89,BRA,1:29,Goal,1
5m shot,2.0,5,8,6,BRA,3.0,ABLA D,6 - 8,42,BRA,0:42,Saved,0
Action shot,8.0,5,8,6,BRA,3.0,BRUZZO M,6 - 8,15,BRA,0:15,Saved,0
5m shot,2.0,5,9,6,BRA,3.0,ARIMA Y,6 - 9,3,JPN,0:03,Goal,1
5m shot,13.0,5,9,6,BRA,3.0,SHIOYA M,6 - 9,1,JPN,0:01,Blocked,0
Action shot,11.0,5,9,7,BRA,4.0,DUARTE M,7 - 9,440,BRA,7:20,Goal,1
Action shot,10.0,5,9,7,BRA,4.0,BAHIA V,7 - 9,120,BRA,2:00,Missed,0
5m shot,5.0,5,9,7,BRA,4.0,SAKANOUE C,7 - 9,104,JPN,1:44,Saved,0
5m shot,12.0,5,9,7,BRA,4.0,SUZUKI K,7 - 9,46,JPN,0:46,Blocked,0
