Action,Cap,Game,MNE,Opponent,Opponent name,Period,Player,Score,Seconds,Team,Time
Starting goalkeeper,13.0,1,0,0,CAN,1.0,SCEPANOVIC M,0 - 0,480,MNE,8:00
Starting goalkeeper,1.0,1,0,0,CAN,1.0,RADENOVIC M,0 - 0,480,CAN,8:00
Sprint won possession,2.0,1,0,0,CAN,1.0,BRGULJAN D,0 - 0,480,MNE,8:00
Turnover foul,7.0,1,0,0,CAN,1.0,DRASKOVIC D,0 - 0,457,MNE,7:37
Turnover foul,5.0,1,0,0,CAN,1.0,HALAJIAN M,0 - 0,437,CAN,7:17
Steal,11.0,1,0,0,CAN,1.0,CUCKOVIC U,0 - 0,437,MNE,7:17
Action shot - Missed,2.0,1,0,0,CAN,1.0,BRGULJAN D,0 - 0,411,MNE,6:51
5m shot - Missed,7.0,1,0,0,CAN,1.0,D'SOUZA R,0 - 0,382,CAN,6:22
Action shot - Saved,9.0,1,0,0,CAN,1.0,RADOVIC D,0 - 0,359,MNE,5:59
Turnover foul,6.0,1,0,0,CAN,1.0,ROBINSON S,0 - 0,353,CAN,5:53
Action shot - Saved,2.0,1,0,0,CAN,1.0,BRGULJAN D,0 - 0,330,MNE,5:30
20 sec. exclusion in field,11.0,1,0,0,CAN,1.0,CUCKOVIC U,0 - 0,309,MNE,5:09
Turnover foul,6.0,1,0,0,CAN,1.0,ROBINSON S,0 - 0,283,CAN,4:43
Steal,4.0,1,0,0,CAN,1.0,PETKOVIC M,0 - 0,283,MNE,4:43
5m shot - Goal,6.0,1,1,0,CAN,1.0,RADOVIC A,1 - 0,259,MNE,4:19
20 sec. exclusion in centre,3.0,1,1,0,CAN,1.0,BANICEVIC B,1 - 0,235,MNE,3:55
Action shot - Blocked,4.0,1,1,0,CAN,1.0,CONSTANTIN-BICARI,1 - 0,217,CAN,3:37
Counter attack - Saved,2.0,1,1,0,CAN,1.0,BRGULJAN D,1 - 0,198,MNE,3:18
Counter attack - Goal,4.0,1,1,1,CAN,1.0,CONSTANTIN-BICARI,1 - 1,188,CAN,3:08
20 sec. exclusion in field,6.0,1,1,1,CAN,1.0,ROBINSON S,1 - 1,164,CAN,2:44
Extra player shot - Goal,4.0,1,2,1,CAN,1.0,PETKOVIC M,2 - 1,157,MNE,2:37
Action shot - Saved,5.0,1,2,1,CAN,1.0,HALAJIAN M,2 - 1,129,CAN,2:09
5m shot - Missed,6.0,1,2,1,CAN,1.0,RADOVIC A,2 - 1,109,MNE,1:49
5m shot - Missed,5.0,1,2,1,CAN,1.0,HALAJIAN M,2 - 1,85,CAN,1:25
Time-Out,,1,2,1,CAN,1.0,,2 - 1,85,MNE,1:25
Turnover foul,9.0,1,2,1,CAN,1.0,RADOVIC D,2 - 1,60,MNE,1:00
Steal,2.0,1,2,1,CAN,1.0,PATTERSON G,2 - 1,60,CAN,1:00
20 sec. exclusion in field,9.0,1,2,1,CAN,1.0,RADOVIC D,2 - 1,59,MNE,0:59
Time-Out,,1,2,1,CAN,1.0,,2 - 1,59,CAN,0:59
Steal,8.0,1,2,1,CAN,1.0,UKROPINA A,2 - 1,43,MNE,0:43
Counter attack - Goal,4.0,1,3,1,CAN,1.0,PETKOVIC M,3 - 1,32,MNE,0:32
5m shot - Saved,11.0,1,3,1,CAN,1.0,TORAKIS G,3 - 1,3,CAN,0:03
Starting goalkeeper,13.0,1,3,1,CAN,2.0,SCEPANOVIC M,3 - 1,480,MNE,8:00
Starting goalkeeper,1.0,1,3,1,CAN,2.0,RADENOVIC M,3 - 1,480,CAN,8:00
Sprint won possession,8.0,1,3,1,CAN,2.0,UKROPINA A,3 - 1,480,MNE,8:00
5m shot - Saved,5.0,1,3,1,CAN,2.0,HALAJIAN M,3 - 1,424,CAN,7:04
20 sec. exclusion in field,6.0,1,3,1,CAN,2.0,RADOVIC A,3 - 1,403,MNE,6:43
Extra player shot - Goal,11.0,1,3,2,CAN,2.0,TORAKIS G,3 - 2,381,CAN,6:21
Centre shot - Goal,10.0,1,4,2,CAN,2.0,MISIC S,4 - 2,354,MNE,5:54
5m shot - Post,12.0,1,4,2,CAN,2.0,THUMWOOD D,4 - 2,324,CAN,5:24
20 sec. exclusion in centre,6.0,1,4,2,CAN,2.0,ROBINSON S,4 - 2,306,CAN,5:06
Extra player shot - Blocked,8.0,1,4,2,CAN,2.0,UKROPINA A,4 - 2,289,MNE,4:49
Action shot - Goal,7.0,1,4,3,CAN,2.0,D'SOUZA R,4 - 3,257,CAN,4:17
20 sec. exclusion in centre,11.0,1,4,3,CAN,2.0,TORAKIS G,4 - 3,238,CAN,3:58
Extra player shot - Post,5.0,1,4,3,CAN,2.0,BRGULJAN D,4 - 3,221,MNE,3:41
20 sec. exclusion in centre,3.0,1,4,3,CAN,2.0,BANICEVIC B,4 - 3,197,MNE,3:17
Time-Out,,1,4,3,CAN,2.0,,4 - 3,197,CAN,3:17
Turnover foul,6.0,1,4,3,CAN,2.0,ROBINSON S,4 - 3,174,CAN,2:54
Steal,6.0,1,4,3,CAN,2.0,RADOVIC A,4 - 3,174,MNE,2:54
Centre shot - Saved,11.0,1,4,3,CAN,2.0,CUCKOVIC U,4 - 3,145,MNE,2:25
Turnover foul,4.0,1,4,3,CAN,2.0,CONSTANTIN-BICARI,4 - 3,119,CAN,1:59
Time-Out,,1,4,3,CAN,2.0,,4 - 3,118,MNE,1:58
Action shot - Goal,7.0,1,5,3,CAN,2.0,DRASKOVIC D,5 - 3,94,MNE,1:34
Turnover foul,4.0,1,5,3,CAN,2.0,CONSTANTIN-BICARI,5 - 3,71,CAN,1:11
Turnover foul,12.0,1,5,3,CAN,2.0,MURISIC N,5 - 3,41,MNE,0:41
5m shot - Missed,4.0,1,5,3,CAN,2.0,CONSTANTIN-BICARI,5 - 3,17,CAN,0:17
Action shot - Saved,5.0,1,5,3,CAN,2.0,BRGULJAN D,5 - 3,2,MNE,0:02
Starting goalkeeper,13.0,1,5,3,CAN,3.0,SCEPANOVIC M,5 - 3,480,MNE,8:00
Starting goalkeeper,1.0,1,5,3,CAN,3.0,RADENOVIC M,5 - 3,480,CAN,8:00
Sprint won possession,8.0,1,5,3,CAN,3.0,UKROPINA A,5 - 3,480,MNE,8:00
5m shot - Saved,6.0,1,5,3,CAN,3.0,RADOVIC A,5 - 3,451,MNE,7:31
5m shot - Blocked,7.0,1,5,3,CAN,3.0,DRASKOVIC D,5 - 3,426,MNE,7:06
Turnover foul,10.0,1,5,3,CAN,3.0,MISIC S,5 - 3,411,MNE,6:51
5m shot - Saved,6.0,1,5,3,CAN,3.0,ROBINSON S,5 - 3,381,CAN,6:21
20 sec. exclusion in centre,9.0,1,5,3,CAN,3.0,RADOJCIC D,5 - 3,361,CAN,6:01
Action shot - Goal,4.0,1,6,3,CAN,3.0,PETKOVIC M,6 - 3,339,MNE,5:39
5m shot - Saved,12.0,1,6,3,CAN,3.0,THUMWOOD D,6 - 3,310,CAN,5:10
Action shot - Saved,8.0,1,6,3,CAN,3.0,UKROPINA A,6 - 3,284,MNE,4:44
Action shot - Saved,2.0,1,6,3,CAN,3.0,BRGULJAN D,6 - 3,261,MNE,4:21
5m shot - Blocked,12.0,1,6,3,CAN,3.0,THUMWOOD D,6 - 3,233,CAN,3:53
Action shot - Missed,8.0,1,6,3,CAN,3.0,UKROPINA A,6 - 3,211,MNE,3:31
20 sec. exclusion in field,11.0,1,6,3,CAN,3.0,CUCKOVIC U,6 - 3,211,MNE,3:31
Time-Out,,1,6,3,CAN,3.0,,6 - 3,211,CAN,3:31
Extra player shot - Saved,10.0,1,6,3,CAN,3.0,SOLEIMANIPAK A,6 - 3,191,CAN,3:11
Action shot - Saved,4.0,1,6,3,CAN,3.0,PETKOVIC M,6 - 3,166,MNE,2:46
5m shot - Goal,12.0,1,6,4,CAN,3.0,THUMWOOD D,6 - 4,135,CAN,2:15
Turnover foul,5.0,1,6,4,CAN,3.0,BRGULJAN D,6 - 4,117,MNE,1:57
5m shot - Saved,11.0,1,6,4,CAN,3.0,TORAKIS G,6 - 4,92,CAN,1:32
Action shot - Post,6.0,1,6,4,CAN,3.0,RADOVIC A,6 - 4,74,MNE,1:14
5m shot - Saved,12.0,1,6,4,CAN,3.0,THUMWOOD D,6 - 4,51,CAN,0:51
Time-Out,,1,6,4,CAN,3.0,,6 - 4,51,MNE,0:51
Action shot - Saved,6.0,1,6,4,CAN,3.0,RADOVIC A,6 - 4,34,MNE,0:34
5m shot - Missed,13.0,1,6,4,CAN,3.0,SCEPANOVIC M,6 - 4,1,MNE,0:01
Starting goalkeeper,13.0,1,6,4,CAN,4.0,SCEPANOVIC M,6 - 4,480,MNE,8:00
Starting goalkeeper,1.0,1,6,4,CAN,4.0,RADENOVIC M,6 - 4,480,CAN,8:00
Sprint won possession,2.0,1,6,4,CAN,4.0,BRGULJAN D,6 - 4,480,MNE,8:00
Centre shot - Goal,12.0,1,7,4,CAN,4.0,MURISIC N,7 - 4,456,MNE,7:36
Centre shot - Goal,5.0,1,8,4,CAN,4.0,BRGULJAN D,8 - 4,398,MNE,6:38
Turnover foul,4.0,1,8,4,CAN,4.0,CONSTANTIN-BICARI,8 - 4,370,CAN,6:10
Action shot - Saved,5.0,1,8,4,CAN,4.0,BRGULJAN D,8 - 4,366,MNE,6:06
Turnover foul,5.0,1,8,4,CAN,4.0,BRGULJAN D,8 - 4,354,MNE,5:54
20 sec. exclusion in field,5.0,1,8,4,CAN,4.0,BRGULJAN D,8 - 4,353,MNE,5:53
Action shot - Goal,10.0,1,8,5,CAN,4.0,SOLEIMANIPAK A,8 - 5,330,CAN,5:30
Turnover foul,7.0,1,8,5,CAN,4.0,DRASKOVIC D,8 - 5,299,MNE,4:59
Steal,11.0,1,8,5,CAN,4.0,TORAKIS G,8 - 5,299,CAN,4:59
5m shot - Saved,6.0,1,8,5,CAN,4.0,ROBINSON S,8 - 5,275,CAN,4:35
Counter attack - Missed,4.0,1,8,5,CAN,4.0,PETKOVIC M,8 - 5,263,MNE,4:23
5m shot - Post,4.0,1,8,5,CAN,4.0,CONSTANTIN-BICARI,8 - 5,234,CAN,3:54
20 sec. exclusion in centre,6.0,1,8,5,CAN,4.0,ROBINSON S,8 - 5,205,CAN,3:25
Exclusion with substitution,6.0,1,8,5,CAN,4.0,ROBINSON S,8 - 5,205,CAN,3:25
Extra player shot - Saved,10.0,1,8,5,CAN,4.0,MISIC S,8 - 5,202,MNE,3:22
Extra player shot - Missed,10.0,1,8,5,CAN,4.0,MISIC S,8 - 5,202,MNE,3:22
5m shot - Goal,4.0,1,8,6,CAN,4.0,CONSTANTIN-BICARI,8 - 6,174,CAN,2:54
Yellow card,,1,8,6,CAN,4.0,Team Official,8 - 6,174,CAN,2:54
Turnover foul,6.0,1,8,6,CAN,4.0,RADOVIC A,8 - 6,147,MNE,2:27
Steal,1.0,1,8,6,CAN,4.0,RADENOVIC M,8 - 6,147,CAN,2:27
Turnover foul,11.0,1,8,6,CAN,4.0,CUCKOVIC U,8 - 6,100,MNE,1:40
20 sec. exclusion in field,12.0,1,8,6,CAN,4.0,MURISIC N,8 - 6,100,MNE,1:40
Time-Out,,1,8,6,CAN,4.0,,8 - 6,100,CAN,1:40
Extra player shot - Goal,7.0,1,8,7,CAN,4.0,D'SOUZA R,8 - 7,86,CAN,1:26
Action shot - Blocked,2.0,1,8,7,CAN,4.0,BRGULJAN D,8 - 7,57,MNE,0:57
Turnover foul,8.0,1,8,7,CAN,4.0,UKROPINA A,8 - 7,37,MNE,0:37
20 sec. exclusion in centre,8.0,1,8,7,CAN,4.0,UKROPINA A,8 - 7,37,MNE,0:37
Extra player shot - Goal,11.0,1,8,8,CAN,4.0,TORAKIS G,8 - 8,21,CAN,0:21
Time-Out,,1,8,8,CAN,4.0,,8 - 8,21,MNE,0:21
Starting goalkeeper,1.0,2,0,0,BRA,1.0,SORO S,0 - 0,480,BRA,8:00
Starting goalkeeper,13.0,2,0,0,BRA,1.0,SCEPANOVIC M,0 - 0,480,MNE,8:00
Sprint won possession,2.0,2,0,0,BRA,1.0,BRGULJAN D,0 - 0,480,MNE,8:00
5m shot - Saved,7.0,2,0,0,BRA,1.0,DRASKOVIC D,0 - 0,451,MNE,7:31
5m shot - Saved,9.0,2,0,0,BRA,1.0,RADOVIC D,0 - 0,422,MNE,7:02
Steal,4.0,2,0,0,BRA,1.0,COUTINHO G,0 - 0,400,BRA,6:40
Turnover foul,10.0,2,0,0,BRA,1.0,MISIC S,0 - 0,400,MNE,6:40
5m shot - Saved,2.0,2,0,0,BRA,1.0,CRUZ A,0 - 0,375,BRA,6:15
20 sec. exclusion in centre,9.0,2,0,0,BRA,1.0,ROCHA B,0 - 0,354,BRA,5:54
Extra player shot - Goal,11.0,2,1,0,BRA,1.0,CUCKOVIC U,0 - 1,334,MNE,5:34
5m shot - Post,12.0,2,1,0,BRA,1.0,FREITAS R,0 - 1,307,BRA,5:07
Centre shot - Goal,10.0,2,2,0,BRA,1.0,MISIC S,0 - 2,279,MNE,4:39
Centre shot - Saved,5.0,2,2,0,BRA,1.0,SILVA L,0 - 2,255,BRA,4:15
Centre shot - Missed,10.0,2,2,0,BRA,1.0,MISIC S,0 - 2,231,MNE,3:51
Centre shot - Saved,4.0,2,2,0,BRA,1.0,COUTINHO G,0 - 2,208,BRA,3:28
20 sec. exclusion in centre,4.0,2,2,0,BRA,1.0,COUTINHO G,0 - 2,161,BRA,2:41
Extra player shot - Saved,8.0,2,2,0,BRA,1.0,UKROPINA A,0 - 2,150,MNE,2:30
Turnover foul,5.0,2,2,0,BRA,1.0,SILVA L,0 - 2,127,BRA,2:07
Steal,7.0,2,2,0,BRA,1.0,DRASKOVIC D,0 - 2,127,MNE,2:07
Action shot - Saved,7.0,2,2,0,BRA,1.0,DRASKOVIC D,0 - 2,113,MNE,1:53
Penalty foul,3.0,2,2,0,BRA,1.0,ALMEIDA G,0 - 2,88,BRA,1:28
Time-Out,,2,2,0,BRA,1.0,,0 - 2,88,MNE,1:28
Penalty shot - Goal,6.0,2,3,0,BRA,1.0,RADOVIC A,0 - 3,88,MNE,1:28
Turnover foul,10.0,2,3,0,BRA,1.0,CARRULO H,0 - 3,57,BRA,0:57
Steal,11.0,2,3,0,BRA,1.0,CUCKOVIC U,0 - 3,57,MNE,0:57
Steal,3.0,2,3,0,BRA,1.0,ALMEIDA G,0 - 3,40,BRA,0:40
Time-Out,,2,3,0,BRA,1.0,,0 - 3,40,BRA,0:40
Turnover foul,2.0,2,3,0,BRA,1.0,CRUZ A,0 - 3,14,BRA,0:14
Steal,13.0,2,3,0,BRA,1.0,SCEPANOVIC M,0 - 3,14,MNE,0:14
Action shot - Goal,4.0,2,4,0,BRA,1.0,PETKOVIC M,0 - 4,1,MNE,0:01
Starting goalkeeper,1.0,2,4,0,BRA,2.0,SORO S,0 - 4,480,BRA,8:00
Starting goalkeeper,13.0,2,4,0,BRA,2.0,SCEPANOVIC M,0 - 4,480,MNE,8:00
Sprint won possession,2.0,2,4,0,BRA,2.0,CRUZ A,0 - 4,480,BRA,8:00
5m shot - Goal,11.0,2,4,1,BRA,2.0,GUIMARAES G,1 - 4,452,BRA,7:32
Turnover foul,12.0,2,4,1,BRA,2.0,MURISIC N,1 - 4,435,MNE,7:15
Centre shot - Missed,12.0,2,4,1,BRA,2.0,MURISIC N,1 - 4,433,MNE,7:13
Action shot - Saved,4.0,2,4,1,BRA,2.0,COUTINHO G,1 - 4,404,BRA,6:44
20 sec. exclusion in centre,8.0,2,4,1,BRA,2.0,STELLET M,1 - 4,376,BRA,6:16
Action shot - Saved,5.0,2,4,1,BRA,2.0,BRGULJAN D,1 - 4,352,MNE,5:52
Action shot - Goal,3.0,2,5,1,BRA,2.0,BANICEVIC B,1 - 5,352,MNE,5:52
Action shot - Saved,11.0,2,5,1,BRA,2.0,GUIMARAES G,1 - 5,323,BRA,5:23
Turnover foul,9.0,2,5,1,BRA,2.0,RADOVIC D,1 - 5,304,MNE,5:04
20 sec. exclusion in centre,9.0,2,5,1,BRA,2.0,RADOVIC D,1 - 5,285,MNE,4:45
Action shot - Post,4.0,2,5,1,BRA,2.0,COUTINHO G,1 - 5,261,BRA,4:21
5m shot - Blocked,11.0,2,5,1,BRA,2.0,CUCKOVIC U,1 - 5,237,MNE,3:57
Turnover foul,11.0,2,5,1,BRA,2.0,GUIMARAES G,1 - 5,216,BRA,3:36
Steal,7.0,2,5,1,BRA,2.0,DRASKOVIC D,1 - 5,216,MNE,3:36
Centre shot - Saved,12.0,2,5,1,BRA,2.0,MURISIC N,1 - 5,187,MNE,3:07
20 sec. exclusion in centre,11.0,2,5,1,BRA,2.0,GUIMARAES G,1 - 5,171,BRA,2:51
Time-Out,,2,5,1,BRA,2.0,,1 - 5,171,MNE,2:51
Turnover foul,8.0,2,5,1,BRA,2.0,UKROPINA A,1 - 5,144,MNE,2:24
Steal,4.0,2,5,1,BRA,2.0,COUTINHO G,1 - 5,144,BRA,2:24
5m shot - Goal,4.0,2,5,2,BRA,2.0,COUTINHO G,2 - 5,120,BRA,2:00
5m shot - Goal,7.0,2,6,2,BRA,2.0,DRASKOVIC D,2 - 6,92,MNE,1:32
20 sec. exclusion in centre,6.0,2,6,2,BRA,2.0,RADOVIC A,2 - 6,67,MNE,1:07
Time-Out,,2,6,2,BRA,2.0,,2 - 6,67,BRA,1:07
Turnover foul,9.0,2,6,2,BRA,2.0,ROCHA B,2 - 6,47,BRA,0:47
5m shot - Saved,7.0,2,6,2,BRA,2.0,DRASKOVIC D,2 - 6,37,MNE,0:37
Turnover foul,4.0,2,6,2,BRA,2.0,COUTINHO G,2 - 6,18,BRA,0:18
Steal,13.0,2,6,2,BRA,2.0,SCEPANOVIC M,2 - 6,18,MNE,0:18
Centre shot - Goal,4.0,2,7,2,BRA,2.0,PETKOVIC M,2 - 7,1,MNE,0:01
Steal,10.0,2,7,2,BRA,4.0,MISIC S,2 - 7,104,MNE,1:44
5m shot - Goal,6.0,2,14,5,BRA,4.0,RADOVIC A,5 - 14,94,MNE,1:34
20 sec. exclusion in centre,8.0,2,14,5,BRA,4.0,UKROPINA A,5 - 14,74,MNE,1:14
Time-Out,,2,14,5,BRA,4.0,,5 - 14,74,BRA,1:14
Starting goalkeeper,1.0,2,14,5,BRA,3.0,SORO S,5 - 14,480,BRA,8:00
Starting goalkeeper,1.0,2,14,5,BRA,3.0,LAZOVIC D,5 - 14,480,MNE,8:00
Sprint won possession,2.0,2,14,5,BRA,3.0,BRGULJAN D,5 - 14,480,MNE,8:00
Turnover foul,2.0,2,14,5,BRA,3.0,BRGULJAN D,5 - 14,451,MNE,7:31
Turnover foul,11.0,2,14,5,BRA,3.0,GUIMARAES G,5 - 14,431,BRA,7:11
Steal,1.0,2,14,5,BRA,3.0,LAZOVIC D,5 - 14,431,MNE,7:11
5m shot - Post,6.0,2,14,5,BRA,3.0,RADOVIC A,5 - 14,407,MNE,6:47
Turnover foul,2.0,2,14,5,BRA,3.0,BRGULJAN D,5 - 14,391,MNE,6:31
Steal,3.0,2,14,5,BRA,3.0,ALMEIDA G,5 - 14,391,BRA,6:31
Action shot - Goal,11.0,2,7,3,BRA,3.0,GUIMARAES G,3 - 7,369,BRA,6:09
20 sec. exclusion in centre,9.0,2,7,3,BRA,3.0,ROCHA B,3 - 7,355,BRA,5:55
Extra player shot - Goal,9.0,2,8,3,BRA,3.0,RADOVIC D,3 - 8,349,MNE,5:49
Turnover foul,11.0,2,8,3,BRA,3.0,GUIMARAES G,3 - 8,324,BRA,5:24
Steal,9.0,2,8,3,BRA,3.0,RADOVIC D,3 - 8,324,MNE,5:24
Turnover foul,9.0,2,8,3,BRA,3.0,RADOVIC D,3 - 8,297,MNE,4:57
Steal,4.0,2,8,3,BRA,3.0,COUTINHO G,3 - 8,297,BRA,4:57
Turnover foul,4.0,2,8,3,BRA,3.0,COUTINHO G,3 - 8,261,BRA,4:21
Steal,11.0,2,8,3,BRA,3.0,CUCKOVIC U,3 - 8,261,MNE,4:21
Turnover foul,9.0,2,8,3,BRA,3.0,RADOVIC D,3 - 8,249,MNE,4:09
Steal,11.0,2,8,3,BRA,3.0,GUIMARAES G,3 - 8,249,BRA,4:09
Time-Out,,2,8,3,BRA,3.0,,3 - 8,247,BRA,4:07
5m shot - Blocked,2.0,2,8,3,BRA,3.0,CRUZ A,3 - 8,214,BRA,3:34
20 sec. exclusion in centre,2.0,2,8,3,BRA,3.0,CRUZ A,3 - 8,210,BRA,3:30
Extra player shot - Goal,11.0,2,9,3,BRA,3.0,CUCKOVIC U,3 - 9,196,MNE,3:16
5m shot - Blocked,11.0,2,9,3,BRA,3.0,GUIMARAES G,3 - 9,172,BRA,2:52
Turnover foul,2.0,2,9,3,BRA,3.0,BRGULJAN D,3 - 9,149,MNE,2:29
Steal,11.0,2,9,3,BRA,3.0,GUIMARAES G,3 - 9,149,BRA,2:29
5m shot - Saved,11.0,2,9,3,BRA,3.0,GUIMARAES G,3 - 9,124,BRA,2:04
Action shot - Blocked,12.0,2,9,3,BRA,3.0,FREITAS R,3 - 9,96,BRA,1:36
Time-Out,,2,9,3,BRA,3.0,,3 - 9,96,MNE,1:36
Centre shot - Goal,5.0,2,10,3,BRA,3.0,BRGULJAN D,3 - 10,81,MNE,1:21
Action shot - Goal,10.0,2,10,4,BRA,3.0,CARRULO H,4 - 10,58,BRA,0:58
5m shot - Goal,5.0,2,11,4,BRA,3.0,BRGULJAN D,4 - 11,33,MNE,0:33
Turnover foul,4.0,2,11,4,BRA,3.0,COUTINHO G,4 - 11,12,BRA,0:12
Steal,1.0,2,11,4,BRA,3.0,LAZOVIC D,4 - 11,12,MNE,0:12
5m shot - Saved,8.0,2,11,4,BRA,3.0,UKROPINA A,4 - 11,1,MNE,0:01
Starting goalkeeper,1.0,2,11,4,BRA,4.0,SORO S,4 - 11,480,BRA,8:00
Starting goalkeeper,1.0,2,11,4,BRA,4.0,LAZOVIC D,4 - 11,480,MNE,8:00
Sprint won possession,2.0,2,11,4,BRA,4.0,BRGULJAN D,4 - 11,480,MNE,8:00
Turnover foul,7.0,2,11,4,BRA,4.0,DRASKOVIC D,4 - 11,451,MNE,7:31
Steal,5.0,2,11,4,BRA,4.0,SILVA L,4 - 11,451,BRA,7:31
5m shot - Post,4.0,2,11,4,BRA,4.0,COUTINHO G,4 - 11,422,BRA,7:02
Centre shot - Goal,7.0,2,12,4,BRA,4.0,DRASKOVIC D,4 - 12,393,MNE,6:33
5m shot - Saved,11.0,2,12,4,BRA,4.0,GUIMARAES G,4 - 12,367,BRA,6:07
Action shot - Missed,12.0,2,12,4,BRA,4.0,MURISIC N,4 - 12,341,MNE,5:41
Turnover foul,11.0,2,12,4,BRA,4.0,GUIMARAES G,4 - 12,314,BRA,5:14
Steal,1.0,2,12,4,BRA,4.0,LAZOVIC D,4 - 12,314,MNE,5:14
Action shot - Post,3.0,2,12,4,BRA,4.0,BANICEVIC B,4 - 12,297,MNE,4:57
Turnover foul,9.0,2,12,4,BRA,4.0,ROCHA B,4 - 12,261,BRA,4:21
Steal,7.0,2,12,4,BRA,4.0,DRASKOVIC D,4 - 12,261,MNE,4:21
20 sec. exclusion in centre,4.0,2,12,4,BRA,4.0,COUTINHO G,4 - 12,244,BRA,4:04
Time-Out,,2,12,4,BRA,4.0,,4 - 12,244,MNE,4:04
Extra player shot - Missed,5.0,2,12,4,BRA,4.0,BRGULJAN D,4 - 12,217,MNE,3:37
5m shot - Post,4.0,2,12,4,BRA,4.0,COUTINHO G,4 - 12,197,BRA,3:17
Penalty foul,4.0,2,12,4,BRA,4.0,COUTINHO G,4 - 12,182,BRA,3:02
Exclusion with substitution,4.0,2,12,4,BRA,4.0,COUTINHO G,4 - 12,182,BRA,3:02
Penalty shot - Goal,6.0,2,13,4,BRA,4.0,RADOVIC A,4 - 13,182,MNE,3:02
5m shot - Goal,3.0,2,13,5,BRA,4.0,ALMEIDA G,5 - 13,154,BRA,2:34
Turnover foul,10.0,2,13,5,BRA,4.0,MISIC S,5 - 13,134,MNE,2:14
Goalkeeper substitution,13.0,2,13,5,BRA,4.0,SILVA L,5 - 13,133,BRA,2:13
Turnover foul,8.0,2,13,5,BRA,4.0,STELLET M,5 - 13,104,BRA,1:44
Action shot - Missed,3.0,2,13,5,BRA,4.0,ALMEIDA G,5 - 13,53,BRA,0:53
Action shot - Saved,4.0,2,13,5,BRA,4.0,PETKOVIC M,5 - 13,37,MNE,0:37
5m shot - Saved,3.0,2,13,5,BRA,4.0,ALMEIDA G,5 - 13,9,BRA,0:09
5m shot - Missed,5.0,2,13,5,BRA,4.0,BRGULJAN D,5 - 13,1,MNE,0:01
Starting goalkeeper,1.0,3,0,0,KAZ,1.0,LAZOVIC D,0 - 0,480,MNE,8:00
Starting goalkeeper,13.0,3,0,0,KAZ,1.0,SHLEMOV V,0 - 0,480,KAZ,8:00
Sprint won possession,2.0,3,0,0,KAZ,1.0,MEDVEDEV Y,0 - 0,480,KAZ,8:00
5m shot - Missed,7.0,3,0,0,KAZ,1.0,SHAKENOV M,0 - 0,454,KAZ,7:34
Centre shot - Saved,12.0,3,0,0,KAZ,1.0,MURISIC N,0 - 0,432,MNE,7:12
5m shot - Saved,6.0,3,0,0,KAZ,1.0,SHMIDER A,0 - 0,406,KAZ,6:46
Centre shot - Saved,11.0,3,0,0,KAZ,1.0,MANAFOV R,0 - 0,384,KAZ,6:24
Turnover foul,11.0,3,0,0,KAZ,1.0,MANAFOV R,0 - 0,368,KAZ,6:08
5m shot - Blocked,9.0,3,0,0,KAZ,1.0,RADOVIC D,0 - 0,347,MNE,5:47
Turnover foul,10.0,3,0,0,KAZ,1.0,RUDAY M,0 - 0,316,KAZ,5:16
Steal,1.0,3,0,0,KAZ,1.0,LAZOVIC D,0 - 0,293,MNE,4:53
5m shot - Goal,4.0,3,1,0,KAZ,1.0,PETKOVIC M,1 - 0,293,MNE,4:53
5m shot - Missed,6.0,3,1,0,KAZ,1.0,SHMIDER A,1 - 0,263,KAZ,4:23
20 sec. exclusion in field,2.0,3,1,0,KAZ,1.0,MEDVEDEV Y,1 - 0,244,KAZ,4:04
Action shot - Saved,9.0,3,1,0,KAZ,1.0,RADOVIC D,1 - 0,222,MNE,3:42
Turnover foul,10.0,3,1,0,KAZ,1.0,MISIC S,1 - 0,197,MNE,3:17
Steal,13.0,3,1,0,KAZ,1.0,SHLEMOV V,1 - 0,197,KAZ,3:17
Turnover foul,6.0,3,1,0,KAZ,1.0,SHMIDER A,1 - 0,169,KAZ,2:49
Steal,6.0,3,1,0,KAZ,1.0,RADOVIC A,1 - 0,169,MNE,2:49
Centre shot - Goal,10.0,3,2,0,KAZ,1.0,MISIC S,2 - 0,142,MNE,2:22
Turnover foul,11.0,3,2,0,KAZ,1.0,MANAFOV R,2 - 0,115,KAZ,1:55
Steal,3.0,3,2,0,KAZ,1.0,BANICEVIC B,2 - 0,115,MNE,1:55
Centre shot - Saved,5.0,3,2,0,KAZ,1.0,BRGULJAN D,2 - 0,96,MNE,1:36
Turnover foul,6.0,3,2,0,KAZ,1.0,RADOVIC A,2 - 0,78,MNE,1:18
Steal,13.0,3,2,0,KAZ,1.0,SHLEMOV V,2 - 0,78,KAZ,1:18
Time-Out,,3,2,0,KAZ,1.0,,2 - 0,78,KAZ,1:18
Turnover foul,6.0,3,2,0,KAZ,1.0,SHMIDER A,2 - 0,52,KAZ,0:52
Turnover foul,6.0,3,2,0,KAZ,1.0,RADOVIC A,2 - 0,37,MNE,0:37
Steal,6.0,3,2,0,KAZ,1.0,SHMIDER A,2 - 0,37,KAZ,0:37
Action shot - Post,6.0,3,2,0,KAZ,1.0,SHMIDER A,2 - 0,11,KAZ,0:11
Time-Out,,3,2,0,KAZ,1.0,,2 - 0,9,MNE,0:09
Centre shot - Post,10.0,3,2,0,KAZ,1.0,MISIC S,2 - 0,2,MNE,0:02
Starting goalkeeper,1.0,3,2,0,KAZ,2.0,LAZOVIC D,2 - 0,480,MNE,8:00
Starting goalkeeper,13.0,3,2,0,KAZ,2.0,SHLEMOV V,2 - 0,480,KAZ,8:00
Sprint won possession,8.0,3,2,0,KAZ,2.0,UKROPINA A,2 - 0,480,MNE,8:00
Turnover foul,12.0,3,2,0,KAZ,2.0,MURISIC N,2 - 0,446,MNE,7:26
Turnover foul,7.0,3,2,0,KAZ,2.0,SHAKENOV M,2 - 0,421,KAZ,7:01
Steal,7.0,3,2,0,KAZ,2.0,DRASKOVIC D,2 - 0,421,MNE,7:01
5m shot - Goal,11.0,3,3,0,KAZ,2.0,CUCKOVIC U,3 - 0,396,MNE,6:36
5m shot - Post,9.0,3,3,0,KAZ,2.0,UKUMANOV R,3 - 0,368,KAZ,6:08
Centre shot - Goal,12.0,3,4,0,KAZ,2.0,MURISIC N,4 - 0,345,MNE,5:45
5m shot - Missed,7.0,3,4,0,KAZ,2.0,SHAKENOV M,4 - 0,329,KAZ,5:29
Turnover foul,9.0,3,4,0,KAZ,2.0,RADOVIC D,4 - 0,329,MNE,5:29
20 sec. exclusion in centre,3.0,3,4,0,KAZ,2.0,BANICEVIC B,4 - 0,320,MNE,5:20
Centre shot - Saved,10.0,3,4,0,KAZ,2.0,RUDAY M,4 - 0,290,KAZ,4:50
Penalty foul,8.0,3,4,0,KAZ,2.0,UKROPINA A,4 - 0,269,MNE,4:29
Penalty shot - Saved,9.0,3,4,0,KAZ,2.0,UKUMANOV R,4 - 0,269,KAZ,4:29
5m shot - Saved,8.0,3,4,0,KAZ,2.0,UKROPINA A,4 - 0,245,MNE,4:05
20 sec. exclusion in centre,4.0,3,4,0,KAZ,2.0,PETKOVIC M,4 - 0,225,MNE,3:45
Time-Out,,3,4,0,KAZ,2.0,,4 - 0,225,KAZ,3:45
Action shot - Post,11.0,3,4,0,KAZ,2.0,MANAFOV R,4 - 0,198,KAZ,3:18
Counter attack - Goal,6.0,3,5,0,KAZ,2.0,RADOVIC A,5 - 0,183,MNE,3:03
Turnover foul,12.0,3,5,0,KAZ,2.0,TURLYKHANOV B,5 - 0,157,KAZ,2:37
Steal,1.0,3,5,0,KAZ,2.0,LAZOVIC D,5 - 0,157,MNE,2:37
Turnover foul,2.0,3,5,0,KAZ,2.0,BRGULJAN D,5 - 0,141,MNE,2:21
Steal,12.0,3,5,0,KAZ,2.0,TURLYKHANOV B,5 - 0,141,KAZ,2:21
5m shot - Saved,12.0,3,5,0,KAZ,2.0,TURLYKHANOV B,5 - 0,111,KAZ,1:51
Time-Out,,3,5,0,KAZ,2.0,,5 - 0,109,MNE,1:49
Centre shot - Saved,12.0,3,5,0,KAZ,2.0,MURISIC N,5 - 0,85,MNE,1:25
20 sec. exclusion in centre,6.0,3,5,0,KAZ,2.0,SHMIDER A,5 - 0,28,KAZ,0:28
Extra player shot - Goal,5.0,3,6,0,KAZ,2.0,BRGULJAN D,6 - 0,11,MNE,0:11
5m shot - Blocked,9.0,3,6,0,KAZ,2.0,UKUMANOV R,6 - 0,1,KAZ,0:01
Starting goalkeeper,1.0,3,6,0,KAZ,3.0,LAZOVIC D,6 - 0,480,MNE,8:00
Starting goalkeeper,13.0,3,6,0,KAZ,3.0,SHLEMOV V,6 - 0,480,KAZ,8:00
Sprint won possession,8.0,3,6,0,KAZ,3.0,UKROPINA A,6 - 0,480,MNE,8:00
5m shot - Saved,5.0,3,6,0,KAZ,3.0,BRGULJAN D,6 - 0,455,MNE,7:35
20 sec. exclusion in centre,4.0,3,6,0,KAZ,3.0,PILIPENKO R,6 - 0,441,KAZ,7:21
Action shot - Goal,9.0,3,7,0,KAZ,3.0,RADOVIC D,7 - 0,419,MNE,6:59
20 sec. exclusion in centre,3.0,3,7,0,KAZ,3.0,BANICEVIC B,7 - 0,405,MNE,6:45
Action shot - Goal,6.0,3,7,1,KAZ,3.0,SHMIDER A,7 - 1,382,KAZ,6:22
Turnover foul,9.0,3,7,1,KAZ,3.0,RADOVIC D,7 - 1,348,MNE,5:48
Steal,7.0,3,7,1,KAZ,3.0,SHAKENOV M,7 - 1,348,KAZ,5:48
Turnover foul,9.0,3,7,1,KAZ,3.0,RADOVIC D,7 - 1,293,MNE,4:53
Steal,2.0,3,7,1,KAZ,3.0,MEDVEDEV Y,7 - 1,293,KAZ,4:53
Action shot - Missed,9.0,3,7,1,KAZ,3.0,UKUMANOV R,7 - 1,277,KAZ,4:37
Centre shot - Goal,9.0,3,7,2,KAZ,3.0,UKUMANOV R,7 - 2,271,KAZ,4:31
5m shot - Saved,7.0,3,7,2,KAZ,3.0,DRASKOVIC D,7 - 2,241,MNE,4:01
20 sec. exclusion in centre,11.0,3,7,2,KAZ,3.0,MANAFOV R,7 - 2,223,KAZ,3:43
Extra player shot - Goal,11.0,3,8,2,KAZ,3.0,CUCKOVIC U,8 - 2,207,MNE,3:27
Turnover foul,9.0,3,8,2,KAZ,3.0,UKUMANOV R,8 - 2,176,KAZ,2:56
Steal,11.0,3,8,2,KAZ,3.0,CUCKOVIC U,8 - 2,176,MNE,2:56
Action shot - Post,4.0,3,8,2,KAZ,3.0,PETKOVIC M,8 - 2,159,MNE,2:39
Time-Out,,3,8,2,KAZ,3.0,,8 - 2,159,KAZ,2:39
Centre shot - Saved,9.0,3,8,2,KAZ,3.0,UKUMANOV R,8 - 2,132,KAZ,2:12
20 sec. exclusion in field,7.0,3,8,2,KAZ,3.0,DRASKOVIC D,8 - 2,114,MNE,1:54
Extra player shot - Saved,8.0,3,8,2,KAZ,3.0,VERDESH Y,8 - 2,94,KAZ,1:34
Action shot - Saved,2.0,3,8,2,KAZ,3.0,BRGULJAN D,8 - 2,74,MNE,1:14
20 sec. exclusion in centre,12.0,3,8,2,KAZ,3.0,TURLYKHANOV B,8 - 2,66,KAZ,1:06
Time-Out,,3,8,2,KAZ,3.0,,8 - 2,66,MNE,1:06
Action shot - Missed,6.0,3,8,2,KAZ,3.0,RADOVIC A,8 - 2,42,MNE,0:42
Counter attack - Goal,6.0,3,9,2,KAZ,3.0,RADOVIC A,9 - 2,5,MNE,0:05
Starting goalkeeper,13.0,3,9,2,KAZ,4.0,SCEPANOVIC M,9 - 2,480,MNE,8:00
Starting goalkeeper,13.0,3,9,2,KAZ,4.0,SHLEMOV V,9 - 2,480,KAZ,8:00
Sprint won possession,2.0,3,9,2,KAZ,4.0,BRGULJAN D,9 - 2,480,MNE,8:00
Turnover foul,12.0,3,9,2,KAZ,4.0,MURISIC N,9 - 2,463,MNE,7:43
20 sec. exclusion in centre,8.0,3,9,2,KAZ,4.0,UKROPINA A,9 - 2,453,MNE,7:33
Extra player shot - Blocked,7.0,3,9,2,KAZ,4.0,SHAKENOV M,9 - 2,436,KAZ,7:16
Penalty foul,2.0,3,9,2,KAZ,4.0,MEDVEDEV Y,9 - 2,423,KAZ,7:03
Penalty shot - Post,8.0,3,9,2,KAZ,4.0,UKROPINA A,9 - 2,423,MNE,7:03
Centre shot - Saved,10.0,3,9,2,KAZ,4.0,RUDAY M,9 - 2,403,KAZ,6:43
5m shot - Saved,7.0,3,9,2,KAZ,4.0,DRASKOVIC D,9 - 2,377,MNE,6:17
Centre shot - Goal,10.0,3,9,3,KAZ,4.0,RUDAY M,9 - 3,355,KAZ,5:55
Turnover foul,10.0,3,9,3,KAZ,4.0,MISIC S,9 - 3,325,MNE,5:25
Steal,13.0,3,9,3,KAZ,4.0,SHLEMOV V,9 - 3,325,KAZ,5:25
5m shot - Post,2.0,3,9,3,KAZ,4.0,MEDVEDEV Y,9 - 3,301,KAZ,5:01
Centre shot - Post,10.0,3,9,3,KAZ,4.0,MISIC S,9 - 3,276,MNE,4:36
5m shot - Goal,11.0,3,10,3,KAZ,4.0,CUCKOVIC U,10 - 3,221,MNE,3:41
Turnover foul,10.0,3,10,3,KAZ,4.0,RUDAY M,10 - 3,200,KAZ,3:20
Steal,11.0,3,10,3,KAZ,4.0,CUCKOVIC U,10 - 3,200,MNE,3:20
5m shot - Goal,11.0,3,11,3,KAZ,4.0,CUCKOVIC U,11 - 3,178,MNE,2:58
5m shot - Goal,9.0,3,11,4,KAZ,4.0,UKUMANOV R,11 - 4,154,KAZ,2:34
20 sec. exclusion in centre,5.0,3,11,4,KAZ,4.0,ALTAYEV A,11 - 4,131,KAZ,2:11
Extra player shot - Goal,2.0,3,12,4,KAZ,4.0,BRGULJAN D,12 - 4,125,MNE,2:05
Turnover foul,9.0,3,12,4,KAZ,4.0,UKUMANOV R,12 - 4,94,KAZ,1:34
Steal,9.0,3,12,4,KAZ,4.0,RADOVIC D,12 - 4,94,MNE,1:34
Turnover foul,7.0,3,12,4,KAZ,4.0,DRASKOVIC D,12 - 4,83,MNE,1:23
Steal,13.0,3,12,4,KAZ,4.0,SHLEMOV V,12 - 4,83,KAZ,1:23
Centre shot - Goal,8.0,3,12,5,KAZ,4.0,VERDESH Y,12 - 5,61,KAZ,1:01
5m shot - Saved,3.0,3,12,5,KAZ,4.0,BANICEVIC B,12 - 5,32,MNE,0:32
Turnover foul,9.0,3,12,5,KAZ,4.0,UKUMANOV R,12 - 5,13,KAZ,0:13
Steal,12.0,3,12,5,KAZ,4.0,MURISIC N,12 - 5,13,MNE,0:13
Counter attack - Goal,8.0,3,13,5,KAZ,4.0,UKROPINA A,13 - 5,1,MNE,0:01
Starting goalkeeper,1.0,4,0,0,GRE,1.0,LAZOVIC D,0 - 0,480,MNE,8:00
Starting goalkeeper,1.0,4,0,0,GRE,1.0,FLEGKAS K,0 - 0,480,GRE,8:00
Sprint won possession,2.0,4,0,0,GRE,1.0,GENIDOUNIAS K,0 - 0,480,GRE,8:00
Turnover foul,10.0,4,0,0,GRE,1.0,KOLOMVOS C,0 - 0,460,GRE,7:40
Penalty foul,3.0,4,0,0,GRE,1.0,DELAKAS E,0 - 0,437,GRE,7:17
Penalty shot - Saved,7.0,4,0,0,GRE,1.0,DRASKOVIC D,0 - 0,437,MNE,7:17
Action shot - Blocked,3.0,4,0,0,GRE,1.0,DELAKAS E,0 - 0,407,GRE,6:47
5m shot - Saved,2.0,4,0,0,GRE,1.0,BRGULJAN D,0 - 0,380,MNE,6:20
Action shot - Blocked,4.0,4,0,0,GRE,1.0,PETKOVIC M,0 - 0,352,MNE,5:52
Turnover foul,11.0,4,0,0,GRE,1.0,CUCKOVIC U,0 - 0,324,MNE,5:24
5m shot - Saved,3.0,4,0,0,GRE,1.0,DELAKAS E,0 - 0,289,GRE,4:49
20 sec. exclusion in centre,11.0,4,0,0,GRE,1.0,CUCKOVIC U,0 - 0,273,MNE,4:33
Extra player shot - Goal,11.0,4,0,1,GRE,1.0,GOUNAS A,0 - 1,260,GRE,4:20
Action shot - Saved,2.0,4,0,1,GRE,1.0,BRGULJAN D,0 - 1,184,MNE,3:04
Centre shot - Saved,11.0,4,0,1,GRE,1.0,GOUNAS A,0 - 1,167,GRE,2:47
Action shot - Saved,5.0,4,0,1,GRE,1.0,BRGULJAN D,0 - 1,145,MNE,2:25
20 sec. exclusion in field,6.0,4,0,1,GRE,1.0,RADOVIC A,0 - 1,140,MNE,2:20
Time-Out,,4,0,1,GRE,1.0,,0 - 1,140,GRE,2:20
Extra player shot - Saved,11.0,4,0,1,GRE,1.0,GOUNAS A,0 - 1,122,GRE,2:02
Action shot - Blocked,12.0,4,0,1,GRE,1.0,VLACHOPOULOS A,0 - 1,96,GRE,1:36
20 sec. exclusion in centre,10.0,4,0,1,GRE,1.0,KOLOMVOS C,0 - 1,70,GRE,1:10
Time-Out,,4,0,1,GRE,1.0,,0 - 1,70,MNE,1:10
Extra player shot - Saved,4.0,4,0,1,GRE,1.0,PETKOVIC M,0 - 1,51,MNE,0:51
20 sec. exclusion in centre,7.0,4,0,1,GRE,1.0,DRASKOVIC D,0 - 1,22,MNE,0:22
Extra player shot - Saved,9.0,4,0,1,GRE,1.0,MOURIKIS K,0 - 1,8,GRE,0:08
Starting goalkeeper,1.0,4,0,1,GRE,2.0,LAZOVIC D,0 - 1,480,MNE,8:00
Starting goalkeeper,1.0,4,0,1,GRE,2.0,FLEGKAS K,0 - 1,480,GRE,8:00
Sprint won possession,4.0,4,0,1,GRE,2.0,DERVISIS G,0 - 1,480,GRE,8:00
5m shot - Post,5.0,4,0,1,GRE,2.0,FOUNTOULIS I,0 - 1,459,GRE,7:39
Centre shot - Saved,10.0,4,0,1,GRE,2.0,MISIC S,0 - 1,430,MNE,7:10
5m shot - Goal,12.0,4,0,2,GRE,2.0,VLACHOPOULOS A,0 - 2,403,GRE,6:43
Turnover foul,8.0,4,0,2,GRE,2.0,UKROPINA A,0 - 2,376,MNE,6:16
Steal,10.0,4,0,2,GRE,2.0,KOLOMVOS C,0 - 2,376,GRE,6:16
Action shot - Goal,4.0,4,0,3,GRE,2.0,DERVISIS G,0 - 3,349,GRE,5:49
Action shot - Blocked,5.0,4,0,3,GRE,2.0,BRGULJAN D,0 - 3,330,MNE,5:30
20 sec. exclusion in centre,11.0,4,0,3,GRE,2.0,CUCKOVIC U,0 - 3,310,MNE,5:10
Action shot - Goal,10.0,4,0,4,GRE,2.0,KOLOMVOS C,0 - 4,288,GRE,4:48
Time-Out,,4,0,4,GRE,2.0,,0 - 4,288,MNE,4:48
20 sec. exclusion in centre,7.0,4,0,4,GRE,2.0,PONTIKEAS K,0 - 4,276,GRE,4:36
Extra player shot - Goal,10.0,4,1,4,GRE,2.0,MISIC S,1 - 4,258,MNE,4:18
20 sec. exclusion in centre,3.0,4,1,4,GRE,2.0,BANICEVIC B,1 - 4,239,MNE,3:59
Centre shot - Goal,9.0,4,1,5,GRE,2.0,MOURIKIS K,1 - 5,217,GRE,3:37
20 sec. exclusion in field,12.0,4,1,5,GRE,2.0,VLACHOPOULOS A,1 - 5,203,GRE,3:23
5m shot - Blocked,6.0,4,1,5,GRE,2.0,RADOVIC A,1 - 5,179,MNE,2:59
20 sec. exclusion in centre,8.0,4,1,5,GRE,2.0,UKROPINA A,1 - 5,169,MNE,2:49
Extra player shot - Goal,5.0,4,1,6,GRE,2.0,FOUNTOULIS I,1 - 6,152,GRE,2:32
Turnover foul,12.0,4,1,6,GRE,2.0,MURISIC N,1 - 6,127,MNE,2:07
Steal,5.0,4,1,6,GRE,2.0,FOUNTOULIS I,1 - 6,127,GRE,2:07
Turnover foul,9.0,4,1,6,GRE,2.0,MOURIKIS K,1 - 6,106,GRE,1:46
5m shot - Goal,6.0,4,2,6,GRE,2.0,RADOVIC A,2 - 6,93,MNE,1:33
5m shot - Blocked,2.0,4,2,6,GRE,2.0,GENIDOUNIAS K,2 - 6,72,GRE,1:12
Action shot - Saved,5.0,4,2,6,GRE,2.0,BRGULJAN D,2 - 6,55,MNE,0:55
Time-Out,,4,2,6,GRE,2.0,,2 - 6,52,GRE,0:52
Turnover foul,5.0,4,2,6,GRE,2.0,FOUNTOULIS I,2 - 6,32,GRE,0:32
Turnover foul,2.0,4,2,6,GRE,2.0,BRGULJAN D,2 - 6,30,MNE,0:30
Turnover foul,2.0,4,2,6,GRE,2.0,GENIDOUNIAS K,2 - 6,3,GRE,0:03
Steal,7.0,4,2,6,GRE,2.0,DRASKOVIC D,2 - 6,3,MNE,0:03
Starting goalkeeper,1.0,4,2,6,GRE,3.0,LAZOVIC D,2 - 6,480,MNE,8:00
Starting goalkeeper,1.0,4,2,6,GRE,3.0,FLEGKAS K,2 - 6,480,GRE,8:00
Sprint won possession,2.0,4,2,6,GRE,3.0,GENIDOUNIAS K,2 - 6,480,GRE,8:00
Turnover foul,10.0,4,2,6,GRE,3.0,KOLOMVOS C,2 - 6,460,GRE,7:40
Extra player shot - Saved,5.0,4,2,6,GRE,4.0,BRGULJAN D,2 - 6,32,MNE,0:32
Turnover foul,8.0,4,2,6,GRE,3.0,UKROPINA A,2 - 6,437,MNE,7:17
5m shot - Post,11.0,4,2,6,GRE,3.0,GOUNAS A,2 - 6,411,GRE,6:51
5m shot - Saved,11.0,4,2,6,GRE,3.0,CUCKOVIC U,2 - 6,383,MNE,6:23
Action shot - Goal,5.0,4,2,7,GRE,3.0,FOUNTOULIS I,2 - 7,363,GRE,6:03
20 sec. exclusion in centre,3.0,4,2,7,GRE,3.0,DELAKAS E,2 - 7,344,GRE,5:44
Action shot - Missed,2.0,4,2,7,GRE,3.0,BRGULJAN D,2 - 7,319,MNE,5:19
5m shot - Saved,11.0,4,2,7,GRE,3.0,GOUNAS A,2 - 7,291,GRE,4:51
Action shot - Goal,11.0,4,2,8,GRE,3.0,GOUNAS A,2 - 8,267,GRE,4:27
Goalkeeper substitution,13.0,4,2,8,GRE,3.0,SCEPANOVIC M,2 - 8,267,MNE,4:27
Exclusion with substitution,3.0,4,2,8,GRE,3.0,BANICEVIC B,2 - 8,267,MNE,4:27
Exclusion with substitution,9.0,4,2,8,GRE,3.0,MOURIKIS K,2 - 8,267,GRE,4:27
5m shot - Saved,2.0,4,2,8,GRE,3.0,BRGULJAN D,2 - 8,240,MNE,4:00
5m shot - Saved,5.0,4,2,8,GRE,3.0,FOUNTOULIS I,2 - 8,212,GRE,3:32
Penalty foul,11.0,4,2,8,GRE,3.0,CUCKOVIC U,2 - 8,188,MNE,3:08
Exclusion with substitution,11.0,4,2,8,GRE,3.0,CUCKOVIC U,2 - 8,188,MNE,3:08
Penalty shot - Goal,5.0,4,2,9,GRE,3.0,FOUNTOULIS I,2 - 9,188,GRE,3:08
Centre shot - Saved,10.0,4,2,9,GRE,3.0,MISIC S,2 - 9,165,MNE,2:45
5m shot - Post,5.0,4,2,9,GRE,3.0,FOUNTOULIS I,2 - 9,141,GRE,2:21
Time-Out,,4,2,9,GRE,3.0,,2 - 9,137,MNE,2:17
Action shot - Saved,5.0,4,2,9,GRE,3.0,BRGULJAN D,2 - 9,116,MNE,1:56
Time-Out,,4,2,9,GRE,3.0,,2 - 9,114,GRE,1:54
5m shot - Missed,11.0,4,2,9,GRE,3.0,GOUNAS A,2 - 9,94,GRE,1:34
20 sec. exclusion in centre,2.0,4,2,9,GRE,3.0,GENIDOUNIAS K,2 - 9,74,GRE,1:14
Extra player shot - Blocked,9.0,4,2,9,GRE,3.0,RADOVIC D,2 - 9,56,MNE,0:56
20 sec. exclusion in field,9.0,4,2,9,GRE,3.0,RADOVIC D,2 - 9,31,MNE,0:31
Extra player shot - Goal,5.0,4,2,10,GRE,3.0,FOUNTOULIS I,2 - 10,14,GRE,0:14
Yellow card,,4,2,10,GRE,3.0,Team Official,2 - 10,14,MNE,0:14
5m shot - Goal,2.0,4,3,10,GRE,3.0,BRGULJAN D,3 - 10,3,MNE,0:03
5m shot - Saved,12.0,4,3,10,GRE,3.0,VLACHOPOULOS A,3 - 10,1,GRE,0:01
Starting goalkeeper,13.0,4,3,10,GRE,4.0,SCEPANOVIC M,3 - 10,480,MNE,8:00
Starting goalkeeper,1.0,4,3,10,GRE,4.0,FLEGKAS K,3 - 10,480,GRE,8:00
Sprint won possession,8.0,4,3,10,GRE,4.0,UKROPINA A,3 - 10,480,MNE,8:00
Action shot - Post,4.0,4,3,10,GRE,4.0,PETKOVIC M,3 - 10,456,MNE,7:36
20 sec. exclusion in centre,7.0,4,3,10,GRE,4.0,PONTIKEAS K,3 - 10,410,GRE,6:50
Turnover foul,12.0,4,3,10,GRE,4.0,MURISIC N,3 - 10,404,MNE,6:44
Steal,4.0,4,3,10,GRE,4.0,DERVISIS G,3 - 10,404,GRE,6:44
Turnover foul,6.0,4,3,10,GRE,4.0,RADOVIC A,3 - 10,364,MNE,6:04
Steal,4.0,4,3,10,GRE,4.0,DERVISIS G,3 - 10,364,GRE,6:04
5m shot - Saved,3.0,4,3,10,GRE,4.0,DELAKAS E,3 - 10,337,GRE,5:37
Centre shot - Goal,12.0,4,4,10,GRE,4.0,MURISIC N,4 - 10,315,MNE,5:15
Turnover foul,10.0,4,4,10,GRE,4.0,KOLOMVOS C,4 - 10,291,GRE,4:51
20 sec. exclusion in field,12.0,4,4,10,GRE,4.0,VLACHOPOULOS A,4 - 10,291,GRE,4:51
Turnover foul,5.0,4,4,10,GRE,4.0,BRGULJAN D,4 - 10,269,MNE,4:29
Steal,6.0,4,4,10,GRE,4.0,KAPOTSIS M,4 - 10,269,GRE,4:29
Time-Out,,4,4,10,GRE,4.0,,4 - 10,239,MNE,3:59
Penalty foul,3.0,4,4,10,GRE,4.0,DELAKAS E,4 - 10,227,GRE,3:47
Exclusion with substitution,3.0,4,4,10,GRE,4.0,DELAKAS E,4 - 10,227,GRE,3:47
Penalty shot - Goal,6.0,4,5,10,GRE,4.0,RADOVIC A,5 - 10,227,MNE,3:47
Turnover foul,8.0,4,5,10,GRE,4.0,ARGYROPOULOS KANAK,5 - 10,196,GRE,3:16
Steal,2.0,4,5,10,GRE,4.0,BRGULJAN D,5 - 10,196,MNE,3:16
Turnover foul,2.0,4,5,10,GRE,4.0,BRGULJAN D,5 - 10,189,MNE,3:09
Steal,1.0,4,5,10,GRE,4.0,FLEGKAS K,5 - 10,189,GRE,3:09
Counter attack - Goal,8.0,4,5,11,GRE,4.0,ARGYROPOULOS KANAK,5 - 11,184,GRE,3:04
20 sec. exclusion in centre,4.0,4,5,11,GRE,4.0,DERVISIS G,5 - 11,172,GRE,2:52
Extra player shot - Goal,4.0,4,6,11,GRE,4.0,PETKOVIC M,6 - 11,159,MNE,2:39
20 sec. exclusion in field,9.0,4,6,11,GRE,4.0,RADOVIC D,6 - 11,131,MNE,2:11
Time-Out,,4,6,11,GRE,4.0,,6 - 11,129,GRE,2:09
Action shot - Goal,2.0,4,6,12,GRE,4.0,GENIDOUNIAS K,6 - 12,106,GRE,1:46
Penalty foul,4.0,4,6,12,GRE,4.0,DERVISIS G,6 - 12,84,GRE,1:24
Penalty shot - Goal,5.0,4,7,12,GRE,4.0,BRGULJAN D,7 - 12,84,MNE,1:24
20 sec. exclusion in field,2.0,4,7,12,GRE,4.0,GENIDOUNIAS K,7 - 12,54,GRE,0:54
20 sec. exclusion in field,2.0,4,7,12,GRE,4.0,BRGULJAN D,7 - 12,10,MNE,0:10
Starting goalkeeper,13.0,5,0,0,RUS,1.0,SCEPANOVIC M,0 - 0,480,MNE,8:00
Starting goalkeeper,13.0,5,0,0,RUS,1.0,STATSENKO V,0 - 0,480,RUS,8:00
Sprint won possession,12.0,5,0,0,RUS,1.0,SHEPELEV R,0 - 0,480,RUS,8:00
Centre shot - Post,11.0,5,0,0,RUS,1.0,LISUNOV S,0 - 0,454,RUS,7:34
Centre shot - Post,7.0,5,0,0,RUS,1.0,DRASKOVIC D,0 - 0,440,MNE,7:20
Turnover foul,10.0,5,0,0,RUS,1.0,KHOLOD D,0 - 0,411,RUS,6:51
Steal,4.0,5,0,0,RUS,1.0,PETKOVIC M,0 - 0,411,MNE,6:51
20 sec. exclusion in centre,3.0,5,0,0,RUS,1.0,VASILYEV E,0 - 0,394,RUS,6:34
Turnover foul,10.0,5,0,0,RUS,1.0,MISIC S,0 - 0,358,MNE,5:58
Action shot - Goal,12.0,5,0,1,RUS,1.0,SHEPELEV R,0 - 1,352,RUS,5:52
Centre shot - Missed,12.0,5,0,1,RUS,1.0,MURISIC N,0 - 1,335,MNE,5:35
Turnover foul,10.0,5,0,1,RUS,1.0,KHOLOD D,0 - 1,302,RUS,5:02
Steal,2.0,5,0,1,RUS,1.0,BRGULJAN D,0 - 1,302,MNE,5:02
5m shot - Saved,2.0,5,0,1,RUS,1.0,BRGULJAN D,0 - 1,276,MNE,4:36
Action shot - Saved,4.0,5,0,1,RUS,1.0,PETKOVIC M,0 - 1,257,MNE,4:17
5m shot - Blocked,9.0,5,0,1,RUS,1.0,SUCHKOV I,0 - 1,229,RUS,3:49
Counter attack - Goal,3.0,5,1,1,RUS,1.0,BANICEVIC B,1 - 1,214,MNE,3:34
5m shot - Saved,6.0,5,1,1,RUS,1.0,RADOVIC A,1 - 1,160,MNE,2:40
Action shot - Saved,2.0,5,1,1,RUS,1.0,LAZAREV N,1 - 1,132,RUS,2:12
Action shot - Post,8.0,5,1,1,RUS,1.0,UKROPINA A,1 - 1,109,MNE,1:49
Centre shot - Missed,11.0,5,1,1,RUS,1.0,LISUNOV S,1 - 1,88,RUS,1:28
Time-Out,,5,1,1,RUS,1.0,,1 - 1,80,MNE,1:20
5m shot - Post,5.0,5,1,1,RUS,1.0,BRGULJAN D,1 - 1,55,MNE,0:55
20 sec. exclusion in centre,8.0,5,1,1,RUS,1.0,UKROPINA A,1 - 1,38,MNE,0:38
Time-Out,,5,1,1,RUS,1.0,,1 - 1,38,RUS,0:38
5m shot - Post,8.0,5,1,1,RUS,1.0,NAGAEV I,1 - 1,9,RUS,0:09
Turnover foul,5.0,5,1,1,RUS,1.0,BUGAYCHUK A,1 - 1,5,RUS,0:05
Steal,2.0,5,1,1,RUS,1.0,BRGULJAN D,1 - 1,5,MNE,0:05
5m shot - Saved,2.0,5,1,1,RUS,1.0,BRGULJAN D,1 - 1,1,MNE,0:01
Starting goalkeeper,13.0,5,1,1,RUS,2.0,SCEPANOVIC M,1 - 1,480,MNE,8:00
Starting goalkeeper,13.0,5,1,1,RUS,2.0,STATSENKO V,1 - 1,480,RUS,8:00
Sprint won possession,10.0,5,1,1,RUS,2.0,KHOLOD D,1 - 1,480,RUS,8:00
Turnover foul,8.0,5,1,1,RUS,2.0,NAGAEV I,1 - 1,451,RUS,7:31
Steal,7.0,5,1,1,RUS,2.0,DRASKOVIC D,1 - 1,451,MNE,7:31
5m shot - Saved,2.0,5,1,1,RUS,2.0,BRGULJAN D,1 - 1,422,MNE,7:02
20 sec. exclusion in centre,10.0,5,1,1,RUS,2.0,KHOLOD D,1 - 1,411,RUS,6:51
Extra player shot - Goal,2.0,5,2,1,RUS,2.0,BRGULJAN D,2 - 1,403,MNE,6:43
20 sec. exclusion in centre,11.0,5,2,1,RUS,2.0,CUCKOVIC U,2 - 1,379,MNE,6:19
Extra player shot - Goal,11.0,5,2,2,RUS,2.0,LISUNOV S,2 - 2,377,RUS,6:17
Turnover foul,10.0,5,2,2,RUS,2.0,MISIC S,2 - 2,347,MNE,5:47
Steal,13.0,5,2,2,RUS,2.0,STATSENKO V,2 - 2,347,RUS,5:47
5m shot - Blocked,7.0,5,2,2,RUS,2.0,MERKULOV D,2 - 2,325,RUS,5:25
5m shot - Goal,6.0,5,3,2,RUS,2.0,RADOVIC A,3 - 2,305,MNE,5:05
20 sec. exclusion in centre,3.0,5,3,2,RUS,2.0,BANICEVIC B,3 - 2,284,MNE,4:44
Time-Out,,5,3,2,RUS,2.0,,3 - 2,284,RUS,4:44
Extra player shot - Saved,10.0,5,3,2,RUS,2.0,KHOLOD D,3 - 2,263,RUS,4:23
5m shot - Goal,7.0,5,3,3,RUS,2.0,MERKULOV D,3 - 3,257,RUS,4:17
Turnover foul,8.0,5,3,3,RUS,2.0,UKROPINA A,3 - 3,239,MNE,3:59
Steal,9.0,5,3,3,RUS,2.0,SUCHKOV I,3 - 3,239,RUS,3:59
5m shot - Missed,10.0,5,3,3,RUS,2.0,KHOLOD D,3 - 3,215,RUS,3:35
20 sec. exclusion in centre,9.0,5,3,3,RUS,2.0,SUCHKOV I,3 - 3,190,RUS,3:10
Extra player shot - Saved,5.0,5,3,3,RUS,2.0,BRGULJAN D,3 - 3,171,MNE,2:51
Turnover foul,11.0,5,3,3,RUS,2.0,LISUNOV S,3 - 3,140,RUS,2:20
Steal,13.0,5,3,3,RUS,2.0,SCEPANOVIC M,3 - 3,140,MNE,2:20
Time-Out,,5,3,3,RUS,2.0,,3 - 3,140,MNE,2:20
20 sec. exclusion in centre,3.0,5,3,3,RUS,2.0,VASILYEV E,3 - 3,133,RUS,2:13
Extra player shot - Goal,10.0,5,4,3,RUS,2.0,MISIC S,4 - 3,122,MNE,2:02
5m shot - Blocked,2.0,5,4,3,RUS,2.0,LAZAREV N,4 - 3,96,RUS,1:36
5m shot - Saved,6.0,5,4,3,RUS,2.0,RADOVIC A,4 - 3,70,MNE,1:10
20 sec. exclusion in centre,2.0,5,4,3,RUS,2.0,LAZAREV N,4 - 3,49,RUS,0:49
Extra player shot - Goal,2.0,5,5,3,RUS,2.0,BRGULJAN D,5 - 3,30,MNE,0:30
Centre shot - Saved,12.0,5,5,3,RUS,4.0,SHEPELEV R,5 - 3,134,RUS,2:14
Turnover foul,12.0,5,5,3,RUS,4.0,SHEPELEV R,5 - 3,127,RUS,2:07
5m shot - Saved,7.0,5,5,3,RUS,4.0,DRASKOVIC D,5 - 3,106,MNE,1:46
Turnover foul,6.0,5,5,3,RUS,4.0,RADOVIC A,5 - 3,83,MNE,1:23
Steal,2.0,5,5,3,RUS,4.0,LAZAREV N,5 - 3,83,RUS,1:23
20 sec. exclusion in field,6.0,5,5,3,RUS,4.0,RADOVIC A,5 - 3,77,MNE,1:17
20 sec. exclusion in field,7.0,5,5,3,RUS,2.0,DRASKOVIC D,5 - 3,11,MNE,0:11
Extra player shot - Saved,7.0,5,5,3,RUS,2.0,MERKULOV D,5 - 3,1,RUS,0:01
Starting goalkeeper,13.0,5,5,3,RUS,3.0,SCEPANOVIC M,5 - 3,480,MNE,8:00
Starting goalkeeper,13.0,5,5,3,RUS,3.0,STATSENKO V,5 - 3,480,RUS,8:00
Sprint won possession,12.0,5,5,3,RUS,3.0,SHEPELEV R,5 - 3,480,RUS,8:00
5m shot - Goal,8.0,5,5,4,RUS,3.0,NAGAEV I,5 - 4,452,RUS,7:32
Turnover foul,12.0,5,5,4,RUS,3.0,MURISIC N,5 - 4,428,MNE,7:08
Steal,8.0,5,5,4,RUS,3.0,NAGAEV I,5 - 4,428,RUS,7:08
Turnover foul,8.0,5,5,4,RUS,3.0,NAGAEV I,5 - 4,403,RUS,6:43
Steal,11.0,5,5,4,RUS,3.0,CUCKOVIC U,5 - 4,403,MNE,6:43
Turnover foul,2.0,5,5,4,RUS,3.0,BRGULJAN D,5 - 4,384,MNE,6:24
Steal,12.0,5,5,4,RUS,3.0,SHEPELEV R,5 - 4,384,RUS,6:24
Counter attack - Goal,11.0,5,5,5,RUS,3.0,LISUNOV S,5 - 5,377,RUS,6:17
20 sec. exclusion in centre,6.0,5,5,5,RUS,3.0,ASHAEV A,5 - 5,356,RUS,5:56
Extra player shot - Goal,2.0,5,6,5,RUS,3.0,BRGULJAN D,6 - 5,348,MNE,5:48
20 sec. exclusion in centre,3.0,5,6,5,RUS,3.0,BANICEVIC B,6 - 5,321,MNE,5:21
Extra player shot - Goal,4.0,5,6,6,RUS,3.0,DEREVIANKIN N,6 - 6,308,RUS,5:08
Penalty foul,9.0,5,6,6,RUS,3.0,SUCHKOV I,6 - 6,295,RUS,4:55
Penalty shot - Goal,6.0,5,7,6,RUS,3.0,RADOVIC A,7 - 6,295,MNE,4:55
Turnover foul,4.0,5,7,6,RUS,3.0,DEREVIANKIN N,7 - 6,273,RUS,4:33
5m shot - Saved,7.0,5,7,6,RUS,3.0,DRASKOVIC D,7 - 6,256,MNE,4:16
Turnover foul,6.0,5,7,6,RUS,3.0,RADOVIC A,7 - 6,237,MNE,3:57
Turnover foul,10.0,5,7,6,RUS,3.0,KHOLOD D,7 - 6,222,RUS,3:42
Steal,7.0,5,7,6,RUS,3.0,DRASKOVIC D,7 - 6,222,MNE,3:42
20 sec. exclusion in centre,2.0,5,7,6,RUS,3.0,LAZAREV N,7 - 6,207,RUS,3:27
Turnover foul,9.0,5,7,6,RUS,3.0,RADOVIC D,7 - 6,192,MNE,3:12
20 sec. exclusion in field,2.0,5,7,6,RUS,3.0,BRGULJAN D,7 - 6,178,MNE,2:58
Action shot - Goal,10.0,5,7,7,RUS,3.0,KHOLOD D,7 - 7,154,RUS,2:34
5m shot - Blocked,5.0,5,7,7,RUS,3.0,BRGULJAN D,7 - 7,131,MNE,2:11
20 sec. exclusion in centre,4.0,5,7,7,RUS,3.0,PETKOVIC M,7 - 7,120,MNE,2:00
Time-Out,,5,7,7,RUS,3.0,,7 - 7,120,RUS,2:00
Turnover foul,7.0,5,7,7,RUS,3.0,MERKULOV D,7 - 7,104,RUS,1:44
Steal,2.0,5,7,7,RUS,3.0,BRGULJAN D,7 - 7,104,MNE,1:44
20 sec. exclusion in field,12.0,5,7,7,RUS,3.0,SHEPELEV R,7 - 7,104,RUS,1:44
Time-Out,,5,7,7,RUS,3.0,,7 - 7,104,MNE,1:44
Extra player shot - Missed,4.0,5,7,7,RUS,3.0,PETKOVIC M,7 - 7,85,MNE,1:25
20 sec. exclusion in field,4.0,5,7,7,RUS,3.0,PETKOVIC M,7 - 7,83,MNE,1:23
Centre shot - Saved,11.0,5,7,7,RUS,3.0,LISUNOV S,7 - 7,55,RUS,0:55
Centre shot - Saved,11.0,5,7,7,RUS,3.0,LISUNOV S,7 - 7,5,RUS,0:05
Starting goalkeeper,13.0,5,7,7,RUS,4.0,SCEPANOVIC M,7 - 7,480,MNE,8:00
Starting goalkeeper,13.0,5,7,7,RUS,4.0,STATSENKO V,7 - 7,480,RUS,8:00
Sprint won possession,2.0,5,7,7,RUS,4.0,BRGULJAN D,7 - 7,480,MNE,8:00
5m shot - Blocked,6.0,5,7,7,RUS,4.0,RADOVIC A,7 - 7,451,MNE,7:31
Turnover foul,4.0,5,7,7,RUS,4.0,DEREVIANKIN N,7 - 7,422,RUS,7:02
Action shot - Goal,2.0,5,8,7,RUS,4.0,BRGULJAN D,8 - 7,407,MNE,6:47
5m shot - Goal,7.0,5,8,8,RUS,4.0,MERKULOV D,8 - 8,383,RUS,6:23
20 sec. exclusion in field,6.0,5,8,8,RUS,4.0,ASHAEV A,8 - 8,376,RUS,6:16
Extra player shot - Blocked,6.0,5,8,8,RUS,4.0,RADOVIC A,8 - 8,366,MNE,6:06
5m shot - Saved,9.0,5,8,8,RUS,4.0,SUCHKOV I,8 - 8,327,RUS,5:27
5m shot - Goal,6.0,5,9,8,RUS,4.0,RADOVIC A,9 - 8,303,MNE,5:03
Turnover foul,6.0,5,9,8,RUS,4.0,ASHAEV A,9 - 8,272,RUS,4:32
Steal,11.0,5,9,8,RUS,4.0,CUCKOVIC U,9 - 8,272,MNE,4:32
Turnover foul,7.0,5,9,8,RUS,4.0,DRASKOVIC D,9 - 8,244,MNE,4:04
Steal,10.0,5,9,8,RUS,4.0,KHOLOD D,9 - 8,244,RUS,4:04
Turnover foul,9.0,5,9,8,RUS,4.0,SUCHKOV I,9 - 8,218,RUS,3:38
Steal,4.0,5,9,8,RUS,4.0,PETKOVIC M,9 - 8,218,MNE,3:38
5m shot - Saved,11.0,5,9,8,RUS,4.0,CUCKOVIC U,9 - 8,198,MNE,3:18
Turnover foul,12.0,5,9,8,RUS,4.0,MURISIC N,9 - 8,178,MNE,2:58
Steal,7.0,5,9,8,RUS,4.0,MERKULOV D,9 - 8,178,RUS,2:58
20 sec. exclusion in centre,11.0,5,9,8,RUS,4.0,CUCKOVIC U,9 - 8,160,MNE,2:40
Time-Out,,5,9,8,RUS,4.0,,9 - 8,160,RUS,2:40
Turnover foul,12.0,5,9,8,RUS,4.0,SHEPELEV R,9 - 8,67,RUS,1:07
Steal,2.0,5,9,8,RUS,4.0,BRGULJAN D,9 - 8,67,MNE,1:07
Time-Out,,5,9,8,RUS,4.0,,9 - 8,58,MNE,0:58
5m shot - Blocked,6.0,5,9,8,RUS,4.0,RADOVIC A,9 - 8,39,MNE,0:39
20 sec. exclusion in field,8.0,5,9,8,RUS,4.0,NAGAEV I,9 - 8,28,RUS,0:28
Centre shot - Saved,11.0,5,9,8,RUS,4.0,CUCKOVIC U,9 - 8,1,MNE,0:01
Starting goalkeeper,13.0,6,0,0,ITA,1.0,SCEPANOVIC M,0 - 0,480,MNE,8:00
Starting goalkeeper,13.0,6,0,0,ITA,1.0,VOLAREVIC G,0 - 0,480,ITA,8:00
Sprint won possession,2.0,6,0,0,ITA,1.0,BRGULJAN D,0 - 0,480,MNE,8:00
Turnover foul,2.0,6,0,0,ITA,1.0,BRGULJAN D,0 - 0,451,MNE,7:31
Steal,5.0,6,0,0,ITA,1.0,PRESCIUTTI N,0 - 0,451,ITA,7:31
Turnover foul,5.0,6,0,0,ITA,1.0,PRESCIUTTI N,0 - 0,450,ITA,7:30
20 sec. exclusion in centre,5.0,6,0,0,ITA,1.0,PRESCIUTTI N,0 - 0,440,ITA,7:20
Extra player shot - Goal,2.0,6,1,0,ITA,1.0,BRGULJAN D,1 - 0,430,MNE,7:10
20 sec. exclusion in field,9.0,6,1,0,ITA,1.0,RADOVIC D,1 - 0,417,MNE,6:57
Centre shot - Post,11.0,6,1,0,ITA,1.0,AICARDI M,1 - 0,397,ITA,6:37
Turnover foul,6.0,6,1,0,ITA,1.0,RADOVIC A,1 - 0,372,MNE,6:12
20 sec. exclusion in centre,11.0,6,1,0,ITA,1.0,CUCKOVIC U,1 - 0,351,MNE,5:51
Action shot - Goal,9.0,6,1,1,ITA,1.0,RENZUTO IODICE V,1 - 1,329,ITA,5:29
Action shot - Saved,12.0,6,1,1,ITA,1.0,MURISIC N,1 - 1,311,MNE,5:11
Turnover foul,8.0,6,1,1,ITA,1.0,UKROPINA A,1 - 1,293,MNE,4:53
5m shot - Saved,9.0,6,1,1,ITA,1.0,RENZUTO IODICE V,1 - 1,265,ITA,4:25
20 sec. exclusion in field,4.0,6,1,1,ITA,1.0,FIGLIOLI P,1 - 1,251,ITA,4:11
Action shot - Post,12.0,6,1,1,ITA,1.0,MURISIC N,1 - 1,236,MNE,3:56
5m shot - Blocked,9.0,6,1,1,ITA,1.0,RENZUTO IODICE V,1 - 1,207,ITA,3:27
Turnover foul,3.0,6,1,1,ITA,1.0,GITTO N,1 - 1,178,ITA,2:58
20 sec. exclusion in centre,7.0,6,1,1,ITA,1.0,NORA A,1 - 1,153,ITA,2:33
Time-Out,,6,1,1,ITA,1.0,,1 - 1,153,MNE,2:33
Action shot - Saved,4.0,6,1,1,ITA,1.0,PETKOVIC M,1 - 1,136,MNE,2:16
5m shot - Blocked,12.0,6,1,1,ITA,1.0,BERTOLI Z,1 - 1,106,ITA,1:46
5m shot - Saved,9.0,6,1,1,ITA,1.0,RADOVIC D,1 - 1,81,MNE,1:21
Turnover foul,8.0,6,1,1,ITA,1.0,FONDELLI A,1 - 1,63,ITA,1:03
Steal,4.0,6,1,1,ITA,1.0,PETKOVIC M,1 - 1,63,MNE,1:03
5m shot - Saved,2.0,6,1,1,ITA,1.0,BRGULJAN D,1 - 1,35,MNE,0:35
Time-Out,,6,1,1,ITA,1.0,,1 - 1,26,ITA,0:26
Action shot - Saved,11.0,6,1,1,ITA,1.0,AICARDI M,1 - 1,9,ITA,0:09
5m shot - Blocked,9.0,6,1,1,ITA,1.0,RENZUTO IODICE V,1 - 1,1,ITA,0:01
Starting goalkeeper,13.0,6,1,1,ITA,2.0,SCEPANOVIC M,1 - 1,480,MNE,8:00
Starting goalkeeper,13.0,6,1,1,ITA,2.0,VOLAREVIC G,1 - 1,480,ITA,8:00
Sprint won possession,4.0,6,1,1,ITA,2.0,FIGLIOLI P,1 - 1,480,ITA,8:00
Turnover foul,11.0,6,1,1,ITA,2.0,AICARDI M,1 - 1,462,ITA,7:42
Centre shot - Saved,7.0,6,1,1,ITA,2.0,DRASKOVIC D,1 - 1,445,MNE,7:25
Turnover foul,11.0,6,1,1,ITA,2.0,AICARDI M,1 - 1,423,ITA,7:03
5m shot - Goal,2.0,6,2,1,ITA,2.0,BRGULJAN D,2 - 1,409,MNE,6:49
Action shot - Post,10.0,6,2,1,ITA,2.0,BODEGAS M,2 - 1,380,ITA,6:20
Turnover foul,7.0,6,2,1,ITA,2.0,DRASKOVIC D,2 - 1,358,MNE,5:58
20 sec. exclusion in field,2.0,6,2,1,ITA,2.0,BRGULJAN D,2 - 1,348,MNE,5:48
5m shot - Saved,5.0,6,2,1,ITA,2.0,PRESCIUTTI N,2 - 1,333,ITA,5:33
Turnover foul,3.0,6,2,1,ITA,2.0,GITTO N,2 - 1,324,ITA,5:24
5m shot - Missed,12.0,6,2,1,ITA,2.0,MURISIC N,2 - 1,298,MNE,4:58
20 sec. exclusion in field,7.0,6,2,1,ITA,2.0,DRASKOVIC D,2 - 1,282,MNE,4:42
Turnover foul,7.0,6,2,1,ITA,2.0,NORA A,2 - 1,269,ITA,4:29
Steal,8.0,6,2,1,ITA,2.0,UKROPINA A,2 - 1,269,MNE,4:29
Time-Out,,6,2,1,ITA,2.0,,2 - 1,263,MNE,4:23
Turnover foul,12.0,6,2,1,ITA,2.0,MURISIC N,2 - 1,240,MNE,4:00
5m shot - Blocked,3.0,6,2,1,ITA,2.0,GITTO N,2 - 1,217,ITA,3:37
5m shot - Goal,10.0,6,2,2,ITA,2.0,BODEGAS M,2 - 2,214,ITA,3:34
Turnover foul,2.0,6,2,2,ITA,2.0,BRGULJAN D,2 - 2,200,MNE,3:20
Steal,5.0,6,2,2,ITA,2.0,PRESCIUTTI N,2 - 2,200,ITA,3:20
Counter attack - Saved,5.0,6,2,2,ITA,2.0,PRESCIUTTI N,2 - 2,186,ITA,3:06
Action shot - Saved,6.0,6,2,2,ITA,2.0,RADOVIC A,2 - 2,147,MNE,2:27
Action shot - Saved,2.0,6,2,2,ITA,2.0,di FULVIO F,2 - 2,129,ITA,2:09
Turnover foul,11.0,6,2,2,ITA,2.0,CUCKOVIC U,2 - 2,104,MNE,1:44
Steal,5.0,6,2,2,ITA,2.0,PRESCIUTTI N,2 - 2,104,ITA,1:44
Action shot - Saved,5.0,6,2,2,ITA,2.0,PRESCIUTTI N,2 - 2,79,ITA,1:19
5m shot - Saved,11.0,6,2,2,ITA,2.0,CUCKOVIC U,2 - 2,52,MNE,0:52
Time-Out,,6,2,2,ITA,2.0,,2 - 2,51,ITA,0:51
Exclusion with substitution,7.0,6,2,2,ITA,4.0,DRASKOVIC D,2 - 2,129,MNE,2:09
Action shot - Saved,9.0,6,2,2,ITA,4.0,RENZUTO IODICE V,2 - 2,106,ITA,1:46
Turnover foul,11.0,6,2,2,ITA,4.0,CUCKOVIC U,2 - 2,83,MNE,1:23
Steal,2.0,6,2,2,ITA,4.0,di FULVIO F,2 - 2,83,ITA,1:23
Turnover foul,10.0,6,2,2,ITA,4.0,BODEGAS M,2 - 2,61,ITA,1:01
20 sec. exclusion in centre,7.0,6,2,2,ITA,2.0,DRASKOVIC D,2 - 2,35,MNE,0:35
Turnover foul,11.0,6,2,2,ITA,2.0,AICARDI M,2 - 2,14,ITA,0:14
Steal,3.0,6,2,2,ITA,2.0,BANICEVIC B,2 - 2,14,MNE,0:14
5m shot - Blocked,7.0,6,2,2,ITA,2.0,DRASKOVIC D,2 - 2,1,MNE,0:01
Starting goalkeeper,13.0,6,2,2,ITA,3.0,SCEPANOVIC M,2 - 2,480,MNE,8:00
Starting goalkeeper,13.0,6,2,2,ITA,3.0,VOLAREVIC G,2 - 2,480,ITA,8:00
Sprint won possession,4.0,6,2,2,ITA,3.0,FIGLIOLI P,2 - 2,480,ITA,8:00
Action shot - Saved,9.0,6,2,2,ITA,3.0,RENZUTO IODICE V,2 - 2,465,ITA,7:45
Action shot - Saved,3.0,6,2,2,ITA,3.0,BANICEVIC B,2 - 2,450,MNE,7:30
Yellow card,,6,2,2,ITA,3.0,Team Official,2 - 2,444,MNE,7:24
Action shot - Saved,9.0,6,2,2,ITA,3.0,RENZUTO IODICE V,2 - 2,412,ITA,6:52
20 sec. exclusion in field,3.0,6,2,2,ITA,3.0,GITTO N,2 - 2,399,ITA,6:39
Action shot - Missed,4.0,6,2,2,ITA,3.0,PETKOVIC M,2 - 2,378,MNE,6:18
5m shot - Missed,9.0,6,2,2,ITA,3.0,RENZUTO IODICE V,2 - 2,349,ITA,5:49
20 sec. exclusion in centre,12.0,6,2,2,ITA,3.0,BERTOLI Z,2 - 2,327,ITA,5:27
Extra player shot - Goal,2.0,6,3,2,ITA,3.0,BRGULJAN D,3 - 2,311,MNE,5:11
Action shot - Post,2.0,6,3,2,ITA,3.0,di FULVIO F,3 - 2,289,ITA,4:49
Action shot - Goal,7.0,6,4,2,ITA,3.0,DRASKOVIC D,4 - 2,267,MNE,4:27
Goalkeeper substitution,1.0,6,4,2,ITA,3.0,TEMPESTI S,4 - 2,267,ITA,4:27
20 sec. exclusion in field,8.0,6,4,2,ITA,3.0,UKROPINA A,4 - 2,250,MNE,4:10
Action shot - Post,6.0,6,4,2,ITA,3.0,MIRARCHI C,4 - 2,243,ITA,4:03
Extra player shot - Goal,6.0,6,4,3,ITA,3.0,MIRARCHI C,4 - 3,233,ITA,3:53
Turnover foul,6.0,6,4,3,ITA,3.0,RADOVIC A,4 - 3,216,MNE,3:36
Steal,2.0,6,4,3,ITA,3.0,di FULVIO F,4 - 3,216,ITA,3:36
Action shot - Post,2.0,6,4,3,ITA,3.0,di FULVIO F,4 - 3,201,ITA,3:21
Counter attack - Saved,12.0,6,4,3,ITA,3.0,MURISIC N,4 - 3,190,MNE,3:10
20 sec. exclusion in field,11.0,6,4,3,ITA,3.0,AICARDI M,4 - 3,184,ITA,3:04
Exclusion with substitution,11.0,6,4,3,ITA,3.0,AICARDI M,4 - 3,184,ITA,3:04
Time-Out,,6,4,3,ITA,3.0,,4 - 3,184,MNE,3:04
5m shot - Goal,7.0,6,5,3,ITA,3.0,DRASKOVIC D,5 - 3,160,MNE,2:40
Turnover foul,4.0,6,5,3,ITA,3.0,FIGLIOLI P,5 - 3,144,ITA,2:24
Steal,2.0,6,5,3,ITA,3.0,BRGULJAN D,5 - 3,144,MNE,2:24
Action shot - Saved,2.0,6,5,3,ITA,3.0,BRGULJAN D,5 - 3,113,MNE,1:53
Turnover foul,9.0,6,5,3,ITA,3.0,RENZUTO IODICE V,5 - 3,102,ITA,1:42
Steal,11.0,6,5,3,ITA,3.0,CUCKOVIC U,5 - 3,102,MNE,1:42
Turnover foul,3.0,6,5,3,ITA,3.0,BANICEVIC B,5 - 3,82,MNE,1:22
5m shot - Goal,6.0,6,5,4,ITA,3.0,MIRARCHI C,5 - 4,60,ITA,1:00
Action shot - Saved,10.0,6,5,4,ITA,3.0,MISIC S,5 - 4,38,MNE,0:38
5m shot - Saved,2.0,6,5,4,ITA,3.0,di FULVIO F,5 - 4,12,ITA,0:12
5m shot - Saved,9.0,6,5,4,ITA,3.0,RADOVIC D,5 - 4,1,MNE,0:01
Starting goalkeeper,13.0,6,5,4,ITA,4.0,SCEPANOVIC M,5 - 4,480,MNE,8:00
Starting goalkeeper,1.0,6,5,4,ITA,4.0,TEMPESTI S,5 - 4,480,ITA,8:00
Sprint won possession,4.0,6,5,4,ITA,4.0,FIGLIOLI P,5 - 4,480,ITA,8:00
Action shot - Post,12.0,6,5,4,ITA,4.0,BERTOLI Z,5 - 4,452,ITA,7:32
5m shot - Post,6.0,6,5,4,ITA,4.0,MIRARCHI C,5 - 4,424,ITA,7:04
Turnover foul,6.0,6,5,4,ITA,4.0,RADOVIC A,5 - 4,395,MNE,6:35
Steal,4.0,6,5,4,ITA,4.0,FIGLIOLI P,5 - 4,395,ITA,6:35
5m shot - Blocked,10.0,6,5,4,ITA,4.0,BODEGAS M,5 - 4,368,ITA,6:08
Action shot - Saved,2.0,6,5,4,ITA,4.0,BRGULJAN D,5 - 4,337,MNE,5:37
5m shot - Missed,6.0,6,5,4,ITA,4.0,RADOVIC A,5 - 4,310,MNE,5:10
Turnover foul,6.0,6,5,4,ITA,4.0,MIRARCHI C,5 - 4,290,ITA,4:50
Steal,13.0,6,5,4,ITA,4.0,SCEPANOVIC M,5 - 4,290,MNE,4:50
Turnover foul,7.0,6,5,4,ITA,4.0,DRASKOVIC D,5 - 4,265,MNE,4:25
Action shot - Missed,6.0,6,5,4,ITA,4.0,MIRARCHI C,5 - 4,236,ITA,3:56
5m shot - Saved,4.0,6,5,4,ITA,4.0,PETKOVIC M,5 - 4,213,MNE,3:33
5m shot - Saved,9.0,6,5,4,ITA,4.0,RENZUTO IODICE V,5 - 4,193,ITA,3:13
20 sec. exclusion in centre,6.0,6,5,4,ITA,4.0,MIRARCHI C,5 - 4,171,ITA,2:51
Time-Out,,6,5,4,ITA,4.0,,5 - 4,171,MNE,2:51
5m shot - Saved,4.0,6,5,4,ITA,4.0,PETKOVIC M,5 - 4,152,MNE,2:32
Turnover foul,11.0,6,5,4,ITA,4.0,CUCKOVIC U,5 - 4,137,MNE,2:17
20 sec. exclusion in field,7.0,6,5,4,ITA,4.0,DRASKOVIC D,5 - 4,129,MNE,2:09
Turnover foul,6.0,6,5,4,ITA,4.0,RADOVIC A,5 - 4,36,MNE,0:36
Steal,10.0,6,5,4,ITA,4.0,BODEGAS M,5 - 4,36,ITA,0:36
Time-Out,,6,5,4,ITA,4.0,,5 - 4,36,ITA,0:36
Turnover foul,8.0,6,5,4,ITA,4.0,FONDELLI A,5 - 4,16,ITA,0:16
Steal,13.0,6,5,4,ITA,4.0,SCEPANOVIC M,5 - 4,16,MNE,0:16
