Action,Cap,Game,MNE,Opponent,Opponent name,Period,Player,Score,Seconds,Team,Time,Result,Goal
Extra player shot,7.0,1,0,0,SRB,1.0,JANOVIC M,0 - 0,423,MNE,7:03,Saved,0
Action shot,6.0,1,0,0,SRB,1.0,PIJETLOVIC D,0 - 0,412,SRB,6:52,Saved,0
5m shot,9.0,1,0,0,SRB,1.0,IVOVIC A,0 - 0,392,MNE,6:32,Saved,0
5m shot,8.0,1,0,0,SRB,1.0,ALEKSIC M,0 - 0,350,SRB,5:50,Missed,0
Action shot,12.0,1,0,0,SRB,1.0,MITORVIC S,0 - 0,318,SRB,5:18,Post,0
5m shot,9.0,1,0,0,SRB,1.0,IVOVIC A,0 - 0,295,MNE,4:55,Blocked,0
Extra player shot,2.0,1,0,0,SRB,1.0,MANDIC D,0 - 0,259,SRB,4:19,Saved,0
Action shot,3.0,1,0,0,SRB,1.0,PASKOVIC V,0 - 0,239,MNE,3:59,Post,0
Extra player shot,10.0,1,0,1,SRB,1.0,FILIPOVIC F,1 - 0,211,SRB,3:31,Goal,1
Extra player shot,9.0,1,0,1,SRB,1.0,JAKSIC N,1 - 0,142,SRB,2:22,Saved,0
5m shot,6.0,1,0,1,SRB,1.0,RADOVIC A,1 - 0,119,MNE,1:59,Saved,0
Action shot,2.0,1,1,1,SRB,1.0,BRGULJAN D,1 - 1,85,MNE,1:25,Goal,1
5m shot,6.0,1,1,1,SRB,1.0,RADOVIC A,1 - 1,33,MNE,0:33,Saved,0
Extra player shot,5.0,1,1,2,SRB,1.0,CUK M,2 - 1,12,SRB,0:12,Goal,1
5m shot,7.0,1,1,2,SRB,2.0,JANOVIC M,2 - 1,454,MNE,7:34,Blocked,0
5m shot,6.0,1,1,2,SRB,2.0,RADOVIC A,2 - 1,431,MNE,7:11,Saved,0
5m shot,9.0,1,1,2,SRB,2.0,IVOVIC A,2 - 1,405,MNE,6:45,Saved,0
5m shot,10.0,1,2,2,SRB,2.0,MURISIC N,2 - 2,364,MNE,6:04,Goal,1
5m shot,10.0,1,2,2,SRB,2.0,FILIPOVIC F,2 - 2,340,SRB,5:40,Post,0
Action shot,2.0,1,2,3,SRB,2.0,MANDIC D,3 - 2,302,SRB,5:02,Goal,1
5m shot,8.0,1,2,4,SRB,2.0,ALEKSIC M,4 - 2,251,SRB,4:11,Goal,1
Action shot,8.0,1,2,4,SRB,2.0,ALEKSIC M,4 - 2,202,SRB,3:22,Missed,0
Action shot,2.0,1,2,4,SRB,2.0,BRGULJAN D,4 - 2,180,MNE,3:00,Saved,0
Action shot,10.0,1,2,5,SRB,2.0,FILIPOVIC F,5 - 2,127,SRB,2:07,Goal,1
Action shot,8.0,1,2,6,SRB,2.0,ALEKSIC M,6 - 2,106,SRB,1:46,Goal,1
Action shot,7.0,1,3,6,SRB,2.0,JANOVIC M,6 - 3,92,MNE,1:32,Goal,1
5m shot,2.0,1,3,6,SRB,2.0,BRGULJAN D,6 - 3,28,MNE,0:28,Missed,0
5m shot,8.0,1,3,6,SRB,2.0,ALEKSIC M,6 - 3,4,SRB,0:04,Saved,0
5m shot,4.0,1,3,6,SRB,3.0,RANDELOVIC S,6 - 3,421,SRB,7:01,Post,0
Action shot,2.0,1,4,6,SRB,3.0,BRGULJAN D,6 - 4,384,MNE,6:24,Goal,1
5m shot,11.0,1,4,6,SRB,3.0,PRLAINOVIC A,6 - 4,360,SRB,6:00,Post,0
Extra player shot,12.0,1,4,7,SRB,3.0,MITORVIC S,7 - 4,304,SRB,5:04,Goal,1
5m shot,5.0,1,5,7,SRB,3.0,BRGULJAN D,7 - 5,286,MNE,4:46,Goal,1
5m shot,10.0,1,5,7,SRB,3.0,FILIPOVIC F,7 - 5,257,SRB,4:17,Post,0
5m shot,8.0,1,5,7,SRB,3.0,UKROPINA A,7 - 5,206,MNE,3:26,Blocked,0
Action shot,3.0,1,6,7,SRB,3.0,PASKOVIC V,7 - 6,206,MNE,3:26,Goal,1
Action shot,2.0,1,6,8,SRB,3.0,MANDIC D,8 - 6,191,SRB,3:11,Goal,1
Extra player shot,7.0,1,6,8,SRB,3.0,JANOVIC M,8 - 6,153,MNE,2:33,Saved,0
Extra player shot,11.0,1,6,9,SRB,3.0,PRLAINOVIC A,9 - 6,137,SRB,2:17,Goal,1
Extra player shot,12.0,1,6,9,SRB,3.0,MITORVIC S,9 - 6,68,SRB,1:08,Saved,0
Action shot,7.0,1,7,9,SRB,3.0,JANOVIC M,9 - 7,4,MNE,0:04,Goal,1
5m shot,9.0,1,7,9,SRB,4.0,IVOVIC A,9 - 7,454,MNE,7:34,Saved,0
Penalty shot,10.0,1,7,10,SRB,4.0,FILIPOVIC F,10 - 7,444,SRB,7:24,Goal,1
Extra player shot,9.0,1,7,11,SRB,4.0,JAKSIC N,11 - 7,358,SRB,5:58,Goal,1
Extra player shot,2.0,1,7,11,SRB,4.0,BRGULJAN D,11 - 7,319,MNE,5:19,Post,0
Extra player shot,5.0,1,8,11,SRB,4.0,BRGULJAN D,11 - 8,257,MNE,4:17,Goal,1
Action shot,4.0,1,8,11,SRB,4.0,CUCKOVIC U,11 - 8,134,MNE,2:14,Saved,0
Action shot,9.0,1,8,11,SRB,4.0,JAKSIC N,11 - 8,114,SRB,1:54,Saved,0
Action shot,5.0,1,8,11,SRB,4.0,CUK M,11 - 8,83,SRB,1:23,Saved,0
Centre shot,6.0,1,8,11,SRB,4.0,PIJETLOVIC D,11 - 8,34,SRB,0:34,Post,0
Action shot,9.0,1,8,11,SRB,4.0,IVOVIC A,11 - 8,16,MNE,0:16,Saved,0
5m shot,8.0,2,0,0,AUS,1.0,YOUNGER A,0 - 0,450,AUS,7:30,Saved,0
5m shot,9.0,2,0,0,AUS,1.0,IVOVIC A,0 - 0,422,MNE,7:02,Saved,0
Action shot,8.0,2,0,0,AUS,1.0,YOUNGER A,0 - 0,389,AUS,6:29,Saved,0
5m shot,7.0,2,0,0,AUS,1.0,ROACH A,0 - 0,317,AUS,5:17,Post,0
Action shot,2.0,2,0,0,AUS,1.0,BRGULJAN D,0 - 0,296,MNE,4:56,Saved,0
Penalty shot,7.0,2,1,0,AUS,1.0,JANOVIC M,0 - 1,274,MNE,4:34,Goal,1
5m shot,7.0,2,1,0,AUS,1.0,JANOVIC M,0 - 1,229,MNE,3:49,Post,0
5m shot,8.0,2,1,0,AUS,1.0,YOUNGER A,0 - 1,199,AUS,3:19,Saved,0
5m shot,6.0,2,1,0,AUS,1.0,RADOVIC A,0 - 1,192,MNE,3:12,Post,0
5m shot,2.0,2,1,0,AUS,1.0,BRGULJAN D,0 - 1,134,MNE,2:14,Missed,0
5m shot,11.0,2,1,0,AUS,1.0,HOWDEN R,0 - 1,108,AUS,1:48,Blocked,0
Extra player shot,9.0,2,2,0,AUS,1.0,IVOVIC A,0 - 2,47,MNE,0:47,Goal,1
Extra player shot,11.0,2,2,0,AUS,1.0,HOWDEN R,0 - 2,3,AUS,0:03,Saved,0
Action shot,6.0,2,2,0,AUS,1.0,GILCHRIST J,0 - 2,1,AUS,0:01,Saved,0
Action shot,9.0,2,2,0,AUS,2.0,SWIFT J,0 - 2,452,AUS,7:32,Saved,0
Action shot,3.0,2,2,0,AUS,2.0,PASKOVIC V,0 - 2,443,MNE,7:23,Missed,0
5m shot,6.0,2,2,0,AUS,2.0,GILCHRIST J,0 - 2,360,AUS,6:00,Missed,0
Action shot,6.0,2,2,0,AUS,2.0,GILCHRIST J,0 - 2,301,AUS,5:01,Missed,0
5m shot,2.0,2,2,0,AUS,2.0,CAMPBELL R,0 - 2,254,AUS,4:14,Saved,0
5m shot,2.0,2,3,0,AUS,2.0,BRGULJAN D,0 - 3,231,MNE,3:51,Goal,1
Action shot,10.0,2,3,0,AUS,2.0,MURISIC N,0 - 3,174,MNE,2:54,Saved,0
Action shot,4.0,2,3,1,AUS,2.0,COTTERILL J,1 - 3,153,AUS,2:33,Goal,1
Extra player shot,12.0,2,3,1,AUS,2.0,JOKIC P,1 - 3,63,MNE,1:03,Post,0
5m shot,2.0,2,3,1,AUS,2.0,CAMPBELL R,1 - 3,32,AUS,0:32,Post,0
5m shot,8.0,2,3,2,AUS,3.0,YOUNGER A,2 - 3,452,AUS,7:32,Goal,1
Action shot,2.0,2,3,2,AUS,3.0,CAMPBELL R,2 - 3,397,AUS,6:37,Saved,0
Action shot,6.0,2,3,2,AUS,3.0,GILCHRIST J,2 - 3,359,AUS,5:59,Saved,0
Action shot,2.0,2,3,2,AUS,3.0,CAMPBELL R,2 - 3,317,AUS,5:17,Blocked,0
Extra player shot,5.0,2,4,2,AUS,3.0,BRGULJAN D,2 - 4,275,MNE,4:35,Goal,1
5m shot,2.0,2,4,2,AUS,3.0,BRGULJAN D,2 - 4,217,MNE,3:37,Blocked,0
5m shot,8.0,2,4,2,AUS,3.0,YOUNGER A,2 - 4,191,AUS,3:11,Post,0
5m shot,7.0,2,4,2,AUS,3.0,JANOVIC M,2 - 4,169,MNE,2:49,Saved,0
Extra player shot,11.0,2,4,2,AUS,3.0,KLIKOVAC F,2 - 4,136,MNE,2:16,Saved,0
5m shot,3.0,2,4,2,AUS,3.0,FORD G,2 - 4,107,AUS,1:47,Missed,0
Centre shot,9.0,2,4,2,AUS,3.0,IVOVIC A,2 - 4,87,MNE,1:27,Saved,0
5m shot,9.0,2,4,2,AUS,3.0,IVOVIC A,2 - 4,28,MNE,0:28,Saved,0
Action shot,8.0,2,4,3,AUS,4.0,YOUNGER A,3 - 4,463,AUS,7:43,Goal,1
Action shot,7.0,2,4,3,AUS,4.0,JANOVIC M,3 - 4,435,MNE,7:15,Saved,0
Action shot,7.0,2,4,4,AUS,4.0,ROACH A,4 - 4,415,AUS,6:55,Goal,1
Action shot,5.0,2,4,4,AUS,4.0,BRGULJAN D,4 - 4,392,MNE,6:32,Saved,0
Extra player shot,8.0,2,4,5,AUS,4.0,YOUNGER A,5 - 4,353,AUS,5:53,Goal,1
5m shot,6.0,2,4,5,AUS,4.0,RADOVIC A,5 - 4,328,MNE,5:28,Saved,0
5m shot,7.0,2,4,5,AUS,4.0,ROACH A,5 - 4,290,AUS,4:50,Missed,0
5m shot,6.0,2,4,5,AUS,4.0,RADOVIC A,5 - 4,265,MNE,4:25,Saved,0
Action shot,2.0,2,4,5,AUS,4.0,CAMPBELL R,5 - 4,239,AUS,3:59,Blocked,0
Action shot,8.0,2,4,5,AUS,4.0,YOUNGER A,5 - 4,211,AUS,3:31,Saved,0
5m shot,6.0,2,4,5,AUS,4.0,RADOVIC A,5 - 4,158,MNE,2:38,Blocked,0
5m shot,9.0,2,4,5,AUS,4.0,IVOVIC A,5 - 4,109,MNE,1:49,Blocked,0
5m shot,8.0,2,4,5,AUS,4.0,YOUNGER A,5 - 4,82,AUS,1:22,Post,0
5m shot,7.0,2,5,5,AUS,4.0,JANOVIC M,5 - 5,22,MNE,0:22,Goal,1
Extra player shot,6.0,3,1,0,JPN,1.0,RADOVIC A,0 - 1,441,MNE,7:21,Goal,1
Action shot,12.0,3,1,0,JPN,1.0,HAZUI S,0 - 1,411,JPN,6:51,Saved,0
Action shot,5.0,3,1,0,JPN,1.0,BRGULJAN D,0 - 1,394,MNE,6:34,Saved,0
Extra player shot,9.0,3,1,0,JPN,1.0,TAKEI K,0 - 1,329,JPN,5:29,Post,0
5m shot,11.0,3,1,0,JPN,1.0,OKAWA K,0 - 1,300,JPN,5:00,Missed,0
Extra player shot,3.0,3,2,0,JPN,1.0,PASKOVIC V,0 - 2,285,MNE,4:45,Goal,1
Penalty shot,9.0,3,2,1,JPN,1.0,TAKEI K,1 - 2,263,JPN,4:23,Goal,1
Counter attack,4.0,3,2,1,JPN,1.0,SHIGA M,1 - 2,151,JPN,2:31,Post,0
Action shot,12.0,3,3,1,JPN,1.0,JOKIC P,1 - 3,123,MNE,2:03,Goal,1
Action shot,6.0,3,3,1,JPN,1.0,RADOVIC A,1 - 3,70,MNE,1:10,Post,0
Penalty shot,9.0,3,3,2,JPN,1.0,TAKEI K,2 - 3,42,JPN,0:42,Goal,1
5m shot,4.0,3,3,2,JPN,1.0,CUCKOVIC U,2 - 3,11,MNE,0:11,Post,0
5m shot,2.0,3,3,2,JPN,1.0,ADACHI S,2 - 3,0,JPN,0:00,Missed,0
Penalty shot,6.0,3,4,2,JPN,2.0,RADOVIC A,2 - 4,461,MNE,7:41,Goal,1
Action shot,9.0,3,5,2,JPN,2.0,IVOVIC A,2 - 5,416,MNE,6:56,Goal,1
5m shot,9.0,3,5,2,JPN,2.0,TAKEI K,2 - 5,391,JPN,6:31,Saved,0
Action shot,11.0,3,6,2,JPN,2.0,KLIKOVAC F,2 - 6,368,MNE,6:08,Goal,1
Action shot,11.0,3,6,2,JPN,2.0,KLIKOVAC F,2 - 6,330,MNE,5:30,Saved,0
Action shot,3.0,3,6,2,JPN,2.0,PASKOVIC V,2 - 6,288,MNE,4:48,Saved,0
Extra player shot,12.0,3,6,2,JPN,2.0,HAZUI S,2 - 6,252,JPN,4:12,Saved,0
5m shot,12.0,3,6,2,JPN,2.0,JOKIC P,2 - 6,206,MNE,3:26,Saved,0
5m shot,11.0,3,6,2,JPN,2.0,OKAWA K,2 - 6,156,JPN,2:36,Saved,0
Action shot,3.0,3,7,2,JPN,2.0,PASKOVIC V,2 - 7,130,MNE,2:10,Goal,1
Action shot,5.0,3,7,3,JPN,2.0,YANASE A,3 - 7,106,JPN,1:46,Goal,1
Extra player shot,8.0,3,7,4,JPN,2.0,KADONO Y,4 - 7,53,JPN,0:53,Goal,1
Extra player shot,9.0,3,7,4,JPN,4.0,TAKEI K,4 - 7,82,JPN,1:22,Saved,0
Action shot,9.0,3,16,9,JPN,4.0,TAKEI K,9 - 16,72,JPN,1:12,Goal,1
Extra player shot,6.0,3,8,4,JPN,2.0,RADOVIC A,4 - 8,20,MNE,0:20,Goal,1
Action shot,8.0,3,8,4,JPN,3.0,UKROPINA A,4 - 8,455,MNE,7:35,Saved,0
Extra player shot,2.0,3,9,4,JPN,3.0,BRGULJAN D,4 - 9,412,MNE,6:52,Goal,1
5m shot,12.0,3,9,4,JPN,3.0,HAZUI S,4 - 9,383,JPN,6:23,Missed,0
Action shot,3.0,3,9,4,JPN,3.0,PASKOVIC V,4 - 9,354,MNE,5:54,Saved,0
Extra player shot,9.0,3,10,4,JPN,3.0,IVOVIC A,4 - 10,306,MNE,5:06,Goal,1
Action shot,10.0,3,11,4,JPN,3.0,MURISIC N,4 - 11,236,MNE,3:56,Goal,1
Penalty shot,2.0,3,11,4,JPN,3.0,ADACHI S,4 - 11,214,JPN,3:34,Saved,0
Counter attack,7.0,3,11,4,JPN,3.0,SHIMIZU Y,4 - 11,147,JPN,2:27,Saved,0
Action shot,7.0,3,11,5,JPN,3.0,SHIMIZU Y,5 - 11,121,JPN,2:01,Goal,1
Centre shot,9.0,3,12,5,JPN,3.0,IVOVIC A,5 - 12,95,MNE,1:35,Goal,1
Extra player shot,5.0,3,12,6,JPN,3.0,YANASE A,6 - 12,71,JPN,1:11,Goal,1
Penalty shot,3.0,3,13,6,JPN,3.0,PASKOVIC V,6 - 13,43,MNE,0:43,Goal,1
Action shot,4.0,3,13,6,JPN,3.0,SHIGA M,6 - 13,17,JPN,0:17,Saved,0
5m shot,9.0,3,13,6,JPN,3.0,TAKEI K,6 - 13,1,JPN,0:01,Saved,0
5m shot,6.0,3,13,6,JPN,4.0,RADOVIC A,6 - 13,453,MNE,7:33,Blocked,0
Action shot,5.0,3,13,7,JPN,4.0,YANASE A,7 - 13,444,JPN,7:24,Goal,1
Penalty shot,6.0,3,14,7,JPN,4.0,RADOVIC A,7 - 14,424,MNE,7:04,Goal,1
Action shot,12.0,3,14,7,JPN,4.0,HAZUI S,7 - 14,399,JPN,6:39,Saved,0
Action shot,9.0,3,15,7,JPN,4.0,IVOVIC A,7 - 15,382,MNE,6:22,Goal,1
Action shot,12.0,3,15,7,JPN,4.0,JOKIC P,7 - 15,325,MNE,5:25,Saved,0
Counter attack,3.0,3,15,7,JPN,4.0,PASKOVIC V,7 - 15,285,MNE,4:45,Saved,0
Counter attack,4.0,3,15,8,JPN,4.0,SHIGA M,8 - 15,240,JPN,4:00,Goal,1
Action shot,10.0,3,16,8,JPN,4.0,MURISIC N,8 - 16,223,MNE,3:43,Goal,1
5m shot,9.0,3,16,8,JPN,4.0,IVOVIC A,8 - 16,171,MNE,2:51,Saved,0
5m shot,10.0,3,16,8,JPN,4.0,MURISIC N,8 - 16,120,MNE,2:00,Saved,0
Action shot,8.0,3,16,8,JPN,4.0,UKROPINA A,8 - 16,30,MNE,0:30,Blocked,0
5m shot,9.0,3,16,10,JPN,4.0,TAKEI K,10 - 16,15,JPN,0:15,Goal,1
Action shot,5.0,3,16,10,JPN,4.0,BRGULJAN D,10 - 16,0,MNE,0:00,Saved,0
5m shot,3.0,4,0,0,KAZ,1.0,AXENOV A,0 - 0,436,KAZ,7:16,Post,0
5m shot,2.0,4,0,1,KAZ,1.0,GUBAREV S,1 - 0,391,KAZ,6:31,Goal,1
5m shot,7.0,4,0,1,KAZ,1.0,JANOVIC M,1 - 0,372,MNE,6:12,Blocked,0
Action shot,9.0,4,0,1,KAZ,1.0,IVOVIC A,1 - 0,340,MNE,5:40,Blocked,0
Counter attack,12.0,4,0,1,KAZ,1.0,JOKIC P,1 - 0,275,MNE,4:35,Missed,0
5m shot,3.0,4,0,2,KAZ,1.0,AXENOV A,2 - 0,244,KAZ,4:04,Goal,1
5m shot,6.0,4,1,2,KAZ,1.0,RADOVIC A,2 - 1,220,MNE,3:40,Goal,1
Counter attack,7.0,4,2,2,KAZ,1.0,JANOVIC M,2 - 2,189,MNE,3:09,Goal,1
Action shot,5.0,4,2,2,KAZ,1.0,BRGULJAN D,2 - 2,88,MNE,1:28,Missed,0
Action shot,2.0,4,2,3,KAZ,1.0,GUBAREV S,3 - 2,50,KAZ,0:50,Goal,1
Extra player shot,7.0,4,2,3,KAZ,2.0,JANOVIC M,3 - 2,439,MNE,7:19,Saved,0
5m shot,9.0,4,2,3,KAZ,2.0,UKUMANOV R,3 - 2,408,KAZ,6:48,Saved,0
Extra player shot,9.0,4,2,3,KAZ,2.0,IVOVIC A,3 - 2,291,MNE,4:51,Saved,0
5m shot,3.0,4,2,3,KAZ,2.0,AXENOV A,3 - 2,268,KAZ,4:28,Saved,0
Action shot,2.0,4,2,3,KAZ,2.0,BRGULJAN D,3 - 2,246,MNE,4:06,Saved,0
5m shot,7.0,4,2,3,KAZ,2.0,JANOVIC M,3 - 2,229,MNE,3:49,Post,0
Extra player shot,3.0,4,2,3,KAZ,2.0,AXENOV A,3 - 2,186,KAZ,3:06,Blocked,0
Action shot,3.0,4,2,4,KAZ,2.0,AXENOV A,4 - 2,176,KAZ,2:56,Goal,1
Extra player shot,5.0,4,3,4,KAZ,2.0,BRGULJAN D,4 - 3,140,MNE,2:20,Goal,1
Penalty shot,7.0,4,4,4,KAZ,2.0,JANOVIC M,4 - 4,96,MNE,1:36,Goal,1
Action shot,3.0,4,4,4,KAZ,2.0,AXENOV A,4 - 4,67,KAZ,1:07,Post,0
Counter attack,12.0,4,5,4,KAZ,2.0,JOKIC P,4 - 5,15,MNE,0:15,Goal,1
Centre shot,9.0,4,5,5,KAZ,2.0,UKUMANOV R,5 - 5,1,KAZ,0:01,Goal,1
5m shot,6.0,4,6,5,KAZ,3.0,RADOVIC A,5 - 6,453,MNE,7:33,Goal,1
Action shot,2.0,4,6,6,KAZ,3.0,GUBAREV S,6 - 6,417,KAZ,6:57,Goal,1
5m shot,5.0,4,6,6,KAZ,3.0,USHAKOV V,6 - 6,366,KAZ,6:06,Blocked,0
Extra player shot,2.0,4,6,6,KAZ,3.0,BRGULJAN D,6 - 6,328,MNE,5:28,Saved,0
Extra player shot,5.0,4,7,6,KAZ,3.0,BRGULJAN D,6 - 7,204,MNE,3:24,Goal,1
Centre shot,9.0,4,8,6,KAZ,3.0,IVOVIC A,6 - 8,155,MNE,2:35,Goal,1
5m shot,9.0,4,8,6,KAZ,3.0,UKUMANOV R,6 - 8,127,KAZ,2:07,Saved,0
5m shot,9.0,4,8,6,KAZ,3.0,UKUMANOV R,6 - 8,115,KAZ,1:55,Blocked,0
Extra player shot,5.0,4,9,6,KAZ,3.0,BRGULJAN D,6 - 9,87,MNE,1:27,Goal,1
Action shot,7.0,4,10,6,KAZ,3.0,JANOVIC M,6 - 10,6,MNE,0:06,Goal,1
5m shot,4.0,4,10,6,KAZ,4.0,PILIPENKO R,6 - 10,431,KAZ,7:11,Saved,0
Extra player shot,3.0,4,10,6,KAZ,4.0,AXENOV A,6 - 10,392,KAZ,6:32,Saved,0
Extra player shot,5.0,4,10,7,KAZ,4.0,USHAKOV V,7 - 10,388,KAZ,6:28,Goal,1
Extra player shot,6.0,4,10,7,KAZ,4.0,RADOVIC A,7 - 10,351,MNE,5:51,Blocked,0
Action shot,7.0,4,10,7,KAZ,4.0,JANOVIC M,7 - 10,340,MNE,5:40,Saved,0
5m shot,3.0,4,10,7,KAZ,4.0,AXENOV A,7 - 10,318,KAZ,5:18,,0
5m shot,6.0,4,10,7,KAZ,4.0,RADOVIC A,7 - 10,291,MNE,4:51,Saved,0
Counter attack,9.0,4,10,8,KAZ,4.0,UKUMANOV R,8 - 10,274,KAZ,4:34,Goal,1
5m shot,9.0,4,11,8,KAZ,4.0,IVOVIC A,8 - 11,246,MNE,4:06,Goal,1
5m shot,9.0,4,11,8,KAZ,4.0,IVOVIC A,8 - 11,193,MNE,3:13,Blocked,0
Counter attack,3.0,4,11,8,KAZ,4.0,PASKOVIC V,8 - 11,111,MNE,1:51,Saved,0
5m shot,3.0,4,11,8,KAZ,4.0,AXENOV A,8 - 11,40,KAZ,0:40,Saved,0
Counter attack,3.0,4,12,8,KAZ,4.0,PASKOVIC V,8 - 12,18,MNE,0:18,Goal,1
5m shot,9.0,4,12,8,KAZ,4.0,UKUMANOV R,8 - 12,2,KAZ,0:02,Post,0
Action shot,3.0,5,0,0,CRO,1.0,PASKOVIC V,0 - 0,452,MNE,7:32,Blocked,0
Action shot,8.0,5,0,0,CRO,1.0,BUSLJE A,0 - 0,376,CRO,6:16,Blocked,0
Extra player shot,7.0,5,0,0,CRO,1.0,JANOVIC M,0 - 0,344,MNE,5:44,Post,0
Action shot,7.0,5,0,0,CRO,1.0,JANOVIC M,0 - 0,333,MNE,5:33,Saved,0
Action shot,3.0,5,0,1,CRO,1.0,PETKOVIC A,1 - 0,296,CRO,4:56,Goal,1
Action shot,9.0,5,0,1,CRO,1.0,IVOVIC A,1 - 0,272,MNE,4:32,Saved,0
5m shot,7.0,5,0,1,CRO,1.0,JANOVIC M,1 - 0,224,MNE,3:44,Saved,0
Extra player shot,11.0,5,0,1,CRO,1.0,KLIKOVAC F,1 - 0,188,MNE,3:08,Saved,0
Extra player shot,9.0,5,0,1,CRO,1.0,IVOVIC A,1 - 0,185,MNE,3:05,Saved,0
5m shot,7.0,5,0,1,CRO,1.0,MUSLIM P,1 - 0,160,CRO,2:40,Saved,0
5m shot,6.0,5,0,1,CRO,1.0,RADOVIC A,1 - 0,114,MNE,1:54,Missed,0
5m shot,9.0,5,0,1,CRO,1.0,SUKNO S,1 - 0,80,CRO,1:20,Saved,0
5m shot,9.0,5,0,1,CRO,1.0,SUKNO S,1 - 0,60,CRO,1:00,Saved,0
5m shot,9.0,5,0,1,CRO,1.0,SUKNO S,1 - 0,39,CRO,0:39,Blocked,0
Action shot,11.0,5,0,1,CRO,2.0,KLIKOVAC F,1 - 0,455,MNE,7:35,Saved,0
Extra player shot,7.0,5,0,2,CRO,2.0,MUSLIM P,2 - 0,412,CRO,6:52,Goal,1
5m shot,9.0,5,0,2,CRO,2.0,IVOVIC A,2 - 0,382,MNE,6:22,Saved,0
Extra player shot,7.0,5,0,2,CRO,2.0,MUSLIM P,2 - 0,344,CRO,5:44,Post,0
5m shot,5.0,5,0,2,CRO,2.0,JOKOVIC M,2 - 0,286,CRO,4:46,Saved,0
5m shot,2.0,5,0,2,CRO,2.0,BRGULJAN D,2 - 0,204,MNE,3:24,Saved,0
Extra player shot,6.0,5,0,3,CRO,2.0,BUKIC L,3 - 0,163,CRO,2:43,Goal,1
5m shot,7.0,5,0,3,CRO,2.0,JANOVIC M,3 - 0,121,MNE,2:01,Missed,0
Action shot,7.0,5,0,3,CRO,2.0,JANOVIC M,3 - 0,111,MNE,1:51,Saved,0
Action shot,10.0,5,0,4,CRO,2.0,PASKVALIN F,4 - 0,80,CRO,1:20,Goal,1
5m shot,6.0,5,0,4,CRO,2.0,RADOVIC A,4 - 0,10,MNE,0:10,Saved,0
Extra player shot,7.0,5,0,4,CRO,2.0,JANOVIC M,4 - 0,1,MNE,0:01,Saved,0
Action shot,7.0,5,0,5,CRO,3.0,MUSLIM P,5 - 0,459,CRO,7:39,Goal,1
Action shot,5.0,5,1,5,CRO,3.0,BRGULJAN D,5 - 1,441,MNE,7:21,Goal,1
Action shot,11.0,5,2,5,CRO,3.0,KLIKOVAC F,5 - 2,352,MNE,5:52,Goal,1
5m shot,12.0,5,2,5,CRO,3.0,OBRADOVIC P,5 - 2,317,CRO,5:17,Post,0
5m shot,12.0,5,2,5,CRO,3.0,OBRADOVIC P,5 - 2,290,CRO,4:50,Missed,0
Extra player shot,6.0,5,2,6,CRO,3.0,BUKIC L,6 - 2,217,CRO,3:37,Goal,1
5m shot,6.0,5,2,6,CRO,3.0,BUKIC L,6 - 2,191,CRO,3:11,Blocked,0
Action shot,10.0,5,2,6,CRO,3.0,PASKVALIN F,6 - 2,136,CRO,2:16,Missed,0
Action shot,9.0,5,2,6,CRO,3.0,SUKNO S,6 - 2,105,CRO,1:45,Saved,0
Action shot,11.0,5,3,6,CRO,3.0,KLIKOVAC F,6 - 3,59,MNE,0:59,Goal,1
5m shot,12.0,5,3,7,CRO,3.0,OBRADOVIC P,7 - 3,37,CRO,0:37,Goal,1
5m shot,9.0,5,3,7,CRO,3.0,IVOVIC A,7 - 3,0,MNE,0:00,Saved,0
Penalty shot,7.0,5,3,7,CRO,4.0,JANOVIC M,7 - 3,450,MNE,7:30,Saved,0
5m shot,7.0,5,3,8,CRO,4.0,MUSLIM P,8 - 3,420,CRO,7:00,Goal,1
Action shot,6.0,5,3,8,CRO,4.0,RADOVIC A,8 - 3,380,MNE,6:20,Saved,0
Counter attack,11.0,5,3,9,CRO,4.0,SETKA A,9 - 3,361,CRO,6:01,Goal,1
Action shot,7.0,5,3,9,CRO,4.0,JANOVIC M,9 - 3,342,MNE,5:42,Saved,0
5m shot,5.0,5,3,9,CRO,4.0,BRGULJAN D,9 - 3,315,MNE,5:15,Missed,0
5m shot,9.0,5,3,9,CRO,4.0,IVOVIC A,9 - 3,269,MNE,4:29,Post,0
5m shot,8.0,5,3,9,CRO,4.0,UKROPINA A,9 - 3,257,MNE,4:17,Saved,0
Extra player shot,12.0,5,3,9,CRO,4.0,OBRADOVIC P,9 - 3,195,CRO,3:15,Post,0
5m shot,12.0,5,3,9,CRO,4.0,JOKIC P,9 - 3,169,MNE,2:49,Post,0
5m shot,2.0,5,3,9,CRO,4.0,BURIC D,9 - 3,146,CRO,2:26,Saved,0
Action shot,11.0,5,4,9,CRO,4.0,KLIKOVAC F,9 - 4,124,MNE,2:04,Goal,1
5m shot,12.0,5,4,9,CRO,4.0,OBRADOVIC P,9 - 4,95,CRO,1:35,Saved,0
5m shot,5.0,5,4,9,CRO,4.0,BRGULJAN D,9 - 4,67,MNE,1:07,Saved,0
Action shot,9.0,5,4,10,CRO,4.0,SUKNO S,10 - 4,41,CRO,0:41,Goal,1
5m shot,7.0,6,0,0,AUS,1.0,ROACH A,0 - 0,452,AUS,7:32,Missed,0
5m shot,2.0,6,0,0,AUS,1.0,CAMPBELL R,0 - 0,393,AUS,6:33,Saved,0
5m shot,7.0,6,0,0,AUS,1.0,JANOVIC M,0 - 0,364,MNE,6:04,Blocked,0
5m shot,11.0,6,0,0,AUS,1.0,HOWDEN R,0 - 0,335,AUS,5:35,Saved,0
5m shot,6.0,6,1,0,AUS,1.0,RADOVIC A,1 - 0,312,MNE,5:12,Goal,1
Action shot,7.0,6,1,1,AUS,1.0,ROACH A,1 - 1,273,AUS,4:33,Goal,1
5m shot,6.0,6,2,1,AUS,1.0,RADOVIC A,2 - 1,245,MNE,4:05,Goal,1
Centre shot,12.0,6,2,1,AUS,1.0,MARTIN T,2 - 1,225,AUS,3:45,Saved,0
Action shot,5.0,6,3,1,AUS,1.0,BRGULJAN D,3 - 1,151,MNE,2:31,Goal,1
Extra player shot,2.0,6,4,1,AUS,1.0,BRGULJAN D,4 - 1,61,MNE,1:01,Goal,1
5m shot,10.0,6,4,1,AUS,1.0,EMERY M,4 - 1,34,AUS,0:34,Post,0
Extra player shot,5.0,6,5,1,AUS,2.0,BRGULJAN D,5 - 1,443,MNE,7:23,Goal,1
Action shot,11.0,6,5,1,AUS,2.0,HOWDEN R,5 - 1,396,AUS,6:36,Saved,0
Action shot,3.0,6,5,1,AUS,2.0,PASKOVIC V,5 - 1,327,MNE,5:27,Blocked,0
Action shot,9.0,6,5,1,AUS,2.0,IVOVIC A,5 - 1,283,MNE,4:43,Saved,0
Extra player shot,4.0,6,5,2,AUS,2.0,COTTERILL J,5 - 2,185,AUS,3:05,Goal,1
Extra player shot,10.0,6,5,2,AUS,2.0,EMERY M,5 - 2,122,AUS,2:02,Blocked,0
Extra player shot,10.0,6,5,2,AUS,2.0,MURISIC N,5 - 2,81,MNE,1:21,Saved,0
Extra player shot,7.0,6,5,2,AUS,2.0,ROACH A,5 - 2,55,AUS,0:55,Missed,0
Action shot,9.0,6,5,2,AUS,2.0,IVOVIC A,5 - 2,14,MNE,0:14,Post,0
5m shot,8.0,6,5,2,AUS,2.0,YOUNGER A,5 - 2,0,AUS,0:00,Saved,0
5m shot,7.0,6,5,2,AUS,3.0,JANOVIC M,5 - 2,451,MNE,7:31,Saved,0
Extra player shot,2.0,6,5,3,AUS,3.0,CAMPBELL R,5 - 3,417,AUS,6:57,Goal,1
5m shot,6.0,6,5,3,AUS,3.0,RADOVIC A,5 - 3,395,MNE,6:35,Post,0
Centre shot,2.0,6,5,4,AUS,3.0,CAMPBELL R,5 - 4,336,AUS,5:36,Goal,1
Penalty shot,6.0,6,5,4,AUS,3.0,RADOVIC A,5 - 4,314,MNE,5:14,Saved,0
Counter attack,7.0,6,6,4,AUS,3.0,JANOVIC M,6 - 4,281,MNE,4:41,Goal,1
Action shot,8.0,6,6,5,AUS,3.0,YOUNGER A,6 - 5,253,AUS,4:13,Goal,1
Penalty shot,9.0,6,7,5,AUS,3.0,IVOVIC A,7 - 5,232,MNE,3:52,Goal,1
5m shot,8.0,6,7,6,AUS,3.0,YOUNGER A,7 - 6,206,AUS,3:26,Goal,1
Action shot,7.0,6,8,6,AUS,3.0,JANOVIC M,8 - 6,127,MNE,2:07,Goal,1
Action shot,3.0,6,9,6,AUS,3.0,PASKOVIC V,9 - 6,47,MNE,0:47,Goal,1
5m shot,6.0,6,9,6,AUS,4.0,GILCHRIST J,9 - 6,356,AUS,5:56,Missed,0
Extra player shot,5.0,6,9,6,AUS,4.0,BRGULJAN D,9 - 6,326,MNE,5:26,Saved,0
Counter attack,4.0,6,9,7,AUS,4.0,COTTERILL J,9 - 7,306,AUS,5:06,Goal,1
5m shot,7.0,6,10,7,AUS,4.0,JANOVIC M,10 - 7,290,MNE,4:50,Goal,1
5m shot,8.0,6,10,7,AUS,4.0,YOUNGER A,10 - 7,268,AUS,4:28,Saved,0
Action shot,7.0,6,10,7,AUS,4.0,JANOVIC M,10 - 7,221,MNE,3:41,Blocked,0
5m shot,4.0,6,10,7,AUS,4.0,COTTERILL J,10 - 7,194,AUS,3:14,Saved,0
Extra player shot,12.0,6,10,8,AUS,4.0,MARTIN T,10 - 8,174,AUS,2:54,Goal,1
Penalty shot,7.0,6,11,8,AUS,4.0,JANOVIC M,11 - 8,102,MNE,1:42,Goal,1
Extra player shot,2.0,6,11,8,AUS,4.0,CAMPBELL R,11 - 8,83,AUS,1:23,Missed,0
5m shot,6.0,6,11,8,AUS,4.0,RADOVIC A,11 - 8,18,MNE,0:18,Saved,0
5m shot,8.0,6,11,8,AUS,4.0,YOUNGER A,11 - 8,2,AUS,0:02,Saved,0
5m shot,3.0,7,0,0,HUN,1.0,MADARAS N,0 - 0,452,HUN,7:32,Blocked,0
5m shot,3.0,7,0,0,HUN,1.0,MADARAS N,0 - 0,388,HUN,6:28,Saved,0
Action shot,8.0,7,0,1,HUN,1.0,SZIVOS M,0 - 1,373,HUN,6:13,Goal,1
Centre shot,9.0,7,1,1,HUN,1.0,IVOVIC A,1 - 1,353,MNE,5:53,Goal,1
5m shot,9.0,7,1,1,HUN,1.0,VARGA D,1 - 1,327,HUN,5:27,Saved,0
5m shot,3.0,7,1,1,HUN,1.0,PASKOVIC V,1 - 1,297,MNE,4:57,Blocked,0
Extra player shot,5.0,7,2,1,HUN,1.0,BRGULJAN D,2 - 1,263,MNE,4:23,Goal,1
Extra player shot,7.0,7,2,1,HUN,1.0,JANOVIC M,2 - 1,200,MNE,3:20,Post,0
Extra player shot,6.0,7,2,2,HUN,1.0,HOSNYANSZKY N,2 - 2,152,HUN,2:32,Goal,1
Extra player shot,12.0,7,2,2,HUN,1.0,JOKIC P,2 - 2,59,MNE,0:59,Post,0
Extra player shot,9.0,7,2,2,HUN,1.0,VARGA D,2 - 2,18,HUN,0:18,Saved,0
5m shot,5.0,7,2,2,HUN,1.0,VAMOS M,2 - 2,12,HUN,0:12,Saved,0
5m shot,3.0,7,3,2,HUN,2.0,PASKOVIC V,3 - 2,440,MNE,7:20,Goal,1
5m shot,3.0,7,3,2,HUN,2.0,MADARAS N,3 - 2,410,HUN,6:50,Missed,0
5m shot,5.0,7,3,2,HUN,2.0,VAMOS M,3 - 2,360,HUN,6:00,Saved,0
Centre shot,9.0,7,4,2,HUN,2.0,IVOVIC A,4 - 2,336,MNE,5:36,Goal,1
Extra player shot,6.0,7,4,3,HUN,2.0,HOSNYANSZKY N,4 - 3,303,HUN,5:03,Goal,1
Extra player shot,10.0,7,4,3,HUN,2.0,VARGA D,4 - 3,165,HUN,2:45,Post,0
Extra player shot,11.0,7,4,3,HUN,2.0,BEDO K,4 - 3,120,HUN,2:00,Saved,0
Counter attack,10.0,7,4,3,HUN,2.0,VARGA D,4 - 3,81,HUN,1:21,Saved,0
Action shot,10.0,7,4,3,HUN,2.0,VARGA D,4 - 3,42,HUN,0:42,Missed,0
Action shot,6.0,7,4,3,HUN,4.0,RADOVIC A,4 - 3,31,MNE,0:31,Saved,0
5m shot,9.0,7,10,9,HUN,4.0,VARGA D,10 - 9,15,HUN,0:15,Goal,1
5m shot,9.0,7,4,4,HUN,3.0,VARGA D,4 - 4,433,HUN,7:13,Goal,1
Extra player shot,6.0,7,4,4,HUN,3.0,RADOVIC A,4 - 4,399,MNE,6:39,Saved,0
Extra player shot,7.0,7,5,4,HUN,3.0,JANOVIC M,5 - 4,394,MNE,6:34,Goal,1
Extra player shot,9.0,7,6,4,HUN,3.0,IVOVIC A,6 - 4,297,MNE,4:57,Goal,1
5m shot,7.0,7,6,4,HUN,3.0,JANOVIC M,6 - 4,250,MNE,4:10,Saved,0
Extra player shot,3.0,7,6,4,HUN,3.0,MADARAS N,6 - 4,209,HUN,3:29,Blocked,0
Extra player shot,11.0,7,6,5,HUN,3.0,BEDO K,6 - 5,167,HUN,2:47,Goal,1
Centre shot,11.0,7,6,5,HUN,3.0,KLIKOVAC F,6 - 5,128,MNE,2:08,Saved,0
Action shot,8.0,7,6,5,HUN,3.0,SZIVOS M,6 - 5,93,HUN,1:33,Blocked,0
5m shot,9.0,7,6,5,HUN,3.0,VARGA D,6 - 5,43,HUN,0:43,Post,0
Extra player shot,7.0,7,6,5,HUN,3.0,JANOVIC M,6 - 5,2,MNE,0:02,Missed,0
5m shot,2.0,7,6,5,HUN,4.0,BRGULJAN D,6 - 5,450,MNE,7:30,Saved,0
Action shot,11.0,7,6,5,HUN,4.0,BEDO K,6 - 5,430,HUN,7:10,Saved,0
5m shot,10.0,7,6,5,HUN,4.0,VARGA D,6 - 5,407,HUN,6:47,Missed,0
Centre shot,5.0,7,6,5,HUN,4.0,BRGULJAN D,6 - 5,368,MNE,6:08,Saved,0
Counter attack,7.0,7,7,5,HUN,4.0,JANOVIC M,7 - 5,339,MNE,5:39,Goal,1
Action shot,10.0,7,7,6,HUN,4.0,VARGA D,7 - 6,319,HUN,5:19,Goal,1
Extra player shot,6.0,7,8,6,HUN,4.0,RADOVIC A,8 - 6,284,MNE,4:44,Goal,1
Extra player shot,9.0,7,8,6,HUN,4.0,VARGA D,8 - 6,251,HUN,4:11,Saved,0
Action shot,5.0,7,8,6,HUN,4.0,VAMOS M,8 - 6,239,HUN,3:59,Post,0
5m shot,9.0,7,8,6,HUN,4.0,VARGA D,8 - 6,233,HUN,3:53,Saved,0
Counter attack,3.0,7,9,6,HUN,4.0,PASKOVIC V,9 - 6,219,MNE,3:39,Goal,1
Extra player shot,4.0,7,9,7,HUN,4.0,ERDELYI B,9 - 7,179,HUN,2:59,Goal,1
Extra player shot,5.0,7,10,7,HUN,4.0,BRGULJAN D,10 - 7,139,MNE,2:19,Goal,1
Action shot,10.0,7,10,7,HUN,4.0,VARGA D,10 - 7,108,HUN,1:48,Post,0
5m shot,5.0,7,10,7,HUN,4.0,VAMOS M,10 - 7,82,HUN,1:22,Post,0
Extra player shot,4.0,7,10,8,HUN,4.0,ERDELYI B,10 - 8,61,HUN,1:01,Goal,1
