Action,Cap,Game,HUN,Opponent,Opponent name,Period,Player,Score,Seconds,Team,Time
Starting goalkeeper,1.0,1,0,0,KAZ,1.0,NAGY V,0 - 0,480,HUN,8:00
Starting goalkeeper,1.0,1,0,0,KAZ,1.0,FEDOROV A,0 - 0,480,KAZ,8:00
Sprint won possession,10.0,1,0,0,KAZ,1.0,VARGA D,0 - 0,480,HUN,8:00
Turnover foul,10.0,1,0,0,KAZ,1.0,VARGA D,0 - 0,462,HUN,7:42
20 sec. exclusion in centre,8.0,1,0,0,KAZ,1.0,KOLIADENKO A,0 - 0,460,KAZ,7:40
5m shot - Post,10.0,1,0,0,KAZ,1.0,VARGA D,0 - 0,453,HUN,7:33
Action shot - Saved,2.0,1,0,0,KAZ,1.0,GOR-NAGY M,0 - 0,441,HUN,7:21
Turnover foul,4.0,1,0,0,KAZ,1.0,PILIPENKO R,0 - 0,421,KAZ,7:01
20 sec. exclusion in centre,12.0,1,0,0,KAZ,1.0,PEKOVICH B,0 - 0,392,KAZ,6:32
Extra player shot - Goal,12.0,1,1,0,KAZ,1.0,HARAI B,1 - 0,377,HUN,6:17
20 sec. exclusion in centre,2.0,1,1,0,KAZ,1.0,GOR-NAGY M,1 - 0,357,HUN,5:57
Extra player shot - Blocked,3.0,1,1,0,KAZ,1.0,AXENOV A,1 - 0,337,KAZ,5:37
5m shot - Goal,10.0,1,2,0,KAZ,1.0,VARGA D,2 - 0,312,HUN,5:12
Turnover foul,3.0,1,2,0,KAZ,1.0,AXENOV A,2 - 0,296,KAZ,4:56
Turnover foul,10.0,1,2,0,KAZ,1.0,VARGA D,2 - 0,273,HUN,4:33
20 sec. exclusion in field,4.0,1,2,0,KAZ,1.0,ERDELYI B,2 - 0,260,HUN,4:20
Extra player shot - Saved,3.0,1,2,0,KAZ,1.0,AXENOV A,2 - 0,246,KAZ,4:06
5m shot - Blocked,2.0,1,2,0,KAZ,1.0,GUBAREV S,2 - 0,219,KAZ,3:39
Action shot - Goal,7.0,1,3,0,KAZ,1.0,ANGYAL D,3 - 0,196,HUN,3:16
Action shot - Missed,6.0,1,3,0,KAZ,1.0,SHMIDER A,3 - 0,174,KAZ,2:54
20 sec. exclusion in centre,4.0,1,3,0,KAZ,1.0,PILIPENKO R,3 - 0,144,KAZ,2:24
Extra player shot - Goal,11.0,1,4,0,KAZ,1.0,BEDO K,4 - 0,127,HUN,2:07
20 sec. exclusion in centre,6.0,1,4,0,KAZ,1.0,HOSNYANSZKY N,4 - 0,103,HUN,1:43
Time-Out,,1,4,0,KAZ,1.0,,4 - 0,100,KAZ,1:40
Action shot - Post,5.0,1,4,0,KAZ,1.0,USHAKOV V,4 - 0,75,KAZ,1:15
Action shot - Saved,2.0,1,4,0,KAZ,1.0,GOR-NAGY M,4 - 0,46,HUN,0:46
Turnover foul,4.0,1,4,0,KAZ,1.0,ERDELYI B,4 - 0,24,HUN,0:24
5m shot - Missed,3.0,1,4,0,KAZ,1.0,AXENOV A,4 - 0,9,KAZ,0:09
Time-Out,,1,4,0,KAZ,1.0,,4 - 0,9,HUN,0:09
5m shot - Post,5.0,1,4,0,KAZ,1.0,VAMOS M,4 - 0,4,HUN,0:04
Starting goalkeeper,1.0,1,4,0,KAZ,2.0,NAGY V,4 - 0,480,HUN,8:00
Starting goalkeeper,1.0,1,4,0,KAZ,2.0,FEDOROV A,4 - 0,480,KAZ,8:00
Sprint won possession,4.0,1,4,0,KAZ,2.0,ERDELYI B,4 - 0,480,HUN,8:00
20 sec. exclusion in centre,2.0,1,4,0,KAZ,2.0,GUBAREV S,4 - 0,454,KAZ,7:34
Extra player shot - Saved,4.0,1,4,0,KAZ,2.0,ERDELYI B,4 - 0,434,HUN,7:14
Turnover foul,4.0,1,4,0,KAZ,2.0,ERDELYI B,4 - 0,411,HUN,6:51
Steal,1.0,1,4,0,KAZ,2.0,FEDOROV A,4 - 0,411,KAZ,6:51
5m shot - Saved,9.0,1,4,0,KAZ,2.0,UKUMANOV R,4 - 0,382,KAZ,6:22
Action shot - Goal,10.0,1,5,0,KAZ,2.0,VARGA D,5 - 0,365,HUN,6:05
20 sec. exclusion in field,4.0,1,5,0,KAZ,2.0,ERDELYI B,5 - 0,354,HUN,5:54
Action shot - Post,3.0,1,5,0,KAZ,2.0,AXENOV A,5 - 0,327,KAZ,5:27
Turnover foul,6.0,1,5,0,KAZ,2.0,HOSNYANSZKY N,5 - 0,310,HUN,5:10
5m shot - Missed,9.0,1,5,0,KAZ,2.0,UKUMANOV R,5 - 0,288,KAZ,4:48
20 sec. exclusion in centre,11.0,1,5,0,KAZ,2.0,MANAFOV R,5 - 0,265,KAZ,4:25
Extra player shot - Goal,11.0,1,6,0,KAZ,2.0,BEDO K,6 - 0,249,HUN,4:09
20 sec. exclusion in centre,2.0,1,6,0,KAZ,2.0,GOR-NAGY M,6 - 0,235,HUN,3:55
Action shot - Blocked,9.0,1,6,0,KAZ,2.0,UKUMANOV R,6 - 0,190,KAZ,3:10
5m shot - Saved,4.0,1,6,0,KAZ,2.0,ERDELYI B,6 - 0,177,HUN,2:57
Counter attack - Saved,2.0,1,6,0,KAZ,2.0,GUBAREV S,6 - 0,161,KAZ,2:41
5m shot - Saved,7.0,1,6,0,KAZ,2.0,ANGYAL D,6 - 0,147,HUN,2:27
20 sec. exclusion in centre,9.0,1,6,0,KAZ,2.0,UKUMANOV R,6 - 0,130,KAZ,2:10
Turnover foul,5.0,1,6,0,KAZ,2.0,VAMOS M,6 - 0,118,HUN,1:58
Action shot - Saved,5.0,1,6,0,KAZ,2.0,USHAKOV V,6 - 0,90,KAZ,1:30
Time-Out,,1,6,0,KAZ,2.0,,6 - 0,89,HUN,1:29
20 sec. exclusion in centre,8.0,1,6,0,KAZ,2.0,KOLIADENKO A,6 - 0,69,KAZ,1:09
Extra player shot - Goal,8.0,1,7,0,KAZ,2.0,SZIVOS M,7 - 0,56,HUN,0:56
20 sec. exclusion in centre,11.0,1,7,0,KAZ,2.0,BEDO K,7 - 0,41,HUN,0:41
Extra player shot - Saved,5.0,1,7,0,KAZ,2.0,USHAKOV V,7 - 0,11,KAZ,0:11
Starting goalkeeper,1.0,1,7,0,KAZ,3.0,NAGY V,7 - 0,480,HUN,8:00
Starting goalkeeper,1.0,1,7,0,KAZ,3.0,FEDOROV A,7 - 0,480,KAZ,8:00
Sprint won possession,9.0,1,7,0,KAZ,3.0,VARGA D,7 - 0,480,HUN,8:00
20 sec. exclusion in centre,4.0,1,7,0,KAZ,3.0,PILIPENKO R,7 - 0,454,KAZ,7:34
Extra player shot - Goal,12.0,1,8,0,KAZ,3.0,HARAI B,8 - 0,442,HUN,7:22
Centre shot - Saved,12.0,1,8,0,KAZ,3.0,PEKOVICH B,8 - 0,419,KAZ,6:59
Centre shot - Goal,12.0,1,9,0,KAZ,3.0,HARAI B,9 - 0,405,HUN,6:45
20 sec. exclusion in centre,3.0,1,9,0,KAZ,3.0,AXENOV A,9 - 0,354,KAZ,5:54
Extra player shot - Post,9.0,1,9,0,KAZ,3.0,VARGA D,9 - 0,348,HUN,5:48
Extra player shot - Post,3.0,1,9,0,KAZ,3.0,MADARAS N,9 - 0,335,HUN,5:35
Action shot - Goal,6.0,1,10,0,KAZ,3.0,HOSNYANSZKY N,10 - 0,326,HUN,5:26
20 sec. exclusion in field,5.0,1,10,0,KAZ,3.0,VAMOS M,10 - 0,313,HUN,5:13
Extra player shot - Blocked,3.0,1,10,0,KAZ,3.0,AXENOV A,10 - 0,297,KAZ,4:57
Turnover foul,3.0,1,10,0,KAZ,3.0,MADARAS N,10 - 0,285,HUN,4:45
Action shot - Saved,5.0,1,10,0,KAZ,3.0,USHAKOV V,10 - 0,260,KAZ,4:20
Action shot - Goal,9.0,1,11,0,KAZ,3.0,VARGA D,11 - 0,240,HUN,4:00
5m shot - Saved,9.0,1,11,0,KAZ,3.0,UKUMANOV R,11 - 0,216,KAZ,3:36
Action shot - Saved,4.0,1,11,0,KAZ,3.0,ERDELYI B,11 - 0,196,HUN,3:16
Penalty foul,8.0,1,11,0,KAZ,3.0,SZIVOS M,11 - 0,178,HUN,2:58
Penalty shot - Goal,9.0,1,11,1,KAZ,3.0,UKUMANOV R,11 - 1,178,KAZ,2:58
Action shot - Saved,11.0,1,11,1,KAZ,3.0,BEDO K,11 - 1,156,HUN,2:36
20 sec. exclusion in centre,6.0,1,11,1,KAZ,3.0,SHMIDER A,11 - 1,137,KAZ,2:17
Time-Out,,1,11,1,KAZ,3.0,,11 - 1,137,HUN,2:17
Extra player shot - Post,10.0,1,11,1,KAZ,3.0,VARGA D,11 - 1,119,HUN,1:59
Action shot - Goal,5.0,1,11,2,KAZ,3.0,USHAKOV V,11 - 2,106,KAZ,1:46
5m shot - Goal,6.0,1,12,2,KAZ,3.0,HOSNYANSZKY N,12 - 2,78,HUN,1:18
Turnover foul,2.0,1,12,2,KAZ,3.0,GUBAREV S,12 - 2,46,KAZ,0:46
Steal,10.0,1,12,2,KAZ,3.0,VARGA D,12 - 2,46,HUN,0:46
Turnover foul,5.0,1,12,2,KAZ,3.0,VAMOS M,12 - 2,14,HUN,0:14
20 sec. exclusion in centre,12.0,1,12,2,KAZ,3.0,HARAI B,12 - 2,7,HUN,0:07
Extra player shot - Saved,9.0,1,12,2,KAZ,3.0,UKUMANOV R,12 - 2,2,KAZ,0:02
Starting goalkeeper,1.0,1,12,2,KAZ,4.0,NAGY V,12 - 2,480,HUN,8:00
Starting goalkeeper,1.0,1,12,2,KAZ,4.0,FEDOROV A,12 - 2,480,KAZ,8:00
Sprint won possession,4.0,1,12,2,KAZ,4.0,ERDELYI B,12 - 2,480,HUN,8:00
20 sec. exclusion in centre,3.0,1,12,2,KAZ,4.0,AXENOV A,12 - 2,462,KAZ,7:42
Action shot - Saved,8.0,1,12,2,KAZ,4.0,SZIVOS M,12 - 2,454,HUN,7:34
5m shot - Saved,5.0,1,12,2,KAZ,4.0,USHAKOV V,12 - 2,435,KAZ,7:15
Turnover foul,5.0,1,12,2,KAZ,4.0,USHAKOV V,12 - 2,429,KAZ,7:09
5m shot - Post,9.0,1,12,2,KAZ,4.0,VARGA D,12 - 2,400,HUN,6:40
20 sec. exclusion in centre,4.0,1,12,2,KAZ,4.0,ERDELYI B,12 - 2,382,HUN,6:22
Exclusion with substitution,4.0,1,12,2,KAZ,4.0,ERDELYI B,12 - 2,382,HUN,6:22
Extra player shot - Goal,2.0,1,12,3,KAZ,4.0,GUBAREV S,12 - 3,362,KAZ,6:02
20 sec. exclusion in field,9.0,1,12,3,KAZ,4.0,VARGA D,12 - 3,337,HUN,5:37
Turnover foul,9.0,1,12,3,KAZ,4.0,VARGA D,12 - 3,336,HUN,5:36
Action shot - Missed,12.0,1,12,3,KAZ,4.0,PEKOVICH B,12 - 3,336,KAZ,5:36
20 sec. exclusion in centre,6.0,1,12,3,KAZ,4.0,SHMIDER A,12 - 3,297,KAZ,4:57
Time-Out,,1,12,3,KAZ,4.0,,12 - 3,297,HUN,4:57
Centre shot - Goal,12.0,1,13,3,KAZ,4.0,HARAI B,13 - 3,275,HUN,4:35
Action shot - Saved,8.0,1,13,3,KAZ,4.0,KOLIADENKO A,13 - 3,246,KAZ,4:06
Centre shot - Saved,8.0,1,13,3,KAZ,4.0,KOLIADENKO A,13 - 3,237,KAZ,3:57
20 sec. exclusion in centre,9.0,1,13,3,KAZ,4.0,VARGA D,13 - 3,230,HUN,3:50
Time-Out,,1,13,3,KAZ,4.0,,13 - 3,230,KAZ,3:50
Extra player shot - Goal,3.0,1,13,4,KAZ,4.0,AXENOV A,13 - 4,216,KAZ,3:36
Action shot - Saved,3.0,1,13,4,KAZ,4.0,MADARAS N,13 - 4,189,HUN,3:09
20 sec. exclusion in centre,2.0,1,13,4,KAZ,4.0,GOR-NAGY M,13 - 4,178,HUN,2:58
Exclusion with substitution,2.0,1,13,4,KAZ,4.0,GOR-NAGY M,13 - 4,178,HUN,2:58
Extra player shot - Goal,5.0,1,13,5,KAZ,4.0,USHAKOV V,13 - 5,158,KAZ,2:38
Centre shot - Saved,11.0,1,13,5,KAZ,4.0,BEDO K,13 - 5,132,HUN,2:12
5m shot - Saved,5.0,1,13,5,KAZ,4.0,VAMOS M,13 - 5,121,HUN,2:01
Turnover foul,3.0,1,13,5,KAZ,4.0,AXENOV A,13 - 5,102,KAZ,1:42
20 sec. exclusion in centre,3.0,1,13,5,KAZ,4.0,AXENOV A,13 - 5,102,KAZ,1:42
Exclusion with substitution,3.0,1,13,5,KAZ,4.0,AXENOV A,13 - 5,102,KAZ,1:42
Action shot - Post,6.0,1,13,5,KAZ,4.0,HOSNYANSZKY N,13 - 5,84,HUN,1:24
Turnover foul,6.0,1,13,5,KAZ,4.0,SHMIDER A,13 - 5,71,KAZ,1:11
Steal,6.0,1,13,5,KAZ,4.0,HOSNYANSZKY N,13 - 5,71,HUN,1:11
Action shot - Goal,10.0,1,14,5,KAZ,4.0,VARGA D,14 - 5,50,HUN,0:50
Turnover foul,9.0,1,14,5,KAZ,4.0,UKUMANOV R,14 - 5,23,KAZ,0:23
Steal,1.0,1,14,5,KAZ,4.0,NAGY V,14 - 5,23,HUN,0:23
Action shot - Post,6.0,1,14,5,KAZ,4.0,HOSNYANSZKY N,14 - 5,0,HUN,0:00
Starting goalkeeper,1.0,2,0,0,RSA,1.0,FLATSCHER D,0 - 0,480,RSA,8:00
Starting goalkeeper,13.0,2,0,0,RSA,1.0,DECKER A,0 - 0,480,HUN,8:00
Sprint won possession,10.0,2,0,0,RSA,1.0,VARGA D,0 - 0,480,HUN,8:00
20 sec. exclusion in centre,6.0,2,0,0,RSA,1.0,DE CARVALHO J,0 - 0,462,RSA,7:42
Extra player shot - Saved,2.0,2,0,0,RSA,1.0,GOR-NAGY M,0 - 0,451,HUN,7:31
Turnover foul,3.0,2,0,0,RSA,1.0,CARD D,0 - 0,424,RSA,7:04
Steal,13.0,2,0,0,RSA,1.0,DECKER A,0 - 0,424,HUN,7:04
20 sec. exclusion in centre,2.0,2,0,0,RSA,1.0,LE ROUX E,0 - 0,405,RSA,6:45
Action shot - Post,9.0,2,0,0,RSA,1.0,VARGA D,0 - 0,394,HUN,6:34
Turnover foul,2.0,2,0,0,RSA,1.0,LE ROUX E,0 - 0,369,RSA,6:09
Steal,8.0,2,0,0,RSA,1.0,SZIVOS M,0 - 0,369,HUN,6:09
5m shot - Goal,10.0,2,1,0,RSA,1.0,VARGA D,0 - 1,349,HUN,5:49
5m shot - Saved,10.0,2,1,0,RSA,1.0,LE ROUX P,0 - 1,323,RSA,5:23
Counter attack - Saved,9.0,2,1,0,RSA,1.0,VARGA D,0 - 1,304,HUN,5:04
Turnover foul,4.0,2,1,0,RSA,1.0,BADENHORST I,0 - 1,275,RSA,4:35
Steal,9.0,2,1,0,RSA,1.0,VARGA D,0 - 1,275,HUN,4:35
Turnover foul,9.0,2,1,0,RSA,1.0,VARGA D,0 - 1,257,HUN,4:17
Steal,10.0,2,1,0,RSA,1.0,LE ROUX P,0 - 1,257,RSA,4:17
Turnover foul,11.0,2,1,0,RSA,1.0,MOLYNEUX N,0 - 1,231,RSA,3:51
Steal,12.0,2,1,0,RSA,1.0,HARAI B,0 - 1,231,HUN,3:51
Counter attack - Goal,12.0,2,2,0,RSA,1.0,HARAI B,0 - 2,218,HUN,3:38
Turnover foul,6.0,2,2,0,RSA,1.0,DE CARVALHO J,0 - 2,196,RSA,3:16
Steal,4.0,2,2,0,RSA,1.0,ERDELYI B,0 - 2,192,HUN,3:12
Penalty foul,6.0,2,2,0,RSA,1.0,DE CARVALHO J,0 - 2,191,RSA,3:11
Penalty shot - Goal,4.0,2,3,0,RSA,1.0,ERDELYI B,0 - 3,191,HUN,3:11
Time-Out,,2,3,0,RSA,1.0,,0 - 3,191,RSA,3:11
Turnover foul,5.0,2,3,0,RSA,1.0,HOCK N,0 - 3,172,RSA,2:52
Steal,6.0,2,3,0,RSA,1.0,HOSNYANSZKY N,0 - 3,172,HUN,2:52
Action shot - Goal,6.0,2,4,0,RSA,1.0,HOSNYANSZKY N,0 - 4,146,HUN,2:26
5m shot - Saved,12.0,2,4,0,RSA,1.0,BOHATA W,0 - 4,114,RSA,1:54
Action shot - Post,7.0,2,4,0,RSA,1.0,ANGYAL D,0 - 4,95,HUN,1:35
Counter attack - Goal,11.0,2,4,1,RSA,1.0,MOLYNEUX N,1 - 4,79,RSA,1:19
Action shot - Goal,8.0,2,5,1,RSA,1.0,SZIVOS M,1 - 5,56,HUN,0:56
20 sec. exclusion in centre,9.0,2,5,1,RSA,1.0,VARGA D,1 - 5,44,HUN,0:44
Turnover foul,2.0,2,5,1,RSA,1.0,LE ROUX E,1 - 5,17,RSA,0:17
Steal,5.0,2,5,1,RSA,1.0,VAMOS M,1 - 5,17,HUN,0:17
Starting goalkeeper,1.0,2,5,1,RSA,2.0,FLATSCHER D,1 - 5,480,RSA,8:00
Starting goalkeeper,13.0,2,5,1,RSA,2.0,DECKER A,1 - 5,480,HUN,8:00
Sprint won possession,4.0,2,5,1,RSA,2.0,ERDELYI B,1 - 5,480,HUN,8:00
Action shot - Goal,12.0,2,6,1,RSA,2.0,HARAI B,1 - 6,466,HUN,7:46
20 sec. exclusion in field,4.0,2,6,1,RSA,2.0,BADENHORST I,1 - 6,447,RSA,7:27
Time-Out,,2,6,1,RSA,2.0,,1 - 6,447,HUN,7:27
Action shot - Saved,6.0,2,6,1,RSA,2.0,HOSNYANSZKY N,1 - 6,425,HUN,7:05
20 sec. exclusion in centre,10.0,2,6,1,RSA,2.0,LE ROUX P,1 - 6,415,RSA,6:55
Extra player shot - Post,5.0,2,6,1,RSA,2.0,VAMOS M,1 - 6,400,HUN,6:40
Goalkeeper substitution,13.0,2,6,1,RSA,2.0,LEWIS J,1 - 6,380,RSA,6:20
Turnover foul,2.0,2,6,1,RSA,2.0,LE ROUX E,1 - 6,376,RSA,6:16
Steal,10.0,2,6,1,RSA,2.0,VARGA D,1 - 6,376,HUN,6:16
Centre shot - Goal,10.0,2,7,1,RSA,2.0,VARGA D,1 - 7,352,HUN,5:52
Turnover foul,3.0,2,7,1,RSA,2.0,CARD D,1 - 7,336,RSA,5:36
Turnover foul,11.0,2,7,1,RSA,2.0,BEDO K,1 - 7,309,HUN,5:09
Counter attack - Missed,11.0,2,7,1,RSA,2.0,MOLYNEUX N,1 - 7,295,RSA,4:55
Action shot - Goal,10.0,2,8,1,RSA,2.0,VARGA D,1 - 8,278,HUN,4:38
Turnover foul,11.0,2,8,1,RSA,2.0,MOLYNEUX N,1 - 8,249,RSA,4:09
Steal,9.0,2,8,1,RSA,2.0,VARGA D,1 - 8,249,HUN,4:09
5m shot - Saved,3.0,2,8,1,RSA,2.0,MADARAS N,1 - 8,223,HUN,3:43
Time-Out,,2,8,1,RSA,2.0,,1 - 8,221,RSA,3:41
Action shot - Saved,11.0,2,8,1,RSA,2.0,MOLYNEUX N,1 - 8,195,RSA,3:15
5m shot - Blocked,2.0,2,8,1,RSA,2.0,LE ROUX E,1 - 8,185,RSA,3:05
20 sec. exclusion in centre,11.0,2,8,1,RSA,2.0,MOLYNEUX N,1 - 8,148,RSA,2:28
5m shot - Saved,6.0,2,8,1,RSA,2.0,DE CARVALHO J,1 - 8,104,RSA,1:44
Turnover foul,10.0,2,8,1,RSA,2.0,VARGA D,1 - 8,85,HUN,1:25
Steal,2.0,2,8,1,RSA,2.0,LE ROUX E,1 - 8,85,RSA,1:25
Turnover foul,7.0,2,8,1,RSA,2.0,JAGGA D,1 - 8,64,RSA,1:04
5m shot - Missed,6.0,2,8,1,RSA,4.0,HOSNYANSZKY N,1 - 8,110,HUN,1:50
Action shot - Blocked,2.0,2,8,1,RSA,4.0,LE ROUX E,1 - 8,80,RSA,1:20
Turnover foul,2.0,2,8,1,RSA,4.0,LE ROUX E,1 - 8,79,RSA,1:19
Steal,3.0,2,8,1,RSA,2.0,MADARAS N,1 - 8,64,HUN,1:04
Turnover foul,4.0,2,8,1,RSA,2.0,ERDELYI B,1 - 8,39,HUN,0:39
5m shot - Saved,7.0,2,8,1,RSA,2.0,JAGGA D,1 - 8,10,RSA,0:10
5m shot - Missed,3.0,2,8,1,RSA,2.0,MADARAS N,1 - 8,0,HUN,0:00
Starting goalkeeper,13.0,2,8,1,RSA,3.0,LEWIS J,1 - 8,480,RSA,8:00
Starting goalkeeper,13.0,2,8,1,RSA,3.0,DECKER A,1 - 8,480,HUN,8:00
Sprint won possession,4.0,2,8,1,RSA,3.0,ERDELYI B,1 - 8,480,HUN,8:00
Action shot - Goal,12.0,2,9,1,RSA,3.0,HARAI B,1 - 9,453,HUN,7:33
Action shot - Goal,5.0,2,9,2,RSA,3.0,HOCK N,2 - 9,427,RSA,7:07
Turnover foul,12.0,2,9,2,RSA,3.0,HARAI B,2 - 9,406,HUN,6:46
20 sec. exclusion in centre,2.0,2,9,2,RSA,3.0,GOR-NAGY M,2 - 9,384,HUN,6:24
Extra player shot - Missed,10.0,2,9,2,RSA,3.0,LE ROUX P,2 - 9,363,RSA,6:03
Penalty foul,8.0,2,9,2,RSA,3.0,WINGATE-PEARSE J,2 - 9,349,RSA,5:49
Penalty shot - Goal,5.0,2,10,2,RSA,3.0,VAMOS M,2 - 10,349,HUN,5:49
Action shot - Saved,12.0,2,10,2,RSA,3.0,HARAI B,2 - 10,290,HUN,4:50
Turnover foul,5.0,2,10,2,RSA,3.0,HOCK N,2 - 10,266,RSA,4:26
Steal,5.0,2,10,2,RSA,3.0,VAMOS M,2 - 10,266,HUN,4:26
5m shot - Saved,5.0,2,10,2,RSA,3.0,VAMOS M,2 - 10,245,HUN,4:05
5m shot - Post,6.0,2,10,2,RSA,3.0,HOSNYANSZKY N,2 - 10,239,HUN,3:59
Time-Out,,2,10,2,RSA,3.0,,2 - 10,234,RSA,3:54
Turnover foul,2.0,2,10,2,RSA,3.0,LE ROUX E,2 - 10,223,RSA,3:43
Steal,3.0,2,10,2,RSA,3.0,MADARAS N,2 - 10,223,HUN,3:43
20 sec. exclusion in field,9.0,2,10,2,RSA,3.0,WHYTE D,2 - 10,221,RSA,3:41
Time-Out,,2,10,2,RSA,3.0,,2 - 10,221,HUN,3:41
Extra player shot - Post,3.0,2,10,2,RSA,3.0,MADARAS N,2 - 10,203,HUN,3:23
Action shot - Post,10.0,2,10,2,RSA,3.0,VARGA D,2 - 10,196,HUN,3:16
5m shot - Saved,2.0,2,10,2,RSA,3.0,LE ROUX E,2 - 10,170,RSA,2:50
Penalty foul,9.0,2,10,2,RSA,3.0,VARGA D,2 - 10,157,HUN,2:37
Penalty shot - Goal,11.0,2,10,3,RSA,3.0,MOLYNEUX N,3 - 10,157,RSA,2:37
Centre shot - Goal,11.0,2,11,3,RSA,3.0,BEDO K,3 - 11,138,HUN,2:18
Turnover foul,2.0,2,11,3,RSA,3.0,LE ROUX E,3 - 11,120,RSA,2:00
Steal,10.0,2,11,3,RSA,3.0,VARGA D,3 - 11,120,HUN,2:00
20 sec. exclusion in field,2.0,2,11,3,RSA,3.0,LE ROUX E,3 - 11,115,RSA,1:55
Extra player shot - Goal,10.0,2,12,3,RSA,3.0,VARGA D,3 - 12,98,HUN,1:38
20 sec. exclusion in centre,2.0,2,12,3,RSA,3.0,GOR-NAGY M,3 - 12,77,HUN,1:17
Turnover foul,2.0,2,12,3,RSA,3.0,LE ROUX E,3 - 12,43,RSA,0:43
Steal,5.0,2,12,3,RSA,3.0,VAMOS M,3 - 12,43,HUN,0:43
5m shot - Saved,6.0,2,12,3,RSA,3.0,HOSNYANSZKY N,3 - 12,37,HUN,0:37
Starting goalkeeper,13.0,2,12,3,RSA,4.0,LEWIS J,3 - 12,480,RSA,8:00
Starting goalkeeper,13.0,2,12,3,RSA,4.0,DECKER A,3 - 12,480,HUN,8:00
Sprint won possession,11.0,2,12,3,RSA,4.0,MOLYNEUX N,3 - 12,480,RSA,8:00
Turnover foul,10.0,2,12,3,RSA,4.0,LE ROUX P,3 - 12,451,RSA,7:31
Steal,7.0,2,12,3,RSA,4.0,ANGYAL D,3 - 12,451,HUN,7:31
5m shot - Saved,5.0,2,12,3,RSA,4.0,VAMOS M,3 - 12,428,HUN,7:08
Action shot - Saved,5.0,2,12,3,RSA,4.0,VAMOS M,3 - 12,423,HUN,7:03
20 sec. exclusion in centre,5.0,2,12,3,RSA,4.0,HOCK N,3 - 12,402,RSA,6:42
Turnover foul,4.0,2,12,3,RSA,4.0,ERDELYI B,3 - 12,373,HUN,6:13
Turnover foul,5.0,2,12,3,RSA,4.0,HOCK N,3 - 12,365,RSA,6:05
Steal,6.0,2,12,3,RSA,4.0,HOSNYANSZKY N,3 - 12,365,HUN,6:05
20 sec. exclusion in field,5.0,2,12,3,RSA,4.0,HOCK N,3 - 12,365,RSA,6:05
Extra player shot - Goal,5.0,2,13,3,RSA,4.0,VAMOS M,3 - 13,356,HUN,5:56
Action shot - Goal,7.0,2,13,4,RSA,4.0,JAGGA D,4 - 13,337,RSA,5:37
Action shot - Saved,10.0,2,13,4,RSA,4.0,VARGA D,4 - 13,318,HUN,5:18
Turnover foul,10.0,2,13,4,RSA,4.0,LE ROUX P,4 - 13,300,RSA,5:00
Steal,4.0,2,13,4,RSA,4.0,ERDELYI B,4 - 13,300,HUN,5:00
20 sec. exclusion in centre,6.0,2,13,4,RSA,4.0,DE CARVALHO J,4 - 13,284,RSA,4:44
Exclusion with substitution,6.0,2,13,4,RSA,4.0,DE CARVALHO J,4 - 13,284,RSA,4:44
Extra player shot - Goal,7.0,2,14,4,RSA,4.0,ANGYAL D,4 - 14,265,HUN,4:25
Turnover foul,2.0,2,14,4,RSA,4.0,LE ROUX E,4 - 14,239,RSA,3:59
Steal,4.0,2,14,4,RSA,4.0,ERDELYI B,4 - 14,239,HUN,3:59
5m shot - Saved,3.0,2,14,4,RSA,4.0,MADARAS N,4 - 14,212,HUN,3:32
Action shot - Goal,10.0,2,15,4,RSA,4.0,VARGA D,4 - 15,164,HUN,2:44
Turnover foul,10.0,2,15,4,RSA,4.0,LE ROUX P,4 - 15,139,RSA,2:19
Steal,8.0,2,15,4,RSA,4.0,SZIVOS M,4 - 15,139,HUN,2:19
Counter attack - Goal,4.0,2,16,4,RSA,4.0,ERDELYI B,4 - 16,79,HUN,1:19
Action shot - Goal,4.0,2,17,4,RSA,4.0,ERDELYI B,4 - 17,37,HUN,0:37
5m shot - Saved,8.0,2,17,4,RSA,4.0,SZIVOS M,4 - 17,0,HUN,0:00
Starting goalkeeper,1.0,3,0,0,ARG,1.0,NAGY V,0 - 0,480,HUN,8:00
Starting goalkeeper,1.0,3,0,0,ARG,1.0,MALNERO D,0 - 0,480,ARG,8:00
Sprint won possession,6.0,3,0,0,ARG,1.0,BULGHERONI T,0 - 0,480,ARG,8:00
Action shot - Saved,5.0,3,0,0,ARG,1.0,LOPEZ E,0 - 0,452,ARG,7:32
20 sec. exclusion in centre,9.0,3,0,0,ARG,1.0,VARGA D,0 - 0,448,HUN,7:28
Action shot - Goal,5.0,3,0,1,ARG,1.0,LOPEZ E,0 - 1,432,ARG,7:12
Turnover foul,3.0,3,0,1,ARG,1.0,MADARAS N,0 - 1,411,HUN,6:51
Turnover foul,12.0,3,0,1,ARG,1.0,YANEZ G,0 - 1,398,ARG,6:38
Steal,2.0,3,0,1,ARG,1.0,GOR-NAGY M,0 - 1,398,HUN,6:38
Action shot - Goal,8.0,3,1,1,ARG,1.0,SZIVOS M,1 - 1,381,HUN,6:21
5m shot - Missed,2.0,3,1,1,ARG,1.0,VEICH R,1 - 1,353,ARG,5:53
Action shot - Goal,12.0,3,2,1,ARG,1.0,HARAI B,2 - 1,339,HUN,5:39
Action shot - Missed,9.0,3,2,1,ARG,1.0,CARABANTES I,2 - 1,315,ARG,5:15
20 sec. exclusion in centre,12.0,3,2,1,ARG,1.0,YANEZ G,2 - 1,295,ARG,4:55
Extra player shot - Goal,3.0,3,3,1,ARG,1.0,MADARAS N,3 - 1,281,HUN,4:41
Turnover foul,12.0,3,3,1,ARG,1.0,YANEZ G,3 - 1,253,ARG,4:13
Counter attack - Goal,4.0,3,4,1,ARG,1.0,ERDELYI B,4 - 1,247,HUN,4:07
Turnover foul,9.0,3,4,1,ARG,1.0,CARABANTES I,4 - 1,215,ARG,3:35
20 sec. exclusion in centre,4.0,3,4,1,ARG,1.0,MONUTTI A,4 - 1,188,ARG,3:08
Extra player shot - Goal,7.0,3,5,1,ARG,1.0,ANGYAL D,5 - 1,187,HUN,3:07
20 sec. exclusion in centre,4.0,3,5,1,ARG,1.0,ERDELYI B,5 - 1,163,HUN,2:43
Action shot - Post,8.0,3,5,1,ARG,1.0,CORSI E,5 - 1,136,ARG,2:16
Turnover foul,4.0,3,5,1,ARG,1.0,ERDELYI B,5 - 1,117,HUN,1:57
Action shot - Goal,11.0,3,5,2,ARG,1.0,DEMARCHI F,5 - 2,101,ARG,1:41
20 sec. exclusion in centre,9.0,3,5,2,ARG,1.0,CARABANTES I,5 - 2,80,ARG,1:20
Time-Out,,3,5,2,ARG,1.0,,5 - 2,46,ARG,0:46
5m shot - Missed,8.0,3,5,2,ARG,1.0,CORSI E,5 - 2,28,ARG,0:28
Time-Out,,3,5,2,ARG,1.0,,5 - 2,28,HUN,0:28
20 sec. exclusion in centre,10.0,3,5,2,ARG,1.0,DASZCZYK J,5 - 2,10,ARG,0:10
Extra player shot - Goal,6.0,3,6,2,ARG,1.0,HOSNYANSZKY N,6 - 2,1,HUN,0:01
Starting goalkeeper,1.0,3,6,2,ARG,2.0,NAGY V,6 - 2,480,HUN,8:00
Starting goalkeeper,1.0,3,6,2,ARG,2.0,MALNERO D,6 - 2,480,ARG,8:00
Sprint won possession,4.0,3,6,2,ARG,2.0,ERDELYI B,6 - 2,480,HUN,8:00
5m shot - Saved,9.0,3,6,2,ARG,2.0,VARGA D,6 - 2,454,HUN,7:34
Turnover foul,11.0,3,6,2,ARG,2.0,BEDO K,6 - 2,429,HUN,7:09
Steal,12.0,3,6,2,ARG,2.0,YANEZ G,6 - 2,429,ARG,7:09
5m shot - Post,2.0,3,6,2,ARG,2.0,VEICH R,6 - 2,402,ARG,6:42
Turnover foul,3.0,3,6,2,ARG,2.0,MADARAS N,6 - 2,383,HUN,6:23
Turnover foul,11.0,3,6,2,ARG,2.0,DEMARCHI F,6 - 2,363,ARG,6:03
Turnover foul,11.0,3,6,2,ARG,2.0,BEDO K,6 - 2,348,HUN,5:48
5m shot - Post,9.0,3,6,2,ARG,2.0,CARABANTES I,6 - 2,320,ARG,5:20
20 sec. exclusion in centre,11.0,3,6,2,ARG,2.0,DEMARCHI F,6 - 2,301,ARG,5:01
Action shot - Missed,7.0,3,6,2,ARG,2.0,ANGYAL D,6 - 2,272,HUN,4:32
5m shot - Saved,12.0,3,6,2,ARG,2.0,YANEZ G,6 - 2,264,ARG,4:24
Centre shot - Goal,8.0,3,7,2,ARG,2.0,SZIVOS M,7 - 2,248,HUN,4:08
20 sec. exclusion in centre,4.0,3,7,2,ARG,2.0,ERDELYI B,7 - 2,227,HUN,3:47
Time-Out,,3,7,2,ARG,2.0,,7 - 2,227,ARG,3:47
5m shot - Blocked,9.0,3,7,2,ARG,2.0,CARABANTES I,7 - 2,205,ARG,3:25
20 sec. exclusion in centre,4.0,3,7,2,ARG,2.0,MONUTTI A,7 - 2,187,ARG,3:07
Turnover foul,12.0,3,7,2,ARG,2.0,YANEZ G,7 - 2,136,ARG,2:16
Steal,1.0,3,7,2,ARG,2.0,NAGY V,7 - 2,136,HUN,2:16
20 sec. exclusion in centre,10.0,3,7,2,ARG,2.0,DASZCZYK J,7 - 2,114,ARG,1:54
Time-Out,,3,7,2,ARG,2.0,,7 - 2,114,HUN,1:54
Extra player shot - Goal,8.0,3,8,2,ARG,2.0,SZIVOS M,8 - 2,93,HUN,1:33
5m shot - Saved,9.0,3,8,2,ARG,2.0,CARABANTES I,8 - 2,61,ARG,1:01
Penalty foul,2.0,3,8,2,ARG,2.0,VEICH R,8 - 2,42,ARG,0:42
Penalty shot - Goal,5.0,3,9,2,ARG,2.0,VAMOS M,9 - 2,42,HUN,0:42
Action shot - Goal,12.0,3,9,3,ARG,2.0,YANEZ G,9 - 3,20,ARG,0:20
5m shot - Saved,10.0,3,9,3,ARG,2.0,VARGA D,9 - 3,0,HUN,0:00
5m shot - Saved,8.0,3,9,3,ARG,2.0,SZIVOS M,9 - 3,0,HUN,0:00
Starting goalkeeper,1.0,3,9,3,ARG,3.0,NAGY V,9 - 3,480,HUN,8:00
Starting goalkeeper,1.0,3,9,3,ARG,3.0,MALNERO D,9 - 3,480,ARG,8:00
Sprint won possession,10.0,3,9,3,ARG,3.0,VARGA D,9 - 3,480,HUN,8:00
Action shot - Goal,10.0,3,10,3,ARG,3.0,VARGA D,10 - 3,453,HUN,7:33
Turnover foul,9.0,3,10,3,ARG,3.0,CARABANTES I,10 - 3,418,ARG,6:58
Turnover foul,3.0,3,10,3,ARG,3.0,MADARAS N,10 - 3,398,HUN,6:38
Action shot - Goal,5.0,3,10,4,ARG,3.0,LOPEZ E,10 - 4,382,ARG,6:22
Action shot - Goal,12.0,3,11,4,ARG,3.0,HARAI B,11 - 4,361,HUN,6:01
5m shot - Saved,11.0,3,11,4,ARG,3.0,DEMARCHI F,11 - 4,338,ARG,5:38
Action shot - Blocked,10.0,3,11,4,ARG,3.0,VARGA D,11 - 4,317,HUN,5:17
20 sec. exclusion in centre,4.0,3,11,4,ARG,3.0,MONUTTI A,11 - 4,317,ARG,5:17
Exclusion with substitution,4.0,3,11,4,ARG,3.0,MONUTTI A,11 - 4,317,ARG,5:17
Extra player shot - Goal,5.0,3,12,4,ARG,3.0,VAMOS M,12 - 4,299,HUN,4:59
Double exclusion,5.0,3,12,4,ARG,3.0,VAMOS M,12 - 4,276,HUN,4:36
Double exclusion,9.0,3,12,4,ARG,3.0,CARABANTES I,12 - 4,276,ARG,4:36
Extra player shot - Goal,9.0,3,13,4,ARG,3.0,VARGA D,13 - 4,247,HUN,4:07
5m shot - Saved,2.0,3,13,4,ARG,3.0,VEICH R,13 - 4,224,ARG,3:44
20 sec. exclusion in centre,8.0,3,13,4,ARG,3.0,CORSI E,13 - 4,201,ARG,3:21
Turnover foul,9.0,3,13,4,ARG,3.0,VARGA D,13 - 4,187,HUN,3:07
5m shot - Saved,9.0,3,13,4,ARG,3.0,CARABANTES I,13 - 4,159,ARG,2:39
20 sec. exclusion in centre,11.0,3,13,4,ARG,3.0,BEDO K,13 - 4,159,HUN,2:39
Time-Out,,3,13,4,ARG,3.0,,13 - 4,159,ARG,2:39
Turnover foul,7.0,3,13,4,ARG,3.0,MONTANE J,13 - 4,139,ARG,2:19
Steal,7.0,3,13,4,ARG,3.0,ANGYAL D,13 - 4,139,HUN,2:19
5m shot - Goal,6.0,3,14,4,ARG,3.0,HOSNYANSZKY N,14 - 4,111,HUN,1:51
Turnover foul,7.0,3,14,4,ARG,3.0,MONTANE J,14 - 4,82,ARG,1:22
Action shot - Saved,11.0,3,14,4,ARG,3.0,BEDO K,14 - 4,67,HUN,1:07
5m shot - Missed,12.0,3,14,4,ARG,3.0,YANEZ G,14 - 4,36,ARG,0:36
Time-Out,,3,14,4,ARG,3.0,,14 - 4,36,HUN,0:36
20 sec. exclusion in centre,2.0,3,14,4,ARG,3.0,VEICH R,14 - 4,17,ARG,0:17
Extra player shot - Goal,4.0,3,15,4,ARG,3.0,ERDELYI B,15 - 4,3,HUN,0:03
5m shot - Blocked,2.0,3,15,4,ARG,3.0,VEICH R,15 - 4,1,ARG,0:01
Starting goalkeeper,1.0,3,15,4,ARG,4.0,NAGY V,15 - 4,480,HUN,8:00
Starting goalkeeper,1.0,3,15,4,ARG,4.0,MALNERO D,15 - 4,480,ARG,8:00
Sprint won possession,10.0,3,15,4,ARG,4.0,VARGA D,15 - 4,480,HUN,8:00
Action shot - Saved,12.0,3,15,4,ARG,4.0,HARAI B,15 - 4,463,HUN,7:43
Turnover foul,5.0,3,15,4,ARG,4.0,LOPEZ E,15 - 4,436,ARG,7:16
Steal,3.0,3,15,4,ARG,4.0,MADARAS N,15 - 4,436,HUN,7:16
Action shot - Goal,10.0,3,16,4,ARG,4.0,VARGA D,16 - 4,422,HUN,7:02
Turnover foul,9.0,3,16,4,ARG,4.0,CARABANTES I,16 - 4,392,ARG,6:32
Steal,2.0,3,16,4,ARG,4.0,GOR-NAGY M,16 - 4,392,HUN,6:32
Action shot - Goal,5.0,3,17,4,ARG,4.0,VAMOS M,17 - 4,374,HUN,6:14
Turnover foul,8.0,3,17,4,ARG,4.0,CORSI E,17 - 4,351,ARG,5:51
Action shot - Post,8.0,3,17,4,ARG,4.0,SZIVOS M,17 - 4,333,HUN,5:33
Action shot - Saved,12.0,3,17,4,ARG,4.0,YANEZ G,17 - 4,304,ARG,5:04
Action shot - Saved,3.0,3,17,4,ARG,4.0,MADARAS N,17 - 4,279,HUN,4:39
Turnover foul,12.0,3,17,4,ARG,4.0,YANEZ G,17 - 4,246,ARG,4:06
Turnover foul,4.0,3,17,4,ARG,4.0,ERDELYI B,17 - 4,226,HUN,3:46
Steal,8.0,3,17,4,ARG,4.0,CORSI E,17 - 4,226,ARG,3:46
Time-Out,,3,17,4,ARG,4.0,,17 - 4,226,ARG,3:46
Action shot - Saved,2.0,3,17,4,ARG,4.0,VEICH R,17 - 4,202,ARG,3:22
Action shot - Saved,11.0,3,17,4,ARG,4.0,BEDO K,17 - 4,176,HUN,2:56
Action shot - Post,2.0,3,17,4,ARG,4.0,VEICH R,17 - 4,157,ARG,2:37
Action shot - Goal,5.0,3,18,4,ARG,4.0,VAMOS M,18 - 4,137,HUN,2:17
Action shot - Goal,10.0,3,19,4,ARG,4.0,VARGA D,19 - 4,89,HUN,1:29
Turnover foul,2.0,3,19,4,ARG,4.0,VEICH R,19 - 4,55,ARG,0:55
Steal,9.0,3,19,4,ARG,4.0,VARGA D,19 - 4,55,HUN,0:55
Counter attack - Goal,10.0,3,20,4,ARG,4.0,VARGA D,20 - 4,41,HUN,0:41
Steal,10.0,3,20,4,ARG,4.0,VARGA D,20 - 4,25,HUN,0:25
Turnover foul,10.0,3,20,4,ARG,4.0,DASZCZYK J,20 - 4,25,ARG,0:25
Counter attack - Goal,10.0,3,21,4,ARG,4.0,VARGA D,21 - 4,14,HUN,0:14
Starting goalkeeper,1.0,4,0,0,ITA,1.0,NAGY V,0 - 0,480,HUN,8:00
Starting goalkeeper,1.0,4,0,0,ITA,1.0,TEMPESTI S,0 - 0,480,ITA,8:00
Sprint won possession,4.0,4,0,0,ITA,1.0,FIGLIOLI P,0 - 0,480,ITA,8:00
20 sec. exclusion in centre,2.0,4,0,0,ITA,1.0,GOR-NAGY M,0 - 0,464,HUN,7:44
Action shot - Saved,4.0,4,0,0,ITA,1.0,FIGLIOLI P,0 - 0,442,ITA,7:22
Turnover foul,10.0,4,0,0,ITA,1.0,VARGA D,0 - 0,415,HUN,6:55
Turnover foul,5.0,4,0,0,ITA,1.0,GIORGETTI A,0 - 0,399,ITA,6:39
20 sec. exclusion in centre,5.0,4,0,0,ITA,1.0,GIORGETTI A,0 - 0,379,ITA,6:19
Extra player shot - Goal,10.0,4,1,0,ITA,1.0,VARGA D,1 - 0,360,HUN,6:00
5m shot - Saved,7.0,4,1,0,ITA,1.0,GIACOPPO M,1 - 0,330,ITA,5:30
Turnover foul,9.0,4,1,0,ITA,1.0,VARGA D,1 - 0,298,HUN,4:58
Steal,7.0,4,1,0,ITA,1.0,GIACOPPO M,1 - 0,298,ITA,4:58
5m shot - Missed,4.0,4,1,0,ITA,1.0,FIGLIOLI P,1 - 0,272,ITA,4:32
5m shot - Missed,9.0,4,1,0,ITA,1.0,VARGA D,1 - 0,251,HUN,4:11
Action shot - Saved,4.0,4,1,0,ITA,1.0,FIGLIOLI P,1 - 0,223,ITA,3:43
Time-Out,,4,1,0,ITA,1.0,,1 - 0,206,HUN,3:26
5m shot - Blocked,5.0,4,1,0,ITA,1.0,VAMOS M,1 - 0,193,HUN,3:13
20 sec. exclusion in centre,6.0,4,1,0,ITA,1.0,HOSNYANSZKY N,1 - 0,177,HUN,2:57
Time-Out,,4,1,0,ITA,1.0,,1 - 0,177,ITA,2:57
Turnover foul,5.0,4,1,0,ITA,1.0,GIORGETTI A,1 - 0,158,ITA,2:38
20 sec. exclusion in centre,8.0,4,1,0,ITA,1.0,PRESCIUTTI N,1 - 0,130,ITA,2:10
Extra player shot - Goal,4.0,4,2,0,ITA,1.0,ERDELYI B,2 - 0,115,HUN,1:55
20 sec. exclusion in centre,10.0,4,2,0,ITA,1.0,VARGA D,2 - 0,103,HUN,1:43
Extra player shot - Goal,5.0,4,2,1,ITA,1.0,GIORGETTI A,2 - 1,85,ITA,1:25
20 sec. exclusion in centre,9.0,4,2,1,ITA,1.0,GITTO N,2 - 1,63,ITA,1:03
Extra player shot - Blocked,3.0,4,2,1,ITA,1.0,MADARAS N,2 - 1,44,HUN,0:44
Turnover foul,8.0,4,2,1,ITA,1.0,SZIVOS M,2 - 1,15,HUN,0:15
20 sec. exclusion in centre,7.0,4,2,1,ITA,1.0,ANGYAL D,2 - 1,13,HUN,0:13
Extra player shot - Goal,12.0,4,2,2,ITA,1.0,BARALDI F,2 - 2,1,ITA,0:01
Starting goalkeeper,1.0,4,2,2,ITA,2.0,NAGY V,2 - 2,480,HUN,8:00
Starting goalkeeper,1.0,4,2,2,ITA,2.0,TEMPESTI S,2 - 2,480,ITA,8:00
Sprint won possession,4.0,4,2,2,ITA,2.0,ERDELYI B,2 - 2,480,HUN,8:00
Turnover foul,10.0,4,2,2,ITA,2.0,VARGA D,2 - 2,460,HUN,7:40
Turnover foul,7.0,4,2,2,ITA,2.0,GIACOPPO M,2 - 2,434,ITA,7:14
20 sec. exclusion in field,3.0,4,2,2,ITA,2.0,VELOTTO A,2 - 2,411,ITA,6:51
Extra player shot - Goal,9.0,4,3,2,ITA,2.0,VARGA D,3 - 2,405,HUN,6:45
20 sec. exclusion in centre,5.0,4,3,2,ITA,2.0,VAMOS M,3 - 2,389,HUN,6:29
Extra player shot - Goal,2.0,4,3,3,ITA,2.0,DI FULVIO F,3 - 3,370,ITA,6:10
Turnover foul,8.0,4,3,3,ITA,2.0,SZIVOS M,3 - 3,344,HUN,5:44
Action shot - Saved,2.0,4,3,3,ITA,2.0,DI FULVIO F,3 - 3,318,ITA,5:18
Action shot - Post,9.0,4,3,3,ITA,2.0,VARGA D,3 - 3,296,HUN,4:56
20 sec. exclusion in centre,3.0,4,3,3,ITA,2.0,MADARAS N,3 - 3,272,HUN,4:32
Extra player shot - Blocked,6.0,4,3,3,ITA,2.0,FONDELLI A,3 - 3,252,ITA,4:12
20 sec. exclusion in centre,6.0,4,3,3,ITA,2.0,FONDELLI A,3 - 3,238,ITA,3:58
Extra player shot - Goal,9.0,4,4,3,ITA,2.0,VARGA D,4 - 3,222,HUN,3:42
20 sec. exclusion in centre,7.0,4,4,3,ITA,2.0,ANGYAL D,4 - 3,202,HUN,3:22
Extra player shot - Post,5.0,4,4,3,ITA,2.0,GIORGETTI A,4 - 3,190,ITA,3:10
20 sec. exclusion in centre,9.0,4,4,3,ITA,2.0,GITTO N,4 - 3,172,ITA,2:52
Extra player shot - Blocked,6.0,4,4,3,ITA,2.0,HOSNYANSZKY N,4 - 3,159,HUN,2:39
Action shot - Saved,11.0,4,4,3,ITA,2.0,AICARDI M,4 - 3,131,ITA,2:11
5m shot - Blocked,8.0,4,4,3,ITA,2.0,SZIVOS M,4 - 3,102,HUN,1:42
5m shot - Saved,6.0,4,4,3,ITA,2.0,HOSNYANSZKY N,4 - 3,77,HUN,1:17
Action shot - Saved,8.0,4,4,3,ITA,2.0,PRESCIUTTI N,4 - 3,46,ITA,0:46
Time-Out,,4,4,3,ITA,2.0,,4 - 3,44,HUN,0:44
Turnover foul,9.0,4,4,3,ITA,2.0,VARGA D,4 - 3,22,HUN,0:22
Time-Out,,4,4,3,ITA,2.0,,4 - 3,22,ITA,0:22
20 sec. exclusion in field,6.0,4,4,3,ITA,2.0,HOSNYANSZKY N,4 - 3,15,HUN,0:15
Extra player shot - Post,2.0,4,4,3,ITA,2.0,DI FULVIO F,4 - 3,1,ITA,0:01
Starting goalkeeper,1.0,4,4,3,ITA,3.0,NAGY V,4 - 3,480,HUN,8:00
Starting goalkeeper,1.0,4,4,3,ITA,3.0,TEMPESTI S,4 - 3,480,ITA,8:00
Sprint won possession,4.0,4,4,3,ITA,3.0,FIGLIOLI P,4 - 3,480,ITA,8:00
Action shot - Saved,2.0,4,4,3,ITA,3.0,DI FULVIO F,4 - 3,451,ITA,7:31
20 sec. exclusion in centre,4.0,4,4,3,ITA,3.0,FIGLIOLI P,4 - 3,429,ITA,7:09
Action shot - Saved,12.0,4,4,3,ITA,3.0,HARAI B,4 - 3,405,HUN,6:45
20 sec. exclusion in field,5.0,4,4,3,ITA,3.0,VAMOS M,4 - 3,401,HUN,6:41
5m shot - Post,6.0,4,4,3,ITA,3.0,FONDELLI A,4 - 3,373,ITA,6:13
5m shot - Missed,6.0,4,4,3,ITA,3.0,HOSNYANSZKY N,4 - 3,352,HUN,5:52
5m shot - Saved,2.0,4,4,3,ITA,3.0,DI FULVIO F,4 - 3,322,ITA,5:22
Turnover foul,3.0,4,4,3,ITA,3.0,MADARAS N,4 - 3,293,HUN,4:53
Turnover foul,6.0,4,4,3,ITA,3.0,FONDELLI A,4 - 3,275,ITA,4:35
5m shot - Saved,9.0,4,4,3,ITA,3.0,VARGA D,4 - 3,260,HUN,4:20
Time-Out,,4,4,3,ITA,3.0,,4 - 3,260,ITA,4:20
20 sec. exclusion in centre,2.0,4,4,3,ITA,3.0,GOR-NAGY M,4 - 3,240,HUN,4:00
Extra player shot - Blocked,4.0,4,4,3,ITA,3.0,FIGLIOLI P,4 - 3,222,ITA,3:42
Counter attack - Saved,3.0,4,4,3,ITA,3.0,MADARAS N,4 - 3,201,HUN,3:21
20 sec. exclusion in centre,8.0,4,4,3,ITA,3.0,PRESCIUTTI N,4 - 3,182,ITA,3:02
Extra player shot - Goal,9.0,4,5,3,ITA,3.0,VARGA D,5 - 3,165,HUN,2:45
Turnover foul,4.0,4,5,3,ITA,3.0,FIGLIOLI P,5 - 3,141,ITA,2:21
Yellow card,,4,5,3,ITA,3.0,Team Official,5 - 3,141,HUN,2:21
Action shot - Saved,10.0,4,5,3,ITA,3.0,VARGA D,5 - 3,117,HUN,1:57
Turnover foul,4.0,4,5,3,ITA,3.0,ERDELYI B,5 - 3,101,HUN,1:41
20 sec. exclusion in field,10.0,4,5,3,ITA,3.0,VARGA D,5 - 3,83,HUN,1:23
Extra player shot - Goal,4.0,4,5,4,ITA,3.0,FIGLIOLI P,5 - 4,70,ITA,1:10
20 sec. exclusion in centre,4.0,4,5,4,ITA,3.0,FIGLIOLI P,5 - 4,44,ITA,0:44
Time-Out,,4,5,4,ITA,3.0,,5 - 4,44,HUN,0:44
Turnover foul,8.0,4,5,4,ITA,3.0,SZIVOS M,5 - 4,20,HUN,0:20
5m shot - Goal,10.0,4,5,5,ITA,3.0,LUONGO S,5 - 5,1,ITA,0:01
Starting goalkeeper,1.0,4,5,5,ITA,4.0,NAGY V,5 - 5,480,HUN,8:00
Starting goalkeeper,1.0,4,5,5,ITA,4.0,TEMPESTI S,5 - 5,480,ITA,8:00
Sprint won possession,4.0,4,5,5,ITA,4.0,ERDELYI B,5 - 5,480,HUN,8:00
5m shot - Saved,9.0,4,5,5,ITA,4.0,VARGA D,5 - 5,455,HUN,7:35
Action shot - Saved,2.0,4,5,5,ITA,4.0,GOR-NAGY M,5 - 5,425,HUN,7:05
20 sec. exclusion in centre,2.0,4,5,5,ITA,4.0,GOR-NAGY M,5 - 5,394,HUN,6:34
Exclusion with substitution,2.0,4,5,5,ITA,4.0,GOR-NAGY M,5 - 5,394,HUN,6:34
Extra player shot - Goal,2.0,4,5,6,ITA,4.0,DI FULVIO F,5 - 6,373,ITA,6:13
20 sec. exclusion in centre,7.0,4,5,6,ITA,4.0,GIACOPPO M,5 - 6,355,ITA,5:55
Extra player shot - Goal,12.0,4,6,6,ITA,4.0,HARAI B,6 - 6,335,HUN,5:35
20 sec. exclusion in centre,9.0,4,6,6,ITA,4.0,VARGA D,6 - 6,317,HUN,5:17
Extra player shot - Goal,8.0,4,6,7,ITA,4.0,PRESCIUTTI N,6 - 7,298,ITA,4:58
20 sec. exclusion in centre,6.0,4,6,7,ITA,4.0,FONDELLI A,6 - 7,282,ITA,4:42
Extra player shot - Post,4.0,4,6,7,ITA,4.0,ERDELYI B,6 - 7,263,HUN,4:23
20 sec. exclusion in centre,12.0,4,6,7,ITA,4.0,HARAI B,6 - 7,237,HUN,3:57
Extra player shot - Goal,10.0,4,6,8,ITA,4.0,LUONGO S,6 - 8,220,ITA,3:40
20 sec. exclusion in centre,3.0,4,6,8,ITA,4.0,VELOTTO A,6 - 8,195,ITA,3:15
Extra player shot - Goal,6.0,4,7,8,ITA,4.0,HOSNYANSZKY N,7 - 8,181,HUN,3:01
Action shot - Saved,11.0,4,7,8,ITA,4.0,AICARDI M,7 - 8,156,ITA,2:36
Turnover foul,9.0,4,7,8,ITA,4.0,VARGA D,7 - 8,135,HUN,2:15
5m shot - Saved,10.0,4,7,8,ITA,4.0,LUONGO S,7 - 8,107,ITA,1:47
Turnover foul,2.0,4,7,8,ITA,4.0,DI FULVIO F,7 - 8,78,ITA,1:18
Time-Out,,4,7,8,ITA,4.0,,7 - 8,78,HUN,1:18
20 sec. exclusion in centre,4.0,4,7,8,ITA,4.0,FIGLIOLI P,7 - 8,63,ITA,1:03
Exclusion with substitution,4.0,4,7,8,ITA,4.0,FIGLIOLI P,7 - 8,63,ITA,1:03
Action shot - Saved,8.0,4,7,8,ITA,4.0,SZIVOS M,7 - 8,36,HUN,0:36
Turnover foul,12.0,4,7,8,ITA,4.0,HARAI B,7 - 8,14,HUN,0:14
Time-Out,,4,7,8,ITA,4.0,,7 - 8,14,ITA,0:14
20 sec. exclusion in field,8.0,4,7,8,ITA,4.0,SZIVOS M,7 - 8,6,HUN,0:06
Starting goalkeeper,13.0,5,0,0,USA,1.0,DECKER A,0 - 0,480,HUN,8:00
Starting goalkeeper,13.0,5,0,0,USA,1.0,BARON M,0 - 0,480,USA,8:00
Sprint won possession,10.0,5,0,0,USA,1.0,VARGA D,0 - 0,480,HUN,8:00
20 sec. exclusion in centre,11.0,5,0,0,USA,1.0,SMITH J,0 - 0,463,USA,7:43
Extra player shot - Post,2.0,5,0,0,USA,1.0,GOR-NAGY M,0 - 0,451,HUN,7:31
Extra player shot - Goal,12.0,5,1,0,USA,1.0,HARAI B,1 - 0,450,HUN,7:30
20 sec. exclusion in centre,2.0,5,1,0,USA,1.0,GOR-NAGY M,1 - 0,428,HUN,7:08
Turnover foul,2.0,5,1,0,USA,1.0,VAVIC N,1 - 0,416,USA,6:56
Steal,10.0,5,1,0,USA,1.0,VARGA D,1 - 0,416,HUN,6:56
Turnover foul,12.0,5,1,0,USA,1.0,HARAI B,1 - 0,393,HUN,6:33
5m shot - Post,8.0,5,1,0,USA,1.0,AZEVEDO T,1 - 0,366,USA,6:06
5m shot - Saved,3.0,5,1,0,USA,1.0,MADARAS N,1 - 0,340,HUN,5:40
5m shot - Goal,8.0,5,1,1,USA,1.0,AZEVEDO T,1 - 1,315,USA,5:15
Turnover foul,9.0,5,1,1,USA,1.0,VARGA D,1 - 1,283,HUN,4:43
Steal,6.0,5,1,1,USA,1.0,CUPIDO L,1 - 1,283,USA,4:43
Turnover foul,8.0,5,1,1,USA,1.0,AZEVEDO T,1 - 1,256,USA,4:16
Steal,4.0,5,1,1,USA,1.0,ERDELYI B,1 - 1,252,HUN,4:12
Counter attack - Goal,9.0,5,2,1,USA,1.0,VARGA D,2 - 1,237,HUN,3:57
Turnover foul,5.0,5,2,1,USA,1.0,ROELSE A,2 - 1,214,USA,3:34
5m shot - Saved,6.0,5,2,1,USA,1.0,HOSNYANSZKY N,2 - 1,186,HUN,3:06
20 sec. exclusion in centre,5.0,5,2,1,USA,1.0,ROELSE A,2 - 1,170,USA,2:50
Action shot - Saved,4.0,5,2,1,USA,1.0,ERDELYI B,2 - 1,143,HUN,2:23
5m shot - Blocked,6.0,5,2,1,USA,1.0,CUPIDO L,2 - 1,129,USA,2:09
Action shot - Goal,4.0,5,3,1,USA,1.0,ERDELYI B,3 - 1,103,HUN,1:43
Time-Out,,5,3,1,USA,1.0,,3 - 1,102,USA,1:42
20 sec. exclusion in centre,3.0,5,3,1,USA,1.0,MADARAS N,3 - 1,87,HUN,1:27
Extra player shot - Goal,10.0,5,3,2,USA,1.0,BONANNI B,3 - 2,75,USA,1:15
Centre shot - Goal,12.0,5,4,2,USA,1.0,HARAI B,4 - 2,50,HUN,0:50
Turnover foul,10.0,5,4,2,USA,1.0,BONANNI B,4 - 2,25,USA,0:25
Steal,6.0,5,4,2,USA,1.0,HOSNYANSZKY N,4 - 2,25,HUN,0:25
Time-Out,,5,4,2,USA,1.0,,4 - 2,25,HUN,0:25
5m shot - Saved,5.0,5,4,2,USA,1.0,VAMOS M,4 - 2,9,HUN,0:09
Starting goalkeeper,13.0,5,4,2,USA,2.0,DECKER A,4 - 2,480,HUN,8:00
Starting goalkeeper,13.0,5,4,2,USA,2.0,BARON M,4 - 2,480,USA,8:00
Sprint won possession,7.0,5,4,2,USA,2.0,SAMUELS J,4 - 2,480,USA,8:00
Turnover foul,12.0,5,4,2,USA,2.0,MANN J,4 - 2,450,USA,7:30
5m shot - Missed,8.0,5,4,2,USA,2.0,SZIVOS M,4 - 2,422,HUN,7:02
20 sec. exclusion in centre,7.0,5,4,2,USA,2.0,ANGYAL D,4 - 2,406,HUN,6:46
Turnover foul,12.0,5,4,2,USA,2.0,MANN J,4 - 2,386,USA,6:26
Action shot - Goal,12.0,5,5,2,USA,2.0,HARAI B,5 - 2,363,HUN,6:03
Time-Out,,5,5,2,USA,2.0,,5 - 2,362,USA,6:02
5m shot - Post,6.0,5,5,2,USA,2.0,CUPIDO L,5 - 2,341,USA,5:41
20 sec. exclusion in centre,3.0,5,5,2,USA,2.0,MADARAS N,5 - 2,341,HUN,5:41
Action shot - Goal,7.0,5,5,3,USA,2.0,SAMUELS J,5 - 3,319,USA,5:19
5m shot - Saved,9.0,5,5,3,USA,2.0,VARGA D,5 - 3,294,HUN,4:54
Turnover foul,6.0,5,5,3,USA,2.0,CUPIDO L,5 - 3,281,USA,4:41
Steal,9.0,5,5,3,USA,2.0,VARGA D,5 - 3,281,HUN,4:41
5m shot - Goal,10.0,5,6,3,USA,2.0,VARGA D,6 - 3,255,HUN,4:15
Turnover foul,3.0,5,6,3,USA,2.0,OBERT A,6 - 3,232,USA,3:52
5m shot - Missed,10.0,5,6,3,USA,2.0,VARGA D,6 - 3,209,HUN,3:29
Action shot - Saved,8.0,5,6,3,USA,2.0,AZEVEDO T,6 - 3,184,USA,3:04
5m shot - Blocked,9.0,5,6,3,USA,2.0,VARGA D,6 - 3,155,HUN,2:35
Turnover foul,11.0,5,6,3,USA,2.0,BEDO K,6 - 3,135,HUN,2:15
Action shot - Goal,10.0,5,6,4,USA,2.0,BONANNI B,6 - 4,113,USA,1:53
5m shot - Blocked,10.0,5,6,4,USA,2.0,VARGA D,6 - 4,84,HUN,1:24
5m shot - Goal,9.0,5,7,4,USA,2.0,VARGA D,7 - 4,59,HUN,0:59
5m shot - Blocked,6.0,5,7,4,USA,2.0,CUPIDO L,7 - 4,29,USA,0:29
Time-Out,,5,7,4,USA,2.0,,7 - 4,25,HUN,0:25
20 sec. exclusion in centre,4.0,5,7,4,USA,2.0,KIMBELL J,7 - 4,6,USA,0:06
Starting goalkeeper,13.0,5,7,4,USA,3.0,DECKER A,7 - 4,480,HUN,8:00
Starting goalkeeper,13.0,5,7,4,USA,3.0,BARON M,7 - 4,480,USA,8:00
Sprint won possession,7.0,5,7,4,USA,3.0,SAMUELS J,7 - 4,480,USA,8:00
5m shot - Saved,7.0,5,7,4,USA,3.0,SAMUELS J,7 - 4,453,USA,7:33
Turnover foul,11.0,5,7,4,USA,3.0,SMITH J,7 - 4,450,USA,7:30
Action shot - Blocked,12.0,5,7,4,USA,3.0,HARAI B,7 - 4,438,HUN,7:18
5m shot - Goal,6.0,5,7,5,USA,3.0,CUPIDO L,7 - 5,417,USA,6:57
5m shot - Saved,5.0,5,7,5,USA,3.0,VAMOS M,7 - 5,389,HUN,6:29
20 sec. exclusion in centre,5.0,5,7,5,USA,3.0,VAMOS M,7 - 5,374,HUN,6:14
Extra player shot - Goal,10.0,5,7,6,USA,3.0,BONANNI B,7 - 6,354,USA,5:54
5m shot - Saved,6.0,5,7,6,USA,3.0,HOSNYANSZKY N,7 - 6,332,HUN,5:32
Turnover foul,10.0,5,7,6,USA,3.0,VARGA D,7 - 6,311,HUN,5:11
Yellow card,,5,7,6,USA,3.0,Team Official,7 - 6,299,USA,4:59
Turnover foul,6.0,5,7,6,USA,3.0,CUPIDO L,7 - 6,290,USA,4:50
Turnover foul,12.0,5,7,6,USA,3.0,HARAI B,7 - 6,269,HUN,4:29
20 sec. exclusion in field,6.0,5,7,6,USA,3.0,HOSNYANSZKY N,7 - 6,252,HUN,4:12
Time-Out,,5,7,6,USA,3.0,,7 - 6,252,USA,4:12
Extra player shot - Blocked,10.0,5,7,6,USA,3.0,BONANNI B,7 - 6,234,USA,3:54
5m shot - Saved,8.0,5,7,6,USA,3.0,AZEVEDO T,7 - 6,205,USA,3:25
20 sec. exclusion in centre,2.0,5,7,6,USA,3.0,GOR-NAGY M,7 - 6,201,HUN,3:21
Extra player shot - Post,10.0,5,7,6,USA,3.0,BONANNI B,7 - 6,188,USA,3:08
5m shot - Goal,10.0,5,8,6,USA,3.0,VARGA D,8 - 6,160,HUN,2:40
20 sec. exclusion in centre,11.0,5,8,6,USA,3.0,BEDO K,8 - 6,141,HUN,2:21
Action shot - Post,12.0,5,8,6,USA,3.0,MANN J,8 - 6,119,USA,1:59
Turnover foul,12.0,5,8,6,USA,3.0,HARAI B,8 - 6,103,HUN,1:43
20 sec. exclusion in field,12.0,5,8,6,USA,3.0,HARAI B,8 - 6,101,HUN,1:41
Turnover foul,4.0,5,8,6,USA,3.0,KIMBELL J,8 - 6,77,USA,1:17
Steal,6.0,5,8,6,USA,3.0,HOSNYANSZKY N,8 - 6,77,HUN,1:17
Time-Out,,5,8,6,USA,3.0,,8 - 6,76,HUN,1:16
Action shot - Goal,12.0,5,9,6,USA,3.0,HARAI B,9 - 6,57,HUN,0:57
Turnover foul,12.0,5,9,6,USA,3.0,MANN J,9 - 6,29,USA,0:29
Steal,9.0,5,9,6,USA,3.0,VARGA D,9 - 6,29,HUN,0:29
5m shot - Saved,10.0,5,9,6,USA,3.0,VARGA D,9 - 6,1,HUN,0:01
Starting goalkeeper,13.0,5,9,6,USA,4.0,DECKER A,9 - 6,480,HUN,8:00
Starting goalkeeper,13.0,5,9,6,USA,4.0,BARON M,9 - 6,480,USA,8:00
Sprint won possession,4.0,5,9,6,USA,4.0,ERDELYI B,9 - 6,480,HUN,8:00
Action shot - Goal,6.0,5,10,6,USA,4.0,HOSNYANSZKY N,10 - 6,451,HUN,7:31
Action shot - Missed,2.0,5,10,6,USA,4.0,VAVIC N,10 - 6,422,USA,7:02
Turnover foul,12.0,5,10,6,USA,4.0,HARAI B,10 - 6,401,HUN,6:41
5m shot - Goal,8.0,5,10,7,USA,4.0,AZEVEDO T,10 - 7,382,USA,6:22
Centre shot - Missed,12.0,5,10,7,USA,4.0,HARAI B,10 - 7,360,HUN,6:00
5m shot - Saved,5.0,5,10,7,USA,4.0,ROELSE A,10 - 7,333,USA,5:33
20 sec. exclusion in centre,7.0,5,10,7,USA,4.0,SAMUELS J,10 - 7,306,USA,5:06
Extra player shot - Goal,10.0,5,11,7,USA,4.0,VARGA D,11 - 7,292,HUN,4:52
Turnover foul,12.0,5,11,7,USA,4.0,MANN J,11 - 7,264,USA,4:24
5m shot - Post,6.0,5,11,7,USA,4.0,HOSNYANSZKY N,11 - 7,245,HUN,4:05
5m shot - Saved,10.0,5,11,7,USA,4.0,VARGA D,11 - 7,221,HUN,3:41
5m shot - Goal,6.0,5,12,7,USA,4.0,HOSNYANSZKY N,12 - 7,191,HUN,3:11
20 sec. exclusion in field,11.0,5,12,7,USA,4.0,BEDO K,12 - 7,175,HUN,2:55
Time-Out,,5,12,7,USA,4.0,,12 - 7,169,USA,2:49
Action shot - Goal,8.0,5,12,8,USA,4.0,AZEVEDO T,12 - 8,150,USA,2:30
5m shot - Goal,3.0,5,13,8,USA,4.0,MADARAS N,13 - 8,122,HUN,2:02
Centre shot - Goal,12.0,5,13,9,USA,4.0,MANN J,13 - 9,100,USA,1:40
20 sec. exclusion in centre,4.0,5,13,9,USA,4.0,KIMBELL J,13 - 9,78,USA,1:18
Time-Out,,5,13,9,USA,4.0,,13 - 9,78,HUN,1:18
Action shot - Saved,3.0,5,13,9,USA,4.0,MADARAS N,13 - 9,56,HUN,0:56
Turnover foul,10.0,5,13,9,USA,4.0,VARGA D,13 - 9,15,HUN,0:15
Centre shot - Post,7.0,5,13,9,USA,4.0,SAMUELS J,13 - 9,1,USA,0:01
Starting goalkeeper,1.0,6,0,0,MNE,1.0,LAZOVIC D,0 - 0,480,MNE,8:00
Starting goalkeeper,1.0,6,0,0,MNE,1.0,NAGY V,0 - 0,480,HUN,8:00
Sprint won possession,10.0,6,0,0,MNE,1.0,VARGA D,0 - 0,480,HUN,8:00
5m shot - Blocked,3.0,6,0,0,MNE,1.0,MADARAS N,0 - 0,452,HUN,7:32
5m shot - Saved,3.0,6,0,0,MNE,1.0,MADARAS N,0 - 0,388,HUN,6:28
Action shot - Goal,8.0,6,1,0,MNE,1.0,SZIVOS M,0 - 1,373,HUN,6:13
Centre shot - Goal,9.0,6,1,1,MNE,1.0,IVOVIC A,1 - 1,353,MNE,5:53
5m shot - Saved,9.0,6,1,1,MNE,1.0,VARGA D,1 - 1,327,HUN,5:27
5m shot - Blocked,3.0,6,1,1,MNE,1.0,PASKOVIC V,1 - 1,297,MNE,4:57
20 sec. exclusion in centre,5.0,6,1,1,MNE,1.0,VAMOS M,1 - 1,282,HUN,4:42
Extra player shot - Goal,5.0,6,1,2,MNE,1.0,BRGULJAN D,2 - 1,263,MNE,4:23
Turnover foul,6.0,6,1,2,MNE,1.0,HOSNYANSZKY N,2 - 1,241,HUN,4:01
Steal,5.0,6,1,2,MNE,1.0,BRGULJAN D,2 - 1,241,MNE,4:01
20 sec. exclusion in field,11.0,6,1,2,MNE,1.0,BEDO K,2 - 1,219,HUN,3:39
Time-Out,,6,1,2,MNE,1.0,,2 - 1,219,MNE,3:39
Extra player shot - Post,7.0,6,1,2,MNE,1.0,JANOVIC M,2 - 1,200,MNE,3:20
20 sec. exclusion in centre,4.0,6,1,2,MNE,1.0,CUCKOVIC U,2 - 1,171,MNE,2:51
Extra player shot - Goal,6.0,6,2,2,MNE,1.0,HOSNYANSZKY N,2 - 2,152,HUN,2:32
Turnover foul,12.0,6,2,2,MNE,1.0,JOKIC P,2 - 2,125,MNE,2:05
Steal,4.0,6,2,2,MNE,1.0,ERDELYI B,2 - 2,125,HUN,2:05
Turnover foul,4.0,6,2,2,MNE,1.0,ERDELYI B,2 - 2,97,HUN,1:37
Steal,5.0,6,2,2,MNE,1.0,BRGULJAN D,2 - 2,97,MNE,1:37
20 sec. exclusion in centre,6.0,6,2,2,MNE,1.0,HOSNYANSZKY N,2 - 2,79,HUN,1:19
Extra player shot - Post,12.0,6,2,2,MNE,1.0,JOKIC P,2 - 2,59,MNE,0:59
Time-Out,,6,2,2,MNE,1.0,,2 - 2,59,HUN,0:59
20 sec. exclusion in centre,9.0,6,2,2,MNE,1.0,IVOVIC A,2 - 2,36,MNE,0:36
Extra player shot - Saved,9.0,6,2,2,MNE,1.0,VARGA D,2 - 2,18,HUN,0:18
5m shot - Saved,5.0,6,2,2,MNE,1.0,VAMOS M,2 - 2,12,HUN,0:12
Turnover foul,3.0,6,2,2,MNE,1.0,MADARAS N,2 - 2,5,HUN,0:05
Starting goalkeeper,1.0,6,2,2,MNE,2.0,LAZOVIC D,2 - 2,480,MNE,8:00
Starting goalkeeper,1.0,6,2,2,MNE,2.0,NAGY V,2 - 2,480,HUN,8:00
Sprint won possession,4.0,6,2,2,MNE,2.0,ERDELYI B,2 - 2,480,HUN,8:00
Turnover foul,9.0,6,2,2,MNE,2.0,VARGA D,2 - 2,458,HUN,7:38
Steal,3.0,6,2,2,MNE,2.0,PASKOVIC V,2 - 2,458,MNE,7:38
5m shot - Goal,3.0,6,2,3,MNE,2.0,PASKOVIC V,3 - 2,440,MNE,7:20
5m shot - Missed,3.0,6,2,3,MNE,2.0,MADARAS N,3 - 2,410,HUN,6:50
Turnover foul,4.0,6,2,3,MNE,2.0,CUCKOVIC U,3 - 2,382,MNE,6:22
5m shot - Saved,5.0,6,2,3,MNE,2.0,VAMOS M,3 - 2,360,HUN,6:00
Centre shot - Goal,9.0,6,2,4,MNE,2.0,IVOVIC A,4 - 2,336,MNE,5:36
20 sec. exclusion in centre,12.0,6,2,4,MNE,2.0,JOKIC P,4 - 2,313,MNE,5:13
Extra player shot - Goal,6.0,6,3,4,MNE,2.0,HOSNYANSZKY N,4 - 3,303,HUN,5:03
Turnover foul,12.0,6,3,4,MNE,2.0,JOKIC P,4 - 3,284,MNE,4:44
Steal,2.0,6,3,4,MNE,2.0,GOR-NAGY M,4 - 3,284,HUN,4:44
Turnover foul,6.0,6,3,4,MNE,2.0,HOSNYANSZKY N,4 - 3,268,HUN,4:28
20 sec. exclusion in centre,6.0,6,3,4,MNE,2.0,HOSNYANSZKY N,4 - 3,245,HUN,4:05
Exclusion with substitution,6.0,6,3,4,MNE,2.0,HOSNYANSZKY N,4 - 3,245,HUN,4:05
Time-Out,,6,3,4,MNE,2.0,,4 - 3,245,MNE,4:05
Turnover foul,6.0,6,3,4,MNE,2.0,RADOVIC A,4 - 3,215,MNE,3:35
20 sec. exclusion in centre,9.0,6,3,4,MNE,2.0,IVOVIC A,4 - 3,187,MNE,3:07
Extra player shot - Post,10.0,6,3,4,MNE,2.0,VARGA D,4 - 3,165,HUN,2:45
Turnover foul,6.0,6,3,4,MNE,2.0,RADOVIC A,4 - 3,143,MNE,2:23
20 sec. exclusion in centre,7.0,6,3,4,MNE,2.0,JANOVIC M,4 - 3,132,MNE,2:12
Extra player shot - Saved,11.0,6,3,4,MNE,2.0,BEDO K,4 - 3,120,HUN,2:00
Turnover foul,6.0,6,3,4,MNE,2.0,RADOVIC A,4 - 3,91,MNE,1:31
Steal,9.0,6,3,4,MNE,2.0,VARGA D,4 - 3,91,HUN,1:31
Counter attack - Saved,10.0,6,3,4,MNE,2.0,VARGA D,4 - 3,81,HUN,1:21
20 sec. exclusion in centre,11.0,6,3,4,MNE,2.0,KLIKOVAC F,4 - 3,67,MNE,1:07
Time-Out,,6,3,4,MNE,2.0,,4 - 3,67,HUN,1:07
Action shot - Missed,10.0,6,3,4,MNE,2.0,VARGA D,4 - 3,42,HUN,0:42
Turnover foul,5.0,6,3,4,MNE,2.0,BRGULJAN D,4 - 3,11,MNE,0:11
Steal,12.0,6,3,4,MNE,2.0,HARAI B,4 - 3,11,HUN,0:11
Starting goalkeeper,1.0,6,3,4,MNE,3.0,LAZOVIC D,4 - 3,480,MNE,8:00
Starting goalkeeper,1.0,6,3,4,MNE,3.0,NAGY V,4 - 3,480,HUN,8:00
Sprint won possession,2.0,6,3,4,MNE,3.0,BRGULJAN D,4 - 3,480,MNE,8:00
Action shot - Saved,6.0,6,3,4,MNE,4.0,RADOVIC A,4 - 3,31,MNE,0:31
5m shot - Goal,9.0,6,9,10,MNE,4.0,VARGA D,10 - 9,15,HUN,0:15
Turnover foul,12.0,6,9,10,MNE,3.0,JOKIC P,10 - 9,448,MNE,7:28
Steal,12.0,6,9,10,MNE,3.0,HARAI B,10 - 9,448,HUN,7:28
5m shot - Goal,9.0,6,4,4,MNE,3.0,VARGA D,4 - 4,433,HUN,7:13
20 sec. exclusion in centre,2.0,6,4,4,MNE,3.0,GOR-NAGY M,4 - 4,414,HUN,6:54
Extra player shot - Saved,6.0,6,4,4,MNE,3.0,RADOVIC A,4 - 4,399,MNE,6:39
Extra player shot - Goal,7.0,6,4,5,MNE,3.0,JANOVIC M,5 - 4,394,MNE,6:34
Turnover foul,8.0,6,4,5,MNE,3.0,SZIVOS M,5 - 4,372,HUN,6:12
Steal,3.0,6,4,5,MNE,3.0,PASKOVIC V,5 - 4,372,MNE,6:12
Turnover foul,3.0,6,4,5,MNE,3.0,PASKOVIC V,5 - 4,355,MNE,5:55
Steal,4.0,6,4,5,MNE,3.0,ERDELYI B,5 - 4,355,HUN,5:55
Turnover foul,4.0,6,4,5,MNE,3.0,ERDELYI B,5 - 4,331,HUN,5:31
Steal,12.0,6,4,5,MNE,3.0,JOKIC P,5 - 4,331,MNE,5:31
20 sec. exclusion in centre,7.0,6,4,5,MNE,3.0,ANGYAL D,5 - 4,311,HUN,5:11
Extra player shot - Goal,9.0,6,4,6,MNE,3.0,IVOVIC A,6 - 4,297,MNE,4:57
Turnover foul,11.0,6,4,6,MNE,3.0,BEDO K,6 - 4,275,HUN,4:35
Steal,2.0,6,4,6,MNE,3.0,BRGULJAN D,6 - 4,275,MNE,4:35
5m shot - Saved,7.0,6,4,6,MNE,3.0,JANOVIC M,6 - 4,250,MNE,4:10
Turnover foul,1.0,6,4,6,MNE,3.0,NAGY V,6 - 4,230,HUN,3:50
Steal,3.0,6,4,6,MNE,3.0,PASKOVIC V,6 - 4,230,MNE,3:50
20 sec. exclusion in field,3.0,6,4,6,MNE,3.0,PASKOVIC V,6 - 4,229,MNE,3:49
Extra player shot - Blocked,3.0,6,4,6,MNE,3.0,MADARAS N,6 - 4,209,HUN,3:29
20 sec. exclusion in centre,4.0,6,4,6,MNE,3.0,CUCKOVIC U,6 - 4,183,MNE,3:03
Extra player shot - Goal,11.0,6,5,6,MNE,3.0,BEDO K,6 - 5,167,HUN,2:47
20 sec. exclusion in centre,9.0,6,5,6,MNE,3.0,VARGA D,6 - 5,149,HUN,2:29
Centre shot - Saved,11.0,6,5,6,MNE,3.0,KLIKOVAC F,6 - 5,128,MNE,2:08
20 sec. exclusion in centre,9.0,6,5,6,MNE,3.0,IVOVIC A,6 - 5,120,MNE,2:00
Exclusion with substitution,9.0,6,5,6,MNE,3.0,IVOVIC A,6 - 5,120,MNE,2:00
Action shot - Blocked,8.0,6,5,6,MNE,3.0,SZIVOS M,6 - 5,93,HUN,1:33
Time-Out,,6,5,6,MNE,3.0,,6 - 5,90,MNE,1:30
Turnover foul,5.0,6,5,6,MNE,3.0,BRGULJAN D,6 - 5,73,MNE,1:13
5m shot - Post,9.0,6,5,6,MNE,3.0,VARGA D,6 - 5,43,HUN,0:43
20 sec. exclusion in field,8.0,6,5,6,MNE,3.0,SZIVOS M,6 - 5,19,HUN,0:19
Extra player shot - Missed,7.0,6,5,6,MNE,3.0,JANOVIC M,6 - 5,2,MNE,0:02
Time-Out,,6,5,6,MNE,3.0,,6 - 5,2,HUN,0:02
Starting goalkeeper,1.0,6,5,6,MNE,4.0,LAZOVIC D,6 - 5,480,MNE,8:00
Starting goalkeeper,1.0,6,5,6,MNE,4.0,NAGY V,6 - 5,480,HUN,8:00
Sprint won possession,2.0,6,5,6,MNE,4.0,BRGULJAN D,6 - 5,480,MNE,8:00
5m shot - Saved,2.0,6,5,6,MNE,4.0,BRGULJAN D,6 - 5,450,MNE,7:30
Action shot - Saved,11.0,6,5,6,MNE,4.0,BEDO K,6 - 5,430,HUN,7:10
5m shot - Missed,10.0,6,5,6,MNE,4.0,VARGA D,6 - 5,407,HUN,6:47
20 sec. exclusion in field,11.0,6,5,6,MNE,4.0,BEDO K,6 - 5,394,HUN,6:34
Time-Out,,6,5,6,MNE,4.0,,6 - 5,394,MNE,6:34
Centre shot - Saved,5.0,6,5,6,MNE,4.0,BRGULJAN D,6 - 5,368,MNE,6:08
Turnover foul,9.0,6,5,6,MNE,4.0,VARGA D,6 - 5,351,HUN,5:51
Steal,2.0,6,5,6,MNE,4.0,BRGULJAN D,6 - 5,351,MNE,5:51
Counter attack - Goal,7.0,6,5,7,MNE,4.0,JANOVIC M,7 - 5,339,MNE,5:39
Action shot - Goal,10.0,6,6,7,MNE,4.0,VARGA D,7 - 6,319,HUN,5:19
20 sec. exclusion in centre,10.0,6,6,7,MNE,4.0,VARGA D,7 - 6,295,HUN,4:55
Extra player shot - Goal,6.0,6,6,8,MNE,4.0,RADOVIC A,8 - 6,284,MNE,4:44
20 sec. exclusion in centre,3.0,6,6,8,MNE,4.0,PASKOVIC V,8 - 6,261,MNE,4:21
Extra player shot - Saved,9.0,6,6,8,MNE,4.0,VARGA D,8 - 6,251,HUN,4:11
Action shot - Post,5.0,6,6,8,MNE,4.0,VAMOS M,8 - 6,239,HUN,3:59
5m shot - Saved,9.0,6,6,8,MNE,4.0,VARGA D,8 - 6,233,HUN,3:53
Counter attack - Goal,3.0,6,6,9,MNE,4.0,PASKOVIC V,9 - 6,219,MNE,3:39
Time-Out,,6,6,9,MNE,4.0,,9 - 6,219,HUN,3:39
Exclusion with substitution,4.0,6,6,9,MNE,4.0,CUCKOVIC U,9 - 6,195,MNE,3:15
20 sec. exclusion in centre,4.0,6,6,9,MNE,4.0,CUCKOVIC U,9 - 6,195,MNE,3:15
Extra player shot - Goal,4.0,6,7,9,MNE,4.0,ERDELYI B,9 - 7,179,HUN,2:59
20 sec. exclusion in centre,9.0,6,7,9,MNE,4.0,VARGA D,9 - 7,156,HUN,2:36
Extra player shot - Goal,5.0,6,7,10,MNE,4.0,BRGULJAN D,10 - 7,139,MNE,2:19
Action shot - Post,10.0,6,7,10,MNE,4.0,VARGA D,10 - 7,108,HUN,1:48
5m shot - Post,5.0,6,7,10,MNE,4.0,VAMOS M,10 - 7,82,HUN,1:22
20 sec. exclusion in centre,12.0,6,7,10,MNE,4.0,JOKIC P,10 - 7,71,MNE,1:11
Extra player shot - Goal,4.0,6,8,10,MNE,4.0,ERDELYI B,10 - 8,61,HUN,1:01
20 sec. exclusion in field,9.0,6,8,10,MNE,4.0,VARGA D,10 - 8,5,HUN,0:05
Exclusion with substitution,9.0,6,8,10,MNE,4.0,VARGA D,10 - 8,5,HUN,0:05
