Action,Cap,Game,KAZ,Opponent,Opponent name,Period,Player,Score,Seconds,Team,Time
Starting goalkeeper,1.0,1,0,0,ESP,1.0,ZHARKIMBAYEVA A,0 - 0,480,KAZ,8:00
Starting goalkeeper,1.0,1,0,0,ESP,1.0,ESTER L,0 - 0,480,ESP,8:00
Sprint won possession,6.0,1,0,0,ESP,1.0,PAREJA J,0 - 0,480,ESP,8:00
Action shot - Goal,3.0,1,0,1,ESP,1.0,ESPAR A,0 - 1,459,ESP,7:39
Turnover foul,11.0,1,0,1,ESP,1.0,MIRSHINA A,0 - 1,443,KAZ,7:23
Action shot - Saved,6.0,1,0,1,ESP,1.0,PAREJA J,0 - 1,428,ESP,7:08
20 sec. exclusion in field,7.0,1,0,1,ESP,1.0,MYRZABEKOVA Z,0 - 1,423,KAZ,7:03
Extra player shot - Post,11.0,1,0,1,ESP,1.0,GARCIA M,0 - 1,412,ESP,6:52
Turnover foul,12.0,1,0,1,ESP,1.0,MUSSAROVA A,0 - 1,384,KAZ,6:24
Turnover foul,3.0,1,0,1,ESP,1.0,ESPAR A,0 - 1,363,ESP,6:03
Steal,11.0,1,0,1,ESP,1.0,MIRSHINA A,0 - 1,363,KAZ,6:03
20 sec. exclusion in field,3.0,1,0,1,ESP,1.0,ESPAR A,0 - 1,363,ESP,6:03
Time-Out,,1,0,1,ESP,1.0,,0 - 1,363,KAZ,6:03
Turnover foul,5.0,1,0,1,ESP,1.0,ZAKIROVA K,0 - 1,331,KAZ,5:31
5m shot - Blocked,5.0,1,0,1,ESP,1.0,ORTIZ M,0 - 1,316,ESP,5:16
Turnover foul,11.0,1,0,1,ESP,1.0,MIRSHINA A,0 - 1,304,KAZ,5:04
Centre shot - Saved,11.0,1,0,1,ESP,1.0,GARCIA M,0 - 1,303,ESP,5:03
20 sec. exclusion in centre,5.0,1,0,1,ESP,1.0,ORTIZ M,0 - 1,281,ESP,4:41
Turnover foul,11.0,1,0,1,ESP,1.0,MIRSHINA A,0 - 1,268,KAZ,4:28
Steal,10.0,1,0,1,ESP,1.0,TARRAGO R,0 - 1,268,ESP,4:28
Penalty foul,8.0,1,0,1,ESP,1.0,SAICHUK O,0 - 1,263,KAZ,4:23
Penalty shot - Goal,6.0,1,0,2,ESP,1.0,PAREJA J,0 - 2,263,ESP,4:23
Turnover foul,8.0,1,0,2,ESP,1.0,SAICHUK O,0 - 2,237,KAZ,3:57
Turnover foul,7.0,1,0,2,ESP,1.0,ESPAR C,0 - 2,215,ESP,3:35
Steal,4.0,1,0,2,ESP,1.0,TUROVA A,0 - 2,215,KAZ,3:35
20 sec. exclusion in field,9.0,1,0,2,ESP,1.0,FORCA J,0 - 2,215,ESP,3:35
Extra player shot - Post,8.0,1,0,2,ESP,1.0,SAICHUK O,0 - 2,190,KAZ,3:10
Turnover foul,7.0,1,0,2,ESP,1.0,MYRZABEKOVA Z,0 - 2,182,KAZ,3:02
Action shot - Goal,7.0,1,0,3,ESP,1.0,ESPAR C,0 - 3,173,ESP,2:53
Turnover foul,10.0,1,0,3,ESP,1.0,ROGA D,0 - 3,138,KAZ,2:18
20 sec. exclusion in centre,5.0,1,0,3,ESP,1.0,ZAKIROVA K,0 - 3,118,KAZ,1:58
Extra player shot - Missed,10.0,1,0,3,ESP,1.0,TARRAGO R,0 - 3,106,ESP,1:46
Turnover foul,11.0,1,0,3,ESP,1.0,MIRSHINA A,0 - 3,82,KAZ,1:22
Centre shot - Goal,10.0,1,0,4,ESP,1.0,TARRAGO R,0 - 4,72,ESP,1:12
5m shot - Saved,4.0,1,0,4,ESP,1.0,TUROVA A,0 - 4,47,KAZ,0:47
Centre shot - Missed,4.0,1,0,4,ESP,1.0,LEITON P,0 - 4,17,ESP,0:17
Starting goalkeeper,1.0,1,0,4,ESP,2.0,ZHARKIMBAYEVA A,0 - 4,480,KAZ,8:00
Starting goalkeeper,1.0,1,0,4,ESP,2.0,ESTER L,0 - 4,480,ESP,8:00
Sprint won possession,6.0,1,0,4,ESP,2.0,PAREJA J,0 - 4,480,ESP,8:00
Action shot - Saved,11.0,1,0,4,ESP,2.0,GARCIA M,0 - 4,449,ESP,7:29
Turnover foul,10.0,1,0,4,ESP,2.0,ROGA D,0 - 4,421,KAZ,7:01
Steal,5.0,1,0,4,ESP,2.0,ORTIZ M,0 - 4,421,ESP,7:01
Counter attack - Goal,7.0,1,0,5,ESP,2.0,ESPAR C,0 - 5,417,ESP,6:57
Turnover foul,11.0,1,0,5,ESP,2.0,GARCIA M,0 - 5,372,ESP,6:12
Steal,4.0,1,0,5,ESP,2.0,TUROVA A,0 - 5,372,KAZ,6:12
20 sec. exclusion in field,5.0,1,0,5,ESP,2.0,ORTIZ M,0 - 5,348,ESP,5:48
Action shot - Saved,11.0,1,0,5,ESP,2.0,MIRSHINA A,0 - 5,330,KAZ,5:30
Turnover foul,12.0,1,0,5,ESP,2.0,MUSSAROVA A,0 - 5,315,KAZ,5:15
Steal,10.0,1,0,5,ESP,2.0,TARRAGO R,0 - 5,315,ESP,5:15
20 sec. exclusion in field,4.0,1,0,5,ESP,2.0,TUROVA A,0 - 5,314,KAZ,5:14
Action shot - Post,10.0,1,0,5,ESP,2.0,TARRAGO R,0 - 5,288,ESP,4:48
Centre shot - Goal,11.0,1,0,6,ESP,2.0,GARCIA M,0 - 6,281,ESP,4:41
Turnover foul,7.0,1,0,6,ESP,2.0,MYRZABEKOVA Z,0 - 6,260,KAZ,4:20
Steal,3.0,1,0,6,ESP,2.0,ESPAR A,0 - 6,260,ESP,4:20
Turnover foul,3.0,1,0,6,ESP,2.0,ESPAR A,0 - 6,244,ESP,4:04
20 sec. exclusion in centre,10.0,1,0,6,ESP,2.0,TARRAGO R,0 - 6,228,ESP,3:48
Time-Out,,1,0,6,ESP,2.0,,0 - 6,228,KAZ,3:48
Extra player shot - Goal,8.0,1,1,6,ESP,2.0,SAICHUK O,1 - 6,215,KAZ,3:35
20 sec. exclusion in field,4.0,1,1,6,ESP,2.0,TUROVA A,1 - 6,191,KAZ,3:11
Extra player shot - Goal,6.0,1,1,7,ESP,2.0,PAREJA J,1 - 7,175,ESP,2:55
Action shot - Goal,6.0,1,1,8,ESP,2.0,PAREJA J,1 - 8,149,ESP,2:29
Turnover foul,3.0,1,1,8,ESP,2.0,AKILBAYEVA A,1 - 8,124,KAZ,2:04
Turnover foul,4.0,1,1,8,ESP,2.0,LEITON P,1 - 8,100,ESP,1:40
Action shot - Goal,11.0,1,2,8,ESP,2.0,MIRSHINA A,2 - 8,92,KAZ,1:32
20 sec. exclusion in centre,8.0,1,2,8,ESP,4.0,PENA P,2 - 8,11,ESP,0:11
Action shot - Goal,6.0,1,2,9,ESP,2.0,PAREJA J,2 - 9,71,ESP,1:11
Turnover foul,12.0,1,2,9,ESP,2.0,MUSSAROVA A,2 - 9,41,KAZ,0:41
Turnover foul,7.0,1,2,9,ESP,2.0,ESPAR C,2 - 9,27,ESP,0:27
Action shot - Saved,4.0,1,2,9,ESP,2.0,TUROVA A,2 - 9,0,KAZ,0:00
Starting goalkeeper,1.0,1,2,9,ESP,3.0,ZHARKIMBAYEVA A,2 - 9,480,KAZ,8:00
Starting goalkeeper,1.0,1,2,9,ESP,3.0,ESTER L,2 - 9,480,ESP,8:00
Sprint won possession,10.0,1,2,9,ESP,3.0,TARRAGO R,2 - 9,480,ESP,8:00
Action shot - Saved,10.0,1,2,9,ESP,3.0,TARRAGO R,2 - 9,458,ESP,7:38
Turnover foul,3.0,1,2,9,ESP,3.0,AKILBAYEVA A,2 - 9,430,KAZ,7:10
Steal,2.0,1,2,9,ESP,3.0,BACH M,2 - 9,430,ESP,7:10
Turnover foul,11.0,1,2,9,ESP,3.0,GARCIA M,2 - 9,405,ESP,6:45
Turnover foul,3.0,1,2,9,ESP,3.0,AKILBAYEVA A,2 - 9,377,KAZ,6:17
Steal,8.0,1,2,9,ESP,3.0,PENA P,2 - 9,377,ESP,6:17
Centre shot - Goal,11.0,1,2,10,ESP,3.0,GARCIA M,2 - 10,355,ESP,5:55
Turnover foul,2.0,1,2,10,ESP,3.0,YEGEMBERDIYEVA A,2 - 10,323,KAZ,5:23
Steal,4.0,1,2,10,ESP,3.0,LEITON P,2 - 10,323,ESP,5:23
Action shot - Saved,6.0,1,2,10,ESP,3.0,PAREJA J,2 - 10,311,ESP,5:11
Turnover foul,7.0,1,2,10,ESP,3.0,ESPAR C,2 - 10,301,ESP,5:01
20 sec. exclusion in field,7.0,1,2,10,ESP,3.0,ESPAR C,2 - 10,301,ESP,5:01
Extra player shot - Post,11.0,1,2,10,ESP,3.0,MIRSHINA A,2 - 10,272,KAZ,4:32
Turnover foul,5.0,1,2,10,ESP,3.0,ZAKIROVA K,2 - 10,211,KAZ,3:31
Steal,8.0,1,2,10,ESP,3.0,PENA P,2 - 10,211,ESP,3:31
Turnover foul,4.0,1,2,10,ESP,3.0,LEITON P,2 - 10,189,ESP,3:09
Steal,8.0,1,2,10,ESP,3.0,PENA P,2 - 10,189,ESP,3:09
Action shot - Saved,12.0,1,2,10,ESP,3.0,MUSSAROVA A,2 - 10,165,KAZ,2:45
Turnover foul,8.0,1,2,10,ESP,3.0,PENA P,2 - 10,134,ESP,2:14
Steal,1.0,1,2,10,ESP,3.0,ZHARKIMBAYEVA A,2 - 10,134,KAZ,2:14
Time-Out,,1,2,10,ESP,3.0,,2 - 10,134,KAZ,2:14
Centre shot - Saved,11.0,1,2,10,ESP,3.0,GARCIA M,2 - 10,80,ESP,1:20
Turnover foul,5.0,1,2,10,ESP,3.0,ZAKIROVA K,2 - 10,45,KAZ,0:45
Steal,5.0,1,2,10,ESP,3.0,ORTIZ M,2 - 10,45,ESP,0:45
20 sec. exclusion in centre,4.0,1,2,10,ESP,3.0,TUROVA A,2 - 10,34,KAZ,0:34
Exclusion with substitution,4.0,1,2,10,ESP,3.0,TUROVA A,2 - 10,34,KAZ,0:34
Action shot - Saved,9.0,1,2,10,ESP,3.0,FORCA J,2 - 10,18,ESP,0:18
5m shot - Goal,11.0,1,3,10,ESP,3.0,MIRSHINA A,3 - 10,1,KAZ,0:01
Starting goalkeeper,1.0,1,3,10,ESP,4.0,ZHARKIMBAYEVA A,3 - 10,480,KAZ,8:00
Starting goalkeeper,1.0,1,3,10,ESP,4.0,ESTER L,3 - 10,480,ESP,8:00
Sprint won possession,6.0,1,3,10,ESP,4.0,PAREJA J,3 - 10,480,ESP,8:00
Turnover foul,10.0,1,3,10,ESP,4.0,TARRAGO R,3 - 10,443,ESP,7:23
5m shot - Missed,8.0,1,3,10,ESP,4.0,PENA P,3 - 10,432,ESP,7:12
Action shot - Goal,3.0,1,3,11,ESP,4.0,ESPAR A,3 - 11,417,ESP,6:57
20 sec. exclusion in centre,5.0,1,3,11,ESP,4.0,ORTIZ M,3 - 11,399,ESP,6:39
Exclusion with substitution,5.0,1,3,11,ESP,4.0,ORTIZ M,3 - 11,399,ESP,6:39
20 sec. exclusion in centre,5.0,1,3,11,ESP,4.0,ZAKIROVA K,3 - 11,367,KAZ,6:07
Centre shot - Goal,10.0,1,3,12,ESP,4.0,TARRAGO R,3 - 12,342,ESP,5:42
Goalkeeper substitution,13.0,1,3,12,ESP,4.0,HERRERA P,3 - 12,341,ESP,5:41
Action shot - Goal,3.0,1,4,12,ESP,4.0,AKILBAYEVA A,4 - 12,314,KAZ,5:14
Action shot - Goal,6.0,1,4,13,ESP,4.0,PAREJA J,4 - 13,293,ESP,4:53
Centre shot - Goal,7.0,1,5,13,ESP,4.0,MYRZABEKOVA Z,5 - 13,281,KAZ,4:41
Action shot - Post,10.0,1,5,13,ESP,4.0,TARRAGO R,5 - 13,255,ESP,4:15
Turnover foul,7.0,1,5,13,ESP,4.0,ESPAR C,5 - 13,220,ESP,3:40
20 sec. exclusion in field,10.0,1,5,13,ESP,4.0,TARRAGO R,5 - 13,193,ESP,3:13
Extra player shot - Goal,11.0,1,6,13,ESP,4.0,MIRSHINA A,6 - 13,174,KAZ,2:54
20 sec. exclusion in centre,2.0,1,6,13,ESP,4.0,YEGEMBERDIYEVA A,6 - 13,152,KAZ,2:32
Extra player shot - Saved,7.0,1,6,13,ESP,4.0,ESPAR C,6 - 13,130,ESP,2:10
5m shot - Saved,10.0,1,6,13,ESP,4.0,ROGA D,6 - 13,102,KAZ,1:42
Turnover foul,9.0,1,6,13,ESP,4.0,FORCA J,6 - 13,91,ESP,1:31
Time-Out,,1,6,13,ESP,4.0,,6 - 13,90,KAZ,1:30
Turnover foul,11.0,1,6,13,ESP,4.0,MIRSHINA A,6 - 13,72,KAZ,1:12
Steal,11.0,1,6,13,ESP,4.0,GARCIA M,6 - 13,72,ESP,1:12
20 sec. exclusion in centre,2.0,1,6,13,ESP,4.0,YEGEMBERDIYEVA A,6 - 13,62,KAZ,1:02
Extra player shot - Saved,10.0,1,6,13,ESP,4.0,TARRAGO R,6 - 13,55,ESP,0:55
20 sec. exclusion in centre,11.0,1,6,13,ESP,4.0,MIRSHINA A,6 - 13,37,KAZ,0:37
Extra player shot - Goal,10.0,1,6,14,ESP,4.0,TARRAGO R,6 - 14,23,ESP,0:23
Extra player shot - Goal,5.0,1,7,14,ESP,4.0,ZAKIROVA K,7 - 14,2,KAZ,0:02
Starting goalkeeper,1.0,2,0,0,CAN,1.0,GAUDREAULT J,0 - 0,480,CAN,8:00
Starting goalkeeper,1.0,2,0,0,CAN,1.0,ZHARKIMBAYEVA A,0 - 0,480,KAZ,8:00
Sprint won possession,12.0,2,0,0,CAN,1.0,PERREAULT D,0 - 0,480,CAN,8:00
Turnover foul,5.0,2,0,0,CAN,1.0,ZAKIROVA K,0 - 0,451,KAZ,7:31
20 sec. exclusion in centre,12.0,2,0,0,CAN,1.0,MUSSAROVA A,0 - 0,407,KAZ,6:47
Action shot - Goal,7.0,2,0,1,CAN,1.0,BEKHAZI J,1 - 0,384,CAN,6:24
20 sec. exclusion in centre,3.0,2,0,1,CAN,1.0,MONTON K,1 - 0,365,CAN,6:05
Extra player shot - Post,8.0,2,0,1,CAN,1.0,SAICHUK O,1 - 0,344,KAZ,5:44
Extra player shot - Saved,5.0,2,0,1,CAN,1.0,ZAKIROVA K,1 - 0,330,KAZ,5:30
Action shot - Goal,2.0,2,0,2,CAN,1.0,ALOGBO K,2 - 0,311,CAN,5:11
Action shot - Post,4.0,2,0,2,CAN,1.0,TUROVA A,2 - 0,293,KAZ,4:53
5m shot - Post,5.0,2,0,2,CAN,1.0,EGGENS M,2 - 0,267,CAN,4:27
Action shot - Saved,7.0,2,0,2,CAN,1.0,MYRZABEKOVA Z,2 - 0,250,KAZ,4:10
Action shot - Missed,11.0,2,0,2,CAN,1.0,VALIN S,2 - 0,222,CAN,3:42
Penalty foul,5.0,2,0,2,CAN,1.0,EGGENS M,2 - 0,196,CAN,3:16
Penalty shot - Goal,11.0,2,1,2,CAN,1.0,MIRSHINA A,2 - 1,196,KAZ,3:16
Action shot - Goal,5.0,2,1,3,CAN,1.0,EGGENS M,3 - 1,171,CAN,2:51
5m shot - Missed,12.0,2,1,3,CAN,1.0,MUSSAROVA A,3 - 1,147,KAZ,2:27
5m shot - Goal,9.0,2,1,4,CAN,1.0,EGGENS C,4 - 1,125,CAN,2:05
Turnover foul,5.0,2,1,4,CAN,1.0,ZAKIROVA K,4 - 1,99,KAZ,1:39
Action shot - Missed,9.0,2,1,4,CAN,1.0,EGGENS C,4 - 1,76,CAN,1:16
Time-Out,,2,1,4,CAN,1.0,,4 - 1,76,KAZ,1:16
Turnover foul,4.0,2,1,4,CAN,1.0,TUROVA A,4 - 1,53,KAZ,0:53
Steal,10.0,2,1,4,CAN,1.0,ROBINSON C,4 - 1,53,CAN,0:53
Starting goalkeeper,1.0,2,1,4,CAN,2.0,GAUDREAULT J,4 - 1,480,CAN,8:00
Starting goalkeeper,1.0,2,1,4,CAN,2.0,ZHARKIMBAYEVA A,4 - 1,480,KAZ,8:00
Sprint won possession,12.0,2,1,4,CAN,2.0,PERREAULT D,4 - 1,480,CAN,8:00
Turnover foul,12.0,2,1,4,CAN,2.0,PERREAULT D,4 - 1,452,CAN,7:32
Turnover foul,12.0,2,1,4,CAN,2.0,MUSSAROVA A,4 - 1,417,KAZ,6:57
20 sec. exclusion in centre,12.0,2,1,4,CAN,2.0,MUSSAROVA A,4 - 1,404,KAZ,6:44
Extra player shot - Goal,8.0,2,1,5,CAN,2.0,FOURNIER S,5 - 1,395,CAN,6:35
Turnover foul,4.0,2,1,5,CAN,2.0,TUROVA A,5 - 1,370,KAZ,6:10
Steal,2.0,2,1,5,CAN,2.0,ALOGBO K,5 - 1,370,CAN,6:10
Action shot - Goal,6.0,2,1,6,CAN,2.0,MCKEE K,6 - 1,359,CAN,5:59
Action shot - Saved,3.0,2,1,6,CAN,2.0,AKILBAYEVA A,6 - 1,340,KAZ,5:40
Turnover foul,3.0,2,1,6,CAN,2.0,MONTON K,6 - 1,332,CAN,5:32
Counter attack - Goal,11.0,2,2,6,CAN,2.0,MIRSHINA A,6 - 2,325,KAZ,5:25
Action shot - Saved,4.0,2,2,6,CAN,2.0,WRIGHT E,6 - 2,298,CAN,4:58
Turnover foul,4.0,2,2,6,CAN,2.0,WRIGHT E,6 - 2,277,CAN,4:37
Steal,11.0,2,2,6,CAN,2.0,MIRSHINA A,6 - 2,277,KAZ,4:37
Action shot - Missed,6.0,2,2,6,CAN,2.0,MCKEE K,6 - 2,225,CAN,3:45
5m shot - Blocked,5.0,2,2,6,CAN,2.0,ZAKIROVA K,6 - 2,202,KAZ,3:22
Turnover foul,4.0,2,2,6,CAN,2.0,TUROVA A,6 - 2,182,KAZ,3:02
Steal,2.0,2,2,6,CAN,2.0,ALOGBO K,6 - 2,182,CAN,3:02
Counter attack - Post,11.0,2,2,6,CAN,2.0,VALIN S,6 - 2,168,CAN,2:48
Time-Out,,2,2,6,CAN,2.0,,6 - 2,145,CAN,2:25
Action shot - Saved,5.0,2,2,6,CAN,2.0,EGGENS M,6 - 2,127,CAN,2:07
Action shot - Saved,3.0,2,2,6,CAN,2.0,AKILBAYEVA A,6 - 2,101,KAZ,1:41
Turnover foul,5.0,2,2,6,CAN,2.0,EGGENS M,6 - 2,77,CAN,1:17
Steal,4.0,2,2,6,CAN,2.0,TUROVA A,6 - 2,77,KAZ,1:17
Time-Out,,2,2,6,CAN,2.0,,6 - 2,77,KAZ,1:17
20 sec. exclusion in centre,7.0,2,2,6,CAN,2.0,BEKHAZI J,6 - 2,51,CAN,0:51
Centre shot - Saved,11.0,2,2,6,CAN,2.0,MIRSHINA A,6 - 2,32,KAZ,0:32
Starting goalkeeper,13.0,2,2,6,CAN,3.0,COLTERJOHN N,6 - 2,480,CAN,8:00
Starting goalkeeper,1.0,2,2,6,CAN,3.0,ZHARKIMBAYEVA A,6 - 2,480,KAZ,8:00
Sprint won possession,5.0,2,2,6,CAN,3.0,ZAKIROVA K,6 - 2,480,KAZ,8:00
5m shot - Blocked,8.0,2,2,6,CAN,3.0,SAICHUK O,6 - 2,455,KAZ,7:35
Turnover foul,12.0,2,2,6,CAN,3.0,MUSSAROVA A,6 - 2,411,KAZ,6:51
5m shot - Saved,5.0,2,2,6,CAN,3.0,EGGENS M,6 - 2,386,CAN,6:26
Turnover foul,5.0,2,2,6,CAN,3.0,ZAKIROVA K,6 - 2,354,KAZ,5:54
Turnover foul,6.0,2,2,6,CAN,3.0,MCKEE K,6 - 2,325,CAN,5:25
Turnover foul,8.0,2,2,6,CAN,3.0,SAICHUK O,6 - 2,303,KAZ,5:03
Turnover foul,11.0,2,2,6,CAN,3.0,VALIN S,6 - 2,276,CAN,4:36
Time-Out,,2,2,6,CAN,3.0,,6 - 2,276,KAZ,4:36
Turnover foul,5.0,2,2,6,CAN,3.0,ZAKIROVA K,6 - 2,264,KAZ,4:24
Turnover foul,5.0,2,2,6,CAN,3.0,ZAKIROVA K,6 - 2,251,KAZ,4:11
Action shot - Goal,7.0,2,2,7,CAN,3.0,BEKHAZI J,7 - 2,223,CAN,3:43
Steal,2.0,2,2,7,CAN,3.0,ALOGBO K,7 - 2,223,CAN,3:43
5m shot - Saved,2.0,2,2,7,CAN,3.0,ALOGBO K,7 - 2,199,CAN,3:19
Action shot - Saved,2.0,2,2,7,CAN,3.0,ALOGBO K,7 - 2,181,CAN,3:01
Counter attack - Goal,10.0,2,3,7,CAN,3.0,ROGA D,7 - 3,164,KAZ,2:44
Penalty foul,2.0,2,3,7,CAN,3.0,YEGEMBERDIYEVA A,7 - 3,145,KAZ,2:25
Penalty shot - Goal,7.0,2,3,8,CAN,3.0,BEKHAZI J,8 - 3,145,CAN,2:25
Turnover foul,3.0,2,3,8,CAN,3.0,AKILBAYEVA A,8 - 3,130,KAZ,2:10
Counter attack - Goal,2.0,2,3,9,CAN,3.0,ALOGBO K,9 - 3,119,CAN,1:59
Turnover foul,11.0,2,3,9,CAN,3.0,MIRSHINA A,9 - 3,100,KAZ,1:40
Steal,3.0,2,3,9,CAN,3.0,MONTON K,9 - 3,100,CAN,1:40
Turnover foul,8.0,2,3,9,CAN,3.0,FOURNIER S,9 - 3,86,CAN,1:26
Steal,1.0,2,3,9,CAN,3.0,ZHARKIMBAYEVA A,9 - 3,86,KAZ,1:26
Counter attack - Saved,7.0,2,3,9,CAN,3.0,MYRZABEKOVA Z,9 - 3,76,KAZ,1:16
Action shot - Saved,7.0,2,3,9,CAN,3.0,BEKHAZI J,9 - 3,60,CAN,1:00
Action shot - Post,11.0,2,3,9,CAN,3.0,MIRSHINA A,9 - 3,46,KAZ,0:46
Action shot - Saved,3.0,2,3,9,CAN,3.0,MONTON K,9 - 3,19,CAN,0:19
5m shot - Goal,5.0,2,4,9,CAN,3.0,ZAKIROVA K,9 - 4,1,KAZ,0:01
Starting goalkeeper,13.0,2,4,9,CAN,4.0,COLTERJOHN N,9 - 4,480,CAN,8:00
Starting goalkeeper,1.0,2,4,9,CAN,4.0,ZHARKIMBAYEVA A,9 - 4,480,KAZ,8:00
Sprint won possession,12.0,2,4,9,CAN,4.0,PERREAULT D,9 - 4,480,CAN,8:00
Turnover foul,2.0,2,4,9,CAN,4.0,ALOGBO K,9 - 4,463,CAN,7:43
Steal,2.0,2,4,9,CAN,4.0,YEGEMBERDIYEVA A,9 - 4,463,KAZ,7:43
Turnover foul,5.0,2,4,9,CAN,4.0,ZAKIROVA K,9 - 4,440,KAZ,7:20
Action shot - Goal,10.0,2,4,10,CAN,4.0,ROBINSON C,10 - 4,417,CAN,6:57
20 sec. exclusion in centre,4.0,2,4,10,CAN,4.0,WRIGHT E,10 - 4,401,CAN,6:41
Extra player shot - Blocked,5.0,2,4,10,CAN,4.0,ZAKIROVA K,10 - 4,372,KAZ,6:12
5m shot - Goal,2.0,2,4,11,CAN,4.0,ALOGBO K,11 - 4,362,CAN,6:02
Turnover foul,11.0,2,4,11,CAN,4.0,MIRSHINA A,11 - 4,341,KAZ,5:41
Steal,8.0,2,4,11,CAN,4.0,FOURNIER S,11 - 4,341,CAN,5:41
Counter attack - Goal,5.0,2,4,12,CAN,4.0,EGGENS M,12 - 4,330,CAN,5:30
Turnover foul,8.0,2,4,12,CAN,4.0,SAICHUK O,12 - 4,307,KAZ,5:07
Steal,13.0,2,4,12,CAN,4.0,COLTERJOHN N,12 - 4,307,CAN,5:07
5m shot - Goal,5.0,2,4,13,CAN,4.0,EGGENS M,13 - 4,282,CAN,4:42
Time-Out,,2,4,13,CAN,4.0,,13 - 4,282,KAZ,4:42
5m shot - Saved,10.0,2,4,13,CAN,4.0,ROGA D,13 - 4,264,KAZ,4:24
Turnover foul,5.0,2,4,13,CAN,4.0,EGGENS M,13 - 4,239,CAN,3:59
Action shot - Goal,5.0,2,4,14,CAN,4.0,EGGENS M,14 - 4,197,CAN,3:17
Turnover foul,8.0,2,4,14,CAN,4.0,SAICHUK O,14 - 4,178,KAZ,2:58
Steal,6.0,2,4,14,CAN,4.0,MCKEE K,14 - 4,178,CAN,2:58
Action shot - Goal,5.0,2,4,15,CAN,4.0,EGGENS M,15 - 4,150,CAN,2:30
20 sec. exclusion in centre,6.0,2,4,15,CAN,4.0,MCKEE K,15 - 4,137,CAN,2:17
5m shot - Saved,10.0,2,4,15,CAN,4.0,ROGA D,15 - 4,106,KAZ,1:46
5m shot - Goal,6.0,2,4,16,CAN,4.0,MCKEE K,16 - 4,81,CAN,1:21
Turnover foul,11.0,2,4,16,CAN,4.0,MIRSHINA A,16 - 4,55,KAZ,0:55
Time-Out,,2,4,16,CAN,4.0,,16 - 4,55,CAN,0:55
Turnover foul,4.0,2,4,16,CAN,4.0,WRIGHT E,16 - 4,43,CAN,0:43
5m shot - Missed,4.0,2,4,16,CAN,4.0,TUROVA A,16 - 4,14,KAZ,0:14
Action shot - Goal,10.0,2,4,17,CAN,4.0,ROBINSON C,17 - 4,3,CAN,0:03
Starting goalkeeper,1.0,3,0,0,NZL,1.0,ZHARKIMBAYEVA A,0 - 0,480,KAZ,8:00
Starting goalkeeper,1.0,3,0,0,NZL,1.0,MILLAR B,0 - 0,480,NZL,8:00
Sprint won possession,5.0,3,0,0,NZL,1.0,ZAKIROVA K,0 - 0,480,KAZ,8:00
Turnover foul,7.0,3,0,0,NZL,1.0,MYRZABEKOVA Z,0 - 0,465,KAZ,7:45
Action shot - Saved,4.0,3,0,0,NZL,1.0,LEWIS D,0 - 0,452,NZL,7:32
5m shot - Goal,4.0,3,1,0,NZL,1.0,TUROVA A,1 - 0,429,KAZ,7:09
Turnover foul,6.0,3,1,0,NZL,1.0,LANDRY S,1 - 0,409,NZL,6:49
Penalty foul,4.0,3,1,0,NZL,1.0,LEWIS D,1 - 0,392,NZL,6:32
Penalty shot - Goal,11.0,3,2,0,NZL,1.0,MIRSHINA A,2 - 0,392,KAZ,6:32
Action shot - Saved,6.0,3,2,0,NZL,1.0,LANDRY S,2 - 0,376,NZL,6:16
5m shot - Post,5.0,3,2,0,NZL,1.0,ZAKIROVA K,2 - 0,347,KAZ,5:47
Turnover foul,12.0,3,2,0,NZL,1.0,MYLES J,2 - 0,326,NZL,5:26
Steal,5.0,3,2,0,NZL,1.0,ZAKIROVA K,2 - 0,326,KAZ,5:26
5m shot - Missed,8.0,3,2,0,NZL,1.0,SAICHUK O,2 - 0,296,KAZ,4:56
5m shot - Saved,12.0,3,2,0,NZL,1.0,MYLES J,2 - 0,280,NZL,4:40
Centre shot - Saved,8.0,3,2,0,NZL,1.0,LOPES DA SILVA C,2 - 0,278,NZL,4:38
Action shot - Goal,7.0,3,3,0,NZL,1.0,MYRZABEKOVA Z,3 - 0,256,KAZ,4:16
5m shot - Missed,4.0,3,3,0,NZL,1.0,LEWIS D,3 - 0,233,NZL,3:53
Turnover foul,11.0,3,3,0,NZL,1.0,MIRSHINA A,3 - 0,216,KAZ,3:36
Action shot - Saved,10.0,3,3,0,NZL,1.0,DANCE L,3 - 0,188,NZL,3:08
20 sec. exclusion in field,9.0,3,3,0,NZL,1.0,STONEMAN E,3 - 0,174,NZL,2:54
Time-Out,,3,3,0,NZL,1.0,,3 - 0,174,KAZ,2:54
Turnover foul,7.0,3,3,0,NZL,1.0,MYRZABEKOVA Z,3 - 0,147,KAZ,2:27
Penalty foul,10.0,3,3,0,NZL,1.0,ROGA D,3 - 0,133,KAZ,2:13
Penalty shot - Saved,11.0,3,3,0,NZL,1.0,HUDSON K,3 - 0,133,NZL,2:13
20 sec. exclusion in centre,9.0,3,3,0,NZL,1.0,STONEMAN E,3 - 0,119,NZL,1:59
Extra player shot - Missed,8.0,3,3,0,NZL,1.0,SAICHUK O,3 - 0,99,KAZ,1:39
Time-Out,,3,3,0,NZL,1.0,,3 - 0,97,NZL,1:37
20 sec. exclusion in field,2.0,3,3,0,NZL,1.0,LEWIS N,3 - 0,83,NZL,1:23
Extra player shot - Saved,8.0,3,3,0,NZL,1.0,SAICHUK O,3 - 0,58,KAZ,0:58
20 sec. exclusion in field,11.0,3,3,0,NZL,1.0,MIRSHINA A,3 - 0,28,KAZ,0:28
Extra player shot - Missed,4.0,3,3,0,NZL,1.0,LEWIS D,3 - 0,8,NZL,0:08
Starting goalkeeper,1.0,3,3,0,NZL,2.0,ZHARKIMBAYEVA A,3 - 0,480,KAZ,8:00
Starting goalkeeper,1.0,3,3,0,NZL,2.0,MILLAR B,3 - 0,480,NZL,8:00
Sprint won possession,3.0,3,3,0,NZL,2.0,AKILBAYEVA A,3 - 0,480,KAZ,8:00
Turnover foul,12.0,3,3,0,NZL,2.0,MUSSAROVA A,3 - 0,449,KAZ,7:29
20 sec. exclusion in centre,12.0,3,3,0,NZL,2.0,MUSSAROVA A,3 - 0,441,KAZ,7:21
Extra player shot - Post,6.0,3,3,0,NZL,2.0,LANDRY S,3 - 0,422,NZL,7:02
20 sec. exclusion in centre,6.0,3,3,0,NZL,2.0,LANDRY S,3 - 0,404,NZL,6:44
Extra player shot - Goal,3.0,3,4,0,NZL,2.0,AKILBAYEVA A,4 - 0,389,KAZ,6:29
Turnover foul,8.0,3,4,0,NZL,2.0,LOPES DA SILVA C,4 - 0,366,NZL,6:06
Steal,4.0,3,4,0,NZL,2.0,TUROVA A,4 - 0,366,KAZ,6:06
Action shot - Goal,3.0,3,5,0,NZL,2.0,AKILBAYEVA A,5 - 0,348,KAZ,5:48
5m shot - Saved,12.0,3,5,0,NZL,2.0,MYLES J,5 - 0,335,NZL,5:35
Turnover foul,2.0,3,5,0,NZL,2.0,LEWIS N,5 - 0,323,NZL,5:23
Steal,2.0,3,5,0,NZL,2.0,YEGEMBERDIYEVA A,5 - 0,323,KAZ,5:23
20 sec. exclusion in centre,12.0,3,5,0,NZL,2.0,MYLES J,5 - 0,305,NZL,5:05
Time-Out,,3,5,0,NZL,2.0,,5 - 0,305,KAZ,5:05
Extra player shot - Missed,11.0,3,5,0,NZL,2.0,MIRSHINA A,5 - 0,287,KAZ,4:47
Action shot - Blocked,8.0,3,5,0,NZL,2.0,LOPES DA SILVA C,5 - 0,264,NZL,4:24
Action shot - Goal,3.0,3,6,0,NZL,2.0,AKILBAYEVA A,6 - 0,240,KAZ,4:00
Time-Out,,3,6,0,NZL,2.0,,6 - 0,240,NZL,4:00
Goalkeeper substitution,13.0,3,6,0,NZL,2.0,CURNOW K,6 - 0,240,NZL,4:00
Turnover foul,11.0,3,6,0,NZL,2.0,HUDSON K,6 - 0,212,NZL,3:32
Turnover foul,2.0,3,6,0,NZL,2.0,YEGEMBERDIYEVA A,6 - 0,185,KAZ,3:05
Turnover foul,8.0,3,6,0,NZL,2.0,LOPES DA SILVA C,6 - 0,176,NZL,2:56
20 sec. exclusion in field,8.0,3,6,0,NZL,2.0,LOPES DA SILVA C,6 - 0,179,NZL,2:59
20 sec. exclusion in field,4.0,3,6,0,NZL,2.0,TUROVA A,6 - 0,130,KAZ,2:10
Action shot - Saved,11.0,3,6,0,NZL,2.0,HUDSON K,6 - 0,67,NZL,1:07
Counter attack - Goal,12.0,3,7,0,NZL,2.0,MUSSAROVA A,7 - 0,60,KAZ,1:00
20 sec. exclusion in centre,2.0,3,7,0,NZL,2.0,YEGEMBERDIYEVA A,7 - 0,48,KAZ,0:48
Action shot - Saved,6.0,3,7,0,NZL,2.0,LANDRY S,7 - 0,25,NZL,0:25
5m shot - Saved,11.0,3,7,0,NZL,2.0,MIRSHINA A,7 - 0,1,KAZ,0:01
Starting goalkeeper,1.0,3,7,0,NZL,3.0,ZHARKIMBAYEVA A,7 - 0,480,KAZ,8:00
Steal,4.0,3,7,0,NZL,4.0,TUROVA A,7 - 0,68,KAZ,1:08
Centre shot - Goal,8.0,3,14,4,NZL,4.0,SAICHUK O,14 - 4,53,KAZ,0:53
Starting goalkeeper,13.0,3,14,4,NZL,3.0,CURNOW K,14 - 4,480,NZL,8:00
Sprint won possession,4.0,3,14,4,NZL,3.0,LEWIS D,14 - 4,480,NZL,8:00
20 sec. exclusion in centre,4.0,3,14,4,NZL,3.0,TUROVA A,14 - 4,459,KAZ,7:39
Extra player shot - Saved,4.0,3,14,4,NZL,3.0,LEWIS D,14 - 4,456,NZL,7:36
Extra player shot - Goal,4.0,3,7,1,NZL,3.0,LEWIS D,7 - 1,441,NZL,7:21
5m shot - Goal,2.0,3,8,1,NZL,3.0,YEGEMBERDIYEVA A,8 - 1,425,KAZ,7:05
Turnover foul,4.0,3,8,1,NZL,3.0,LEWIS D,8 - 1,412,NZL,6:52
Steal,2.0,3,8,1,NZL,3.0,YEGEMBERDIYEVA A,8 - 1,412,KAZ,6:52
Action shot - Saved,3.0,3,8,1,NZL,3.0,AKILBAYEVA A,8 - 1,390,KAZ,6:30
Turnover foul,12.0,3,8,1,NZL,3.0,MYLES J,8 - 1,368,NZL,6:08
Steal,2.0,3,8,1,NZL,3.0,YEGEMBERDIYEVA A,8 - 1,368,KAZ,6:08
20 sec. exclusion in centre,10.0,3,8,1,NZL,3.0,DANCE L,8 - 1,341,NZL,5:41
Extra player shot - Saved,2.0,3,8,1,NZL,3.0,YEGEMBERDIYEVA A,8 - 1,328,KAZ,5:28
Turnover foul,2.0,3,8,1,NZL,3.0,LEWIS N,8 - 1,305,NZL,5:05
Turnover foul,11.0,3,8,1,NZL,3.0,MIRSHINA A,8 - 1,280,KAZ,4:40
Steal,13.0,3,8,1,NZL,3.0,CURNOW K,8 - 1,280,NZL,4:40
Turnover foul,6.0,3,8,1,NZL,3.0,LANDRY S,8 - 1,259,NZL,4:19
Action shot - Goal,3.0,3,9,1,NZL,3.0,AKILBAYEVA A,9 - 1,248,KAZ,4:08
Action shot - Blocked,2.0,3,9,1,NZL,3.0,LEWIS N,9 - 1,228,NZL,3:48
Action shot - Saved,7.0,3,9,1,NZL,3.0,MYRZABEKOVA Z,9 - 1,212,KAZ,3:32
Turnover foul,10.0,3,9,1,NZL,3.0,ROGA D,9 - 1,194,KAZ,3:14
Steal,6.0,3,9,1,NZL,3.0,LANDRY S,9 - 1,194,NZL,3:14
Turnover foul,11.0,3,9,1,NZL,3.0,HUDSON K,9 - 1,177,NZL,2:57
Time-Out,,3,9,1,NZL,3.0,,9 - 1,175,KAZ,2:55
5m shot - Goal,11.0,3,10,1,NZL,3.0,MIRSHINA A,10 - 1,165,KAZ,2:45
5m shot - Saved,12.0,3,10,1,NZL,3.0,MYLES J,10 - 1,155,NZL,2:35
Action shot - Saved,2.0,3,10,1,NZL,3.0,LEWIS N,10 - 1,143,NZL,2:23
20 sec. exclusion in field,7.0,3,10,1,NZL,3.0,CHASE M,10 - 1,122,NZL,2:02
Action shot - Blocked,8.0,3,10,1,NZL,3.0,SAICHUK O,10 - 1,93,KAZ,1:33
Time-Out,,3,10,1,NZL,3.0,,10 - 1,93,NZL,1:33
20 sec. exclusion in field,12.0,3,10,1,NZL,3.0,MUSSAROVA A,10 - 1,75,KAZ,1:15
Action shot - Saved,8.0,3,10,1,NZL,3.0,LOPES DA SILVA C,10 - 1,48,NZL,0:48
Action shot - Goal,5.0,3,11,1,NZL,3.0,ZAKIROVA K,11 - 1,22,KAZ,0:22
Centre shot - Missed,2.0,3,11,1,NZL,3.0,LEWIS N,11 - 1,2,NZL,0:02
Starting goalkeeper,1.0,3,11,1,NZL,4.0,ZHARKIMBAYEVA A,11 - 1,480,KAZ,8:00
Starting goalkeeper,1.0,3,11,1,NZL,4.0,MILLAR B,11 - 1,480,NZL,8:00
Sprint won possession,3.0,3,11,1,NZL,4.0,AKILBAYEVA A,11 - 1,480,KAZ,8:00
Action shot - Saved,10.0,3,11,1,NZL,4.0,ROGA D,11 - 1,455,KAZ,7:35
Counter attack - Goal,4.0,3,11,2,NZL,4.0,LEWIS D,11 - 2,445,NZL,7:25
5m shot - Missed,2.0,3,11,2,NZL,4.0,YEGEMBERDIYEVA A,11 - 2,415,KAZ,6:55
Centre shot - Goal,4.0,3,11,3,NZL,4.0,LEWIS D,11 - 3,404,NZL,6:44
Action shot - Saved,11.0,3,11,3,NZL,4.0,MIRSHINA A,11 - 3,388,KAZ,6:28
Turnover foul,7.0,3,11,3,NZL,4.0,MYRZABEKOVA Z,11 - 3,379,KAZ,6:19
Steal,2.0,3,11,3,NZL,4.0,LEWIS N,11 - 3,379,NZL,6:19
Turnover foul,8.0,3,11,3,NZL,4.0,LOPES DA SILVA C,11 - 3,361,NZL,6:01
Steal,12.0,3,11,3,NZL,4.0,MUSSAROVA A,11 - 3,361,KAZ,6:01
Counter attack - Post,11.0,3,11,3,NZL,4.0,MIRSHINA A,11 - 3,356,KAZ,5:56
Action shot - Post,8.0,3,11,3,NZL,4.0,LOPES DA SILVA C,11 - 3,328,NZL,5:28
Centre shot - Saved,7.0,3,11,3,NZL,4.0,MYRZABEKOVA Z,11 - 3,306,KAZ,5:06
Action shot - Goal,8.0,3,11,4,NZL,4.0,LOPES DA SILVA C,11 - 4,294,NZL,4:54
Action shot - Goal,3.0,3,12,4,NZL,4.0,AKILBAYEVA A,12 - 4,282,KAZ,4:42
Action shot - Saved,6.0,3,12,4,NZL,4.0,LANDRY S,12 - 4,255,NZL,4:15
20 sec. exclusion in field,6.0,3,12,4,NZL,4.0,LANDRY S,12 - 4,255,NZL,4:15
Time-Out,,3,12,4,NZL,4.0,,12 - 4,255,KAZ,4:15
Extra player shot - Goal,3.0,3,13,4,NZL,4.0,AKILBAYEVA A,13 - 4,239,KAZ,3:59
5m shot - Saved,9.0,3,13,4,NZL,4.0,STONEMAN E,13 - 4,210,NZL,3:30
Action shot - Blocked,11.0,3,13,4,NZL,4.0,MIRSHINA A,13 - 4,184,KAZ,3:04
5m shot - Saved,7.0,3,13,4,NZL,4.0,CHASE M,13 - 4,160,NZL,2:40
Turnover foul,11.0,3,13,4,NZL,4.0,MIRSHINA A,13 - 4,132,KAZ,2:12
Time-Out,,3,13,4,NZL,4.0,,13 - 4,132,NZL,2:12
Turnover foul,10.0,3,13,4,NZL,4.0,DANCE L,13 - 4,120,NZL,2:00
20 sec. exclusion in field,10.0,3,13,4,NZL,4.0,DANCE L,13 - 4,112,NZL,1:52
Extra player shot - Post,5.0,3,13,4,NZL,4.0,ZAKIROVA K,13 - 4,90,KAZ,1:30
Turnover foul,4.0,3,13,4,NZL,4.0,LEWIS D,13 - 4,68,NZL,1:08
Action shot - Post,2.0,3,13,4,NZL,4.0,LEWIS N,13 - 4,31,NZL,0:31
Turnover foul,6.0,3,13,4,NZL,4.0,TIKHONOVA O,13 - 4,3,KAZ,0:03
Starting goalkeeper,1.0,4,0,0,NED,1.0,ZHARKIMBAYEVA A,0 - 0,480,KAZ,8:00
Starting goalkeeper,1.0,4,0,0,NED,1.0,AARTS L,0 - 0,480,NED,8:00
Sprint won possession,4.0,4,0,0,NED,1.0,VAN DER SLOOT C,0 - 0,480,NED,8:00
Turnover foul,8.0,4,0,0,NED,1.0,SEVENICH V,0 - 0,453,NED,7:33
Turnover foul,11.0,4,0,0,NED,1.0,MIRSHINA A,0 - 0,425,KAZ,7:05
Penalty foul,8.0,4,0,0,NED,1.0,SAICHUK O,0 - 0,418,KAZ,6:58
Penalty shot - Goal,2.0,4,0,1,NED,1.0,SMIT M,0 - 1,418,NED,6:58
20 sec. exclusion in field,2.0,4,0,1,NED,1.0,SMIT M,0 - 1,401,NED,6:41
Extra player shot - Saved,11.0,4,0,1,NED,1.0,MIRSHINA A,0 - 1,389,KAZ,6:29
20 sec. exclusion in field,11.0,4,0,1,NED,1.0,MIRSHINA A,0 - 1,387,KAZ,6:27
Extra player shot - Post,9.0,4,0,1,NED,1.0,MEGENS M,0 - 1,368,NED,6:08
5m shot - Saved,11.0,4,0,1,NED,1.0,KLAASSEN L,0 - 1,346,NED,5:46
Turnover foul,11.0,4,0,1,NED,1.0,KLAASSEN L,0 - 1,340,NED,5:40
5m shot - Blocked,5.0,4,0,1,NED,1.0,ZAKIROVA K,0 - 1,306,KAZ,5:06
Counter attack - Goal,3.0,4,0,2,NED,1.0,GENEE D,0 - 2,294,NED,4:54
20 sec. exclusion in centre,6.0,4,0,2,NED,1.0,STOMPHORST N,0 - 2,277,NED,4:37
Extra player shot - Saved,3.0,4,0,2,NED,1.0,AKILBAYEVA A,0 - 2,268,KAZ,4:28
Centre shot - Saved,5.0,4,0,2,NED,1.0,GENEE A,0 - 2,237,NED,3:57
Action shot - Post,11.0,4,0,2,NED,1.0,KLAASSEN L,0 - 2,229,NED,3:49
Turnover foul,11.0,4,0,2,NED,1.0,KLAASSEN L,0 - 2,217,NED,3:37
Turnover foul,5.0,4,0,2,NED,1.0,ZAKIROVA K,0 - 2,197,KAZ,3:17
5m shot - Saved,7.0,4,0,2,NED,1.0,NIJHUIS M,0 - 2,178,NED,2:58
Time-Out,,4,0,2,NED,1.0,,0 - 2,172,KAZ,2:52
Turnover foul,8.0,4,0,2,NED,1.0,SAICHUK O,0 - 2,167,KAZ,2:47
Counter attack - Goal,5.0,4,0,3,NED,1.0,GENEE A,0 - 3,158,NED,2:38
Turnover foul,4.0,4,0,3,NED,1.0,TUROVA A,0 - 3,140,KAZ,2:20
Steal,11.0,4,0,3,NED,1.0,KLAASSEN L,0 - 3,140,NED,2:20
Turnover foul,8.0,4,0,3,NED,1.0,SEVENICH V,0 - 3,128,NED,2:08
5m shot - Blocked,7.0,4,0,3,NED,1.0,MYRZABEKOVA Z,0 - 3,117,KAZ,1:57
20 sec. exclusion in field,7.0,4,0,3,NED,1.0,MYRZABEKOVA Z,0 - 3,116,KAZ,1:56
Time-Out,,4,0,3,NED,1.0,,0 - 3,116,NED,1:56
Extra player shot - Goal,8.0,4,0,4,NED,1.0,SEVENICH V,0 - 4,100,NED,1:40
Turnover foul,5.0,4,0,4,NED,1.0,ZAKIROVA K,0 - 4,79,KAZ,1:19
Steal,2.0,4,0,4,NED,1.0,SMIT M,0 - 4,79,NED,1:19
Action shot - Saved,12.0,4,0,4,NED,1.0,VAN DER MOLEN L,0 - 4,55,NED,0:55
Turnover foul,12.0,4,0,4,NED,1.0,MUSSAROVA A,0 - 4,27,KAZ,0:27
Action shot - Post,2.0,4,0,4,NED,1.0,SMIT M,0 - 4,13,NED,0:13
5m shot - Saved,8.0,4,0,4,NED,1.0,SAICHUK O,0 - 4,1,KAZ,0:01
Starting goalkeeper,1.0,4,0,4,NED,2.0,ZHARKIMBAYEVA A,0 - 4,480,KAZ,8:00
Starting goalkeeper,1.0,4,0,4,NED,2.0,AARTS L,0 - 4,480,NED,8:00
Sprint won possession,6.0,4,0,4,NED,2.0,STOMPHORST N,0 - 4,480,NED,8:00
Turnover foul,5.0,4,0,4,NED,2.0,GENEE A,0 - 4,460,NED,7:40
Turnover foul,5.0,4,0,4,NED,2.0,ZAKIROVA K,0 - 4,432,KAZ,7:12
Counter attack - Saved,6.0,4,0,4,NED,2.0,STOMPHORST N,0 - 4,423,NED,7:03
Turnover foul,7.0,4,0,4,NED,2.0,MYRZABEKOVA Z,0 - 4,408,KAZ,6:48
20 sec. exclusion in field,5.0,4,0,4,NED,2.0,ZAKIROVA K,0 - 4,408,KAZ,6:48
Extra player shot - Saved,12.0,4,0,4,NED,2.0,VAN DER MOLEN L,0 - 4,392,NED,6:32
Centre shot - Missed,7.0,4,0,4,NED,2.0,MYRZABEKOVA Z,0 - 4,360,KAZ,6:00
20 sec. exclusion in field,4.0,4,0,4,NED,2.0,TUROVA A,0 - 4,354,KAZ,5:54
Extra player shot - Goal,10.0,4,0,5,NED,2.0,VAN TOORN I,0 - 5,347,NED,5:47
Action shot - Saved,12.0,4,0,5,NED,2.0,MUSSAROVA A,0 - 5,330,KAZ,5:30
Counter attack - Goal,4.0,4,0,6,NED,2.0,VAN DER SLOOT C,0 - 6,318,NED,5:18
Time-Out,,4,0,6,NED,2.0,,0 - 6,318,KAZ,5:18
20 sec. exclusion in centre,3.0,4,0,6,NED,2.0,GENEE D,0 - 6,313,NED,5:13
Extra player shot - Missed,12.0,4,0,6,NED,2.0,MUSSAROVA A,0 - 6,294,KAZ,4:54
Centre shot - Goal,2.0,4,0,7,NED,2.0,SMIT M,0 - 7,276,NED,4:36
5m shot - Saved,5.0,4,0,7,NED,2.0,ZAKIROVA K,0 - 7,249,KAZ,4:09
Turnover foul,8.0,4,0,7,NED,2.0,SEVENICH V,0 - 7,227,NED,3:47
5m shot - Missed,8.0,4,0,7,NED,2.0,SAICHUK O,0 - 7,209,KAZ,3:29
Action shot - Goal,8.0,4,0,8,NED,2.0,SEVENICH V,0 - 8,196,NED,3:16
20 sec. exclusion in centre,3.0,4,0,8,NED,2.0,GENEE D,0 - 8,184,NED,3:04
Extra player shot - Missed,7.0,4,0,8,NED,2.0,MYRZABEKOVA Z,0 - 8,165,KAZ,2:45
Turnover foul,7.0,4,0,8,NED,2.0,NIJHUIS M,0 - 8,139,NED,2:19
Steal,2.0,4,0,8,NED,2.0,YEGEMBERDIYEVA A,0 - 8,139,KAZ,2:19
Turnover foul,3.0,4,0,8,NED,4.0,AKILBAYEVA A,0 - 8,250,KAZ,4:10
Turnover foul,2.0,4,0,8,NED,4.0,SMIT M,0 - 8,241,NED,4:01
5m shot - Saved,10.0,4,0,8,NED,4.0,ROGA D,0 - 8,209,KAZ,3:29
Action shot - Saved,11.0,4,0,8,NED,4.0,KLAASSEN L,0 - 8,188,NED,3:08
20 sec. exclusion in field,7.0,4,0,8,NED,4.0,NIJHUIS M,0 - 8,174,NED,2:54
Extra player shot - Saved,11.0,4,0,8,NED,4.0,MIRSHINA A,0 - 8,163,KAZ,2:43
Counter attack - Goal,2.0,4,0,21,NED,4.0,SMIT M,0 - 21,150,NED,2:30
20 sec. exclusion in centre,11.0,4,0,21,NED,4.0,KLAASSEN L,0 - 21,140,NED,2:20
Extra player shot - Goal,11.0,4,1,21,NED,4.0,MIRSHINA A,1 - 21,120,KAZ,2:00
Turnover foul,10.0,4,1,21,NED,2.0,ROGA D,1 - 21,110,KAZ,1:50
Counter attack - Goal,7.0,4,0,9,NED,2.0,NIJHUIS M,0 - 9,99,NED,1:39
5m shot - Blocked,4.0,4,0,9,NED,2.0,TUROVA A,0 - 9,77,KAZ,1:17
Action shot - Goal,2.0,4,0,10,NED,2.0,SMIT M,0 - 10,59,NED,0:59
5m shot - Saved,5.0,4,0,10,NED,2.0,ZAKIROVA K,0 - 10,30,KAZ,0:30
Counter attack - Goal,2.0,4,0,11,NED,2.0,SMIT M,0 - 11,21,NED,0:21
20 sec. exclusion in field,8.0,4,0,11,NED,2.0,SEVENICH V,0 - 11,9,NED,0:09
Turnover foul,10.0,4,0,11,NED,2.0,ROGA D,0 - 11,1,KAZ,0:01
Starting goalkeeper,1.0,4,0,11,NED,3.0,ZHARKIMBAYEVA A,0 - 11,480,KAZ,8:00
Starting goalkeeper,1.0,4,0,11,NED,3.0,AARTS L,0 - 11,480,NED,8:00
Sprint won possession,6.0,4,0,11,NED,3.0,STOMPHORST N,0 - 11,480,NED,8:00
5m shot - Saved,10.0,4,0,11,NED,3.0,VAN TOORN I,0 - 11,462,NED,7:42
Turnover foul,3.0,4,0,11,NED,3.0,AKILBAYEVA A,0 - 11,442,KAZ,7:22
Centre shot - Goal,10.0,4,0,12,NED,3.0,VAN TOORN I,0 - 12,429,NED,7:09
Turnover foul,7.0,4,0,12,NED,3.0,MYRZABEKOVA Z,0 - 12,419,KAZ,6:59
Counter attack - Post,12.0,4,0,12,NED,3.0,VAN DER MOLEN L,0 - 12,408,NED,6:48
20 sec. exclusion in field,10.0,4,0,12,NED,3.0,VAN TOORN I,0 - 12,384,NED,6:24
5m shot - Blocked,11.0,4,0,12,NED,3.0,MIRSHINA A,0 - 12,357,KAZ,5:57
Counter attack - Goal,7.0,4,0,13,NED,3.0,NIJHUIS M,0 - 13,349,NED,5:49
5m shot - Saved,3.0,4,0,13,NED,3.0,AKILBAYEVA A,0 - 13,324,KAZ,5:24
Counter attack - Goal,9.0,4,0,14,NED,3.0,MEGENS M,0 - 14,313,NED,5:13
Turnover foul,4.0,4,0,14,NED,3.0,TUROVA A,0 - 14,291,KAZ,4:51
5m shot - Missed,2.0,4,0,14,NED,3.0,SMIT M,0 - 14,277,NED,4:37
Turnover foul,1.0,4,0,14,NED,3.0,ZHARKIMBAYEVA A,0 - 14,266,KAZ,4:26
Steal,7.0,4,0,14,NED,3.0,NIJHUIS M,0 - 14,266,NED,4:26
Counter attack - Goal,10.0,4,0,15,NED,3.0,VAN TOORN I,0 - 15,258,NED,4:18
Action shot - Post,4.0,4,0,15,NED,3.0,VAN DER SLOOT C,0 - 15,220,NED,3:40
Turnover foul,11.0,4,0,15,NED,3.0,MIRSHINA A,0 - 15,192,KAZ,3:12
Counter attack - Saved,8.0,4,0,15,NED,3.0,SEVENICH V,0 - 15,185,NED,3:05
5m shot - Missed,4.0,4,0,15,NED,3.0,TUROVA A,0 - 15,166,KAZ,2:46
Counter attack - Goal,3.0,4,0,16,NED,3.0,GENEE D,0 - 16,156,NED,2:36
20 sec. exclusion in field,11.0,4,0,16,NED,3.0,KLAASSEN L,0 - 16,144,NED,2:24
5m shot - Blocked,4.0,4,0,16,NED,3.0,TUROVA A,0 - 16,115,KAZ,1:55
Action shot - Saved,4.0,4,0,16,NED,3.0,VAN DER SLOOT C,0 - 16,100,NED,1:40
Time-Out,,4,0,16,NED,3.0,,0 - 16,100,KAZ,1:40
Action shot - Blocked,5.0,4,0,16,NED,3.0,ZAKIROVA K,0 - 16,67,KAZ,1:07
20 sec. exclusion in field,11.0,4,0,16,NED,3.0,MIRSHINA A,0 - 16,55,KAZ,0:55
Extra player shot - Goal,11.0,4,0,17,NED,3.0,KLAASSEN L,0 - 17,41,NED,0:41
20 sec. exclusion in centre,10.0,4,0,17,NED,3.0,VAN TOORN I,0 - 17,29,NED,0:29
Extra player shot - Blocked,2.0,4,0,17,NED,3.0,YEGEMBERDIYEVA A,0 - 17,10,KAZ,0:10
5m shot - Missed,4.0,4,0,17,NED,3.0,VAN DER SLOOT C,0 - 17,1,NED,0:01
Starting goalkeeper,1.0,4,0,17,NED,4.0,ZHARKIMBAYEVA A,0 - 17,480,KAZ,8:00
Starting goalkeeper,1.0,4,0,17,NED,4.0,AARTS L,0 - 17,480,NED,8:00
Sprint won possession,5.0,4,0,17,NED,4.0,ZAKIROVA K,0 - 17,480,KAZ,8:00
Centre shot - Saved,7.0,4,0,17,NED,4.0,MYRZABEKOVA Z,0 - 17,461,KAZ,7:41
Counter attack - Goal,10.0,4,0,18,NED,4.0,VAN TOORN I,0 - 18,452,NED,7:32
20 sec. exclusion in field,10.0,4,0,18,NED,4.0,VAN TOORN I,0 - 18,440,NED,7:20
Exclusion with substitution,10.0,4,0,18,NED,4.0,VAN TOORN I,0 - 18,440,NED,7:20
Action shot - Missed,5.0,4,0,18,NED,4.0,ZAKIROVA K,0 - 18,422,KAZ,7:02
20 sec. exclusion in centre,8.0,4,0,18,NED,4.0,SAICHUK O,0 - 18,411,KAZ,6:51
Extra player shot - Goal,9.0,4,0,19,NED,4.0,MEGENS M,0 - 19,407,NED,6:47
Turnover foul,7.0,4,0,19,NED,4.0,MYRZABEKOVA Z,0 - 19,389,KAZ,6:29
Counter attack - Saved,2.0,4,0,19,NED,4.0,SMIT M,0 - 19,381,NED,6:21
Turnover foul,11.0,4,0,19,NED,4.0,MIRSHINA A,0 - 19,363,KAZ,6:03
Steal,12.0,4,0,19,NED,4.0,VAN DER MOLEN L,0 - 19,363,NED,6:03
5m shot - Missed,9.0,4,0,19,NED,4.0,MEGENS M,0 - 19,341,NED,5:41
Turnover foul,8.0,4,0,19,NED,4.0,SAICHUK O,0 - 19,319,KAZ,5:19
Steal,12.0,4,0,19,NED,4.0,VAN DER MOLEN L,0 - 19,319,NED,5:19
Turnover foul,12.0,4,0,19,NED,4.0,VAN DER MOLEN L,0 - 19,300,NED,5:00
Steal,8.0,4,0,19,NED,4.0,SAICHUK O,0 - 19,300,KAZ,5:00
Time-Out,,4,0,19,NED,4.0,,0 - 19,298,KAZ,4:58
20 sec. exclusion in field,2.0,4,0,19,NED,4.0,SMIT M,0 - 19,283,NED,4:43
Extra player shot - Saved,4.0,4,0,19,NED,4.0,TUROVA A,0 - 19,274,KAZ,4:34
Counter attack - Goal,9.0,4,0,20,NED,4.0,MEGENS M,0 - 20,262,NED,4:22
Turnover foul,4.0,4,0,20,NED,4.0,VAN DER SLOOT C,0 - 20,99,NED,1:39
Turnover foul,5.0,4,0,20,NED,4.0,ZAKIROVA K,0 - 20,84,KAZ,1:24
Action shot - Missed,11.0,4,0,20,NED,4.0,KLAASSEN L,0 - 20,71,NED,1:11
Counter attack - Saved,7.0,4,0,20,NED,4.0,MYRZABEKOVA Z,0 - 20,59,KAZ,0:59
Action shot - Post,7.0,4,0,20,NED,4.0,NIJHUIS M,0 - 20,46,NED,0:46
Turnover foul,7.0,4,0,20,NED,4.0,NIJHUIS M,0 - 20,38,NED,0:38
20 sec. exclusion in centre,4.0,4,0,20,NED,4.0,VAN DER SLOOT C,0 - 20,17,NED,0:17
Extra player shot - Missed,11.0,4,0,20,NED,4.0,MIRSHINA A,0 - 20,1,KAZ,0:01
Starting goalkeeper,1.0,5,0,0,BRA,1.0,ZHARKIMBAYEVA A,0 - 0,480,KAZ,8:00
Starting goalkeeper,1.0,5,0,0,BRA,1.0,OLIVEIRA T,0 - 0,480,BRA,8:00
Sprint won possession,3.0,5,0,0,BRA,1.0,ZABLITH M,0 - 0,480,BRA,8:00
Turnover foul,3.0,5,0,0,BRA,1.0,ZABLITH M,0 - 0,452,BRA,7:32
Action shot - Post,5.0,5,0,0,BRA,1.0,ZAKIROVA K,0 - 0,423,KAZ,7:03
5m shot - Saved,3.0,5,0,0,BRA,1.0,ZABLITH M,0 - 0,401,BRA,6:41
Turnover foul,11.0,5,0,0,BRA,1.0,MIRSHINA A,0 - 0,372,KAZ,6:12
Turnover foul,9.0,5,0,0,BRA,1.0,DIAS M,0 - 0,355,BRA,5:55
Turnover foul,7.0,5,0,0,BRA,1.0,MYRZABEKOVA Z,0 - 0,329,KAZ,5:29
Steal,7.0,5,0,0,BRA,1.0,OLIVEIRA A,0 - 0,329,BRA,5:29
Action shot - Blocked,6.0,5,0,0,BRA,1.0,CHIAPPINI I,0 - 0,311,BRA,5:11
5m shot - Goal,7.0,5,0,1,BRA,1.0,OLIVEIRA A,0 - 1,305,BRA,5:05
Turnover foul,7.0,5,0,1,BRA,1.0,MYRZABEKOVA Z,0 - 1,289,KAZ,4:49
Steal,6.0,5,0,1,BRA,1.0,CHIAPPINI I,0 - 1,289,BRA,4:49
Action shot - Post,9.0,5,0,1,BRA,1.0,DIAS M,0 - 1,270,BRA,4:30
20 sec. exclusion in centre,6.0,5,0,1,BRA,1.0,CHIAPPINI I,0 - 1,246,BRA,4:06
Time-Out,,5,0,1,BRA,1.0,,0 - 1,246,KAZ,4:06
Extra player shot - Saved,8.0,5,0,1,BRA,1.0,SAICHUK O,0 - 1,224,KAZ,3:44
Turnover foul,7.0,5,0,1,BRA,1.0,MYRZABEKOVA Z,0 - 1,215,KAZ,3:35
Action shot - Goal,10.0,5,0,2,BRA,1.0,BAHIA V,0 - 2,192,BRA,3:12
Action shot - Goal,8.0,5,1,2,BRA,1.0,SAICHUK O,1 - 2,168,KAZ,2:48
Turnover foul,4.0,5,1,2,BRA,1.0,DUARTE M,1 - 2,154,BRA,2:34
Turnover foul,4.0,5,1,2,BRA,1.0,TUROVA A,1 - 2,129,KAZ,2:09
Steal,10.0,5,1,2,BRA,1.0,BAHIA V,1 - 2,129,BRA,2:09
20 sec. exclusion in centre,2.0,5,1,2,BRA,1.0,YEGEMBERDIYEVA A,1 - 2,117,KAZ,1:57
Time-Out,,5,1,2,BRA,1.0,,1 - 2,117,BRA,1:57
Action shot - Saved,9.0,5,1,2,BRA,1.0,DIAS M,1 - 2,90,BRA,1:30
Turnover foul,10.0,5,1,2,BRA,1.0,BAHIA V,1 - 2,77,BRA,1:17
Steal,4.0,5,1,2,BRA,1.0,TUROVA A,1 - 2,77,KAZ,1:17
Turnover foul,11.0,5,1,2,BRA,1.0,MIRSHINA A,1 - 2,51,KAZ,0:51
Turnover foul,6.0,5,1,2,BRA,1.0,CHIAPPINI I,1 - 2,30,BRA,0:30
5m shot - Saved,3.0,5,1,2,BRA,1.0,AKILBAYEVA A,1 - 2,0,KAZ,0:00
Starting goalkeeper,1.0,5,1,2,BRA,2.0,ZHARKIMBAYEVA A,1 - 2,480,KAZ,8:00
Starting goalkeeper,1.0,5,1,2,BRA,2.0,OLIVEIRA T,1 - 2,480,BRA,8:00
Sprint won possession,3.0,5,1,2,BRA,2.0,ZABLITH M,1 - 2,480,BRA,8:00
Action shot - Saved,7.0,5,1,2,BRA,2.0,OLIVEIRA A,1 - 2,459,BRA,7:39
Turnover foul,5.0,5,1,2,BRA,2.0,ZAKIROVA K,1 - 2,444,KAZ,7:24
Steal,7.0,5,1,2,BRA,2.0,OLIVEIRA A,1 - 2,444,BRA,7:24
Turnover foul,3.0,5,1,2,BRA,2.0,ZABLITH M,1 - 2,440,BRA,7:20
20 sec. exclusion in centre,12.0,5,1,2,BRA,2.0,MANTELLATO G,1 - 2,422,BRA,7:02
Extra player shot - Missed,7.0,5,1,2,BRA,2.0,MYRZABEKOVA Z,1 - 2,399,KAZ,6:39
Penalty foul,5.0,5,1,2,BRA,2.0,ZAKIROVA K,1 - 2,380,KAZ,6:20
Penalty shot - Goal,6.0,5,1,3,BRA,2.0,CHIAPPINI I,1 - 3,380,BRA,6:20
5m shot - Saved,4.0,5,1,3,BRA,2.0,TUROVA A,1 - 3,354,KAZ,5:54
Action shot - Missed,3.0,5,1,3,BRA,2.0,ZABLITH M,1 - 3,337,BRA,5:37
20 sec. exclusion in field,2.0,5,1,3,BRA,2.0,ABLA D,1 - 3,337,BRA,5:37
Time-Out,,5,1,3,BRA,2.0,,1 - 3,337,KAZ,5:37
Action shot - Saved,5.0,5,1,3,BRA,2.0,ZAKIROVA K,1 - 3,307,KAZ,5:07
Turnover foul,3.0,5,1,3,BRA,2.0,ZABLITH M,1 - 3,290,BRA,4:50
Steal,12.0,5,1,3,BRA,2.0,MUSSAROVA A,1 - 3,290,KAZ,4:50
5m shot - Post,11.0,5,1,3,BRA,2.0,MIRSHINA A,1 - 3,259,KAZ,4:19
Action shot - Blocked,4.0,5,1,3,BRA,2.0,TUROVA A,1 - 3,246,KAZ,4:06
5m shot - Missed,8.0,5,1,3,BRA,2.0,SAICHUK O,1 - 3,234,KAZ,3:54
5m shot - Goal,3.0,5,1,4,BRA,2.0,ZABLITH M,1 - 4,204,BRA,3:24
Turnover foul,4.0,5,1,4,BRA,2.0,TUROVA A,1 - 4,194,KAZ,3:14
Steal,6.0,5,1,4,BRA,2.0,CHIAPPINI I,1 - 4,194,BRA,3:14
20 sec. exclusion in field,11.0,5,1,4,BRA,2.0,MIRSHINA A,1 - 4,184,KAZ,3:04
Extra player shot - Goal,6.0,5,1,5,BRA,2.0,CHIAPPINI I,1 - 5,175,BRA,2:55
5m shot - Post,3.0,5,1,5,BRA,2.0,AKILBAYEVA A,1 - 5,136,KAZ,2:16
Counter attack - Goal,9.0,5,1,6,BRA,2.0,DIAS M,1 - 6,120,BRA,2:00
20 sec. exclusion in centre,6.0,5,1,6,BRA,2.0,CHIAPPINI I,1 - 6,93,BRA,1:33
Action shot - Saved,10.0,5,1,6,BRA,2.0,ROGA D,1 - 6,69,KAZ,1:09
Turnover foul,10.0,5,1,6,BRA,2.0,BAHIA V,1 - 6,47,BRA,0:47
Steal,2.0,5,1,6,BRA,2.0,YEGEMBERDIYEVA A,1 - 6,47,KAZ,0:47
Steal,7.0,5,1,6,BRA,4.0,OLIVEIRA A,1 - 6,45,BRA,0:45
Time-Out,,5,1,6,BRA,4.0,,1 - 6,35,BRA,0:35
5m shot - Post,3.0,5,1,6,BRA,2.0,AKILBAYEVA A,1 - 6,24,KAZ,0:24
Time-Out,,5,1,6,BRA,2.0,,1 - 6,24,BRA,0:24
5m shot - Blocked,7.0,5,1,6,BRA,2.0,OLIVEIRA A,1 - 6,7,BRA,0:07
5m shot - Missed,3.0,5,1,6,BRA,2.0,AKILBAYEVA A,1 - 6,0,KAZ,0:00
Starting goalkeeper,1.0,5,1,6,BRA,3.0,ZHARKIMBAYEVA A,1 - 6,480,KAZ,8:00
Starting goalkeeper,1.0,5,1,6,BRA,3.0,OLIVEIRA T,1 - 6,480,BRA,8:00
Sprint won possession,3.0,5,1,6,BRA,3.0,ZABLITH M,1 - 6,480,BRA,8:00
Turnover foul,9.0,5,1,6,BRA,3.0,DIAS M,1 - 6,459,BRA,7:39
Steal,7.0,5,1,6,BRA,3.0,MYRZABEKOVA Z,1 - 6,459,KAZ,7:39
Action shot - Missed,12.0,5,1,6,BRA,3.0,MUSSAROVA A,1 - 6,440,KAZ,7:20
5m shot - Goal,4.0,5,1,7,BRA,3.0,DUARTE M,1 - 7,416,BRA,6:56
20 sec. exclusion in centre,9.0,5,1,7,BRA,3.0,DIAS M,1 - 7,404,BRA,6:44
Action shot - Saved,12.0,5,1,7,BRA,3.0,MUSSAROVA A,1 - 7,378,KAZ,6:18
20 sec. exclusion in centre,12.0,5,1,7,BRA,3.0,MUSSAROVA A,1 - 7,354,KAZ,5:54
Extra player shot - Goal,9.0,5,1,8,BRA,3.0,DIAS M,1 - 8,336,BRA,5:36
5m shot - Goal,11.0,5,2,8,BRA,3.0,MIRSHINA A,2 - 8,318,KAZ,5:18
5m shot - Missed,4.0,5,2,8,BRA,3.0,DUARTE M,2 - 8,299,BRA,4:59
20 sec. exclusion in field,12.0,5,2,8,BRA,3.0,MANTELLATO G,2 - 8,299,BRA,4:59
Extra player shot - Blocked,11.0,5,2,8,BRA,3.0,MIRSHINA A,2 - 8,279,KAZ,4:39
Action shot - Saved,3.0,5,2,8,BRA,3.0,AKILBAYEVA A,2 - 8,269,KAZ,4:29
Turnover foul,2.0,5,2,8,BRA,3.0,ABLA D,2 - 8,254,BRA,4:14
Action shot - Saved,8.0,5,2,8,BRA,3.0,SAICHUK O,2 - 8,243,KAZ,4:03
5m shot - Missed,9.0,5,2,8,BRA,3.0,DIAS M,2 - 8,218,BRA,3:38
20 sec. exclusion in field,10.0,5,2,8,BRA,3.0,BAHIA V,2 - 8,202,BRA,3:22
Time-Out,,5,2,8,BRA,3.0,,2 - 8,198,KAZ,3:18
Extra player shot - Goal,4.0,5,3,8,BRA,3.0,TUROVA A,3 - 8,183,KAZ,3:03
20 sec. exclusion in field,8.0,5,3,8,BRA,3.0,SAICHUK O,3 - 8,164,KAZ,2:44
Time-Out,,5,3,8,BRA,3.0,,3 - 8,164,BRA,2:44
Extra player shot - Goal,6.0,5,3,9,BRA,3.0,CHIAPPINI I,3 - 9,150,BRA,2:30
20 sec. exclusion in field,4.0,5,3,9,BRA,3.0,DUARTE M,3 - 9,139,BRA,2:19
Turnover foul,11.0,5,3,9,BRA,3.0,MIRSHINA A,3 - 9,109,KAZ,1:49
Steal,7.0,5,3,9,BRA,3.0,OLIVEIRA A,3 - 9,109,BRA,1:49
Turnover foul,10.0,5,3,9,BRA,3.0,BAHIA V,3 - 9,77,BRA,1:17
5m shot - Saved,8.0,5,3,9,BRA,3.0,SAICHUK O,3 - 9,48,KAZ,0:48
5m shot - Saved,4.0,5,3,9,BRA,3.0,DUARTE M,3 - 9,22,BRA,0:22
Turnover foul,12.0,5,3,9,BRA,3.0,MUSSAROVA A,3 - 9,6,KAZ,0:06
Counter attack - Goal,12.0,5,3,10,BRA,3.0,MANTELLATO G,3 - 10,3,BRA,0:03
5m shot - Missed,4.0,5,3,10,BRA,3.0,TUROVA A,3 - 10,0,KAZ,0:00
Starting goalkeeper,1.0,5,3,10,BRA,4.0,ZHARKIMBAYEVA A,3 - 10,480,KAZ,8:00
Starting goalkeeper,1.0,5,3,10,BRA,4.0,OLIVEIRA T,3 - 10,480,BRA,8:00
Sprint won possession,5.0,5,3,10,BRA,4.0,ZAKIROVA K,3 - 10,480,KAZ,8:00
20 sec. exclusion in centre,2.0,5,3,10,BRA,4.0,ABLA D,3 - 10,466,BRA,7:46
Extra player shot - Goal,11.0,5,4,10,BRA,4.0,MIRSHINA A,4 - 10,454,KAZ,7:34
Turnover foul,10.0,5,4,10,BRA,4.0,BAHIA V,4 - 10,424,BRA,7:04
Steal,4.0,5,4,10,BRA,4.0,TUROVA A,4 - 10,424,KAZ,7:04
Turnover foul,10.0,5,4,10,BRA,4.0,BAHIA V,4 - 10,377,BRA,6:17
5m shot - Saved,4.0,5,4,10,BRA,4.0,TUROVA A,4 - 10,347,KAZ,5:47
20 sec. exclusion in centre,12.0,5,4,10,BRA,4.0,MUSSAROVA A,4 - 10,328,KAZ,5:28
5m shot - Post,9.0,5,4,10,BRA,4.0,DIAS M,4 - 10,303,BRA,5:03
Penalty foul,7.0,5,4,10,BRA,4.0,OLIVEIRA A,4 - 10,289,BRA,4:49
Penalty shot - Goal,11.0,5,5,10,BRA,4.0,MIRSHINA A,5 - 10,289,KAZ,4:49
Turnover foul,9.0,5,5,10,BRA,4.0,DIAS M,5 - 10,259,BRA,4:19
5m shot - Saved,8.0,5,5,10,BRA,4.0,SAICHUK O,5 - 10,232,KAZ,3:52
Action shot - Missed,4.0,5,5,10,BRA,4.0,TUROVA A,5 - 10,217,KAZ,3:37
Turnover foul,10.0,5,5,10,BRA,4.0,BAHIA V,5 - 10,217,BRA,3:37
Action shot - Saved,7.0,5,5,10,BRA,4.0,MYRZABEKOVA Z,5 - 10,205,KAZ,3:25
20 sec. exclusion in field,8.0,5,5,10,BRA,4.0,SAICHUK O,5 - 10,204,KAZ,3:24
Action shot - Saved,12.0,5,5,10,BRA,4.0,MANTELLATO G,5 - 10,175,BRA,2:55
20 sec. exclusion in centre,10.0,5,5,10,BRA,4.0,BAHIA V,5 - 10,155,BRA,2:35
Turnover foul,5.0,5,5,10,BRA,4.0,ZAKIROVA K,5 - 10,140,KAZ,2:20
Turnover foul,7.0,5,5,10,BRA,4.0,OLIVEIRA A,5 - 10,120,BRA,2:00
5m shot - Missed,7.0,5,5,10,BRA,4.0,MYRZABEKOVA Z,5 - 10,94,KAZ,1:34
Time-Out,,5,5,10,BRA,4.0,,5 - 10,57,KAZ,0:57
Turnover foul,4.0,5,5,10,BRA,4.0,TUROVA A,5 - 10,45,KAZ,0:45
Turnover foul,7.0,5,5,10,BRA,4.0,OLIVEIRA A,5 - 10,23,BRA,0:23
Turnover foul,2.0,5,5,10,BRA,4.0,YEGEMBERDIYEVA A,5 - 10,19,KAZ,0:19
Starting goalkeeper,1.0,6,0,0,CAN,1.0,GAUDREAULT J,0 - 0,480,CAN,8:00
Starting goalkeeper,1.0,6,0,0,CAN,1.0,ZHARKIMBAYEVA A,0 - 0,480,KAZ,8:00
Sprint won possession,5.0,6,0,0,CAN,1.0,ZAKIROVA K,0 - 0,480,KAZ,8:00
Turnover foul,7.0,6,0,0,CAN,1.0,MYRZABEKOVA Z,0 - 0,451,KAZ,7:31
Steal,8.0,6,0,0,CAN,1.0,FOURNIER S,0 - 0,451,CAN,7:31
5m shot - Missed,10.0,6,0,0,CAN,1.0,ROBINSON C,0 - 0,438,CAN,7:18
Turnover foul,7.0,6,0,0,CAN,1.0,MYRZABEKOVA Z,0 - 0,425,KAZ,7:05
Counter attack - Goal,7.0,6,0,1,CAN,1.0,BEKHAZI J,1 - 0,411,CAN,6:51
Turnover foul,7.0,6,0,1,CAN,1.0,MYRZABEKOVA Z,1 - 0,398,KAZ,6:38
Turnover foul,3.0,6,0,1,CAN,1.0,MONTON K,1 - 0,378,CAN,6:18
20 sec. exclusion in field,3.0,6,0,1,CAN,1.0,MONTON K,1 - 0,374,CAN,6:14
Time-Out,,6,0,1,CAN,1.0,,1 - 0,373,KAZ,6:13
Extra player shot - Goal,3.0,6,1,1,CAN,1.0,AKILBAYEVA A,1 - 1,361,KAZ,6:01
5m shot - Post,5.0,6,1,1,CAN,1.0,EGGENS M,1 - 1,336,CAN,5:36
Turnover foul,4.0,6,1,1,CAN,1.0,TUROVA A,1 - 1,317,KAZ,5:17
Counter attack - Goal,9.0,6,1,2,CAN,1.0,EGGENS C,2 - 1,309,CAN,5:09
Action shot - Saved,3.0,6,1,2,CAN,1.0,AKILBAYEVA A,2 - 1,284,KAZ,4:44
Action shot - Saved,7.0,6,1,2,CAN,1.0,BEKHAZI J,2 - 1,257,CAN,4:17
Turnover foul,11.0,6,1,2,CAN,1.0,MIRSHINA A,2 - 1,241,KAZ,4:01
Centre shot - Goal,5.0,6,1,3,CAN,1.0,EGGENS M,3 - 1,229,CAN,3:49
5m shot - Saved,4.0,6,1,3,CAN,1.0,TUROVA A,3 - 1,204,KAZ,3:24
Turnover foul,3.0,6,1,3,CAN,1.0,MONTON K,3 - 1,178,CAN,2:58
Steal,1.0,6,1,3,CAN,1.0,ZHARKIMBAYEVA A,3 - 1,178,KAZ,2:58
5m shot - Saved,7.0,6,1,3,CAN,1.0,MYRZABEKOVA Z,3 - 1,161,KAZ,2:41
Turnover foul,4.0,6,1,3,CAN,1.0,TUROVA A,3 - 1,147,KAZ,2:27
Steal,2.0,6,1,3,CAN,1.0,ALOGBO K,3 - 1,147,CAN,2:27
Counter attack - Goal,9.0,6,1,4,CAN,1.0,EGGENS C,4 - 1,136,CAN,2:16
Turnover foul,5.0,6,1,4,CAN,1.0,ZAKIROVA K,4 - 1,107,KAZ,1:47
Steal,4.0,6,1,4,CAN,1.0,WRIGHT E,4 - 1,107,CAN,1:47
20 sec. exclusion in field,3.0,6,1,4,CAN,1.0,AKILBAYEVA A,4 - 1,107,KAZ,1:47
Time-Out,,6,1,4,CAN,1.0,,4 - 1,106,CAN,1:46
Turnover foul,4.0,6,1,4,CAN,1.0,WRIGHT E,4 - 1,89,CAN,1:29
Steal,4.0,6,1,4,CAN,1.0,TUROVA A,4 - 1,89,KAZ,1:29
Action shot - Missed,7.0,6,1,4,CAN,1.0,MYRZABEKOVA Z,4 - 1,63,KAZ,1:03
Turnover foul,2.0,6,1,4,CAN,1.0,ALOGBO K,4 - 1,38,CAN,0:38
20 sec. exclusion in centre,11.0,6,1,4,CAN,1.0,VALIN S,4 - 1,10,CAN,0:10
Starting goalkeeper,1.0,6,1,4,CAN,2.0,GAUDREAULT J,4 - 1,480,CAN,8:00
Starting goalkeeper,1.0,6,1,4,CAN,2.0,ZHARKIMBAYEVA A,4 - 1,480,KAZ,8:00
Sprint won possession,5.0,6,1,4,CAN,2.0,ZAKIROVA K,4 - 1,480,KAZ,8:00
Turnover foul,11.0,6,1,4,CAN,2.0,MIRSHINA A,4 - 1,469,KAZ,7:49
Counter attack - Saved,8.0,6,1,4,CAN,2.0,FOURNIER S,4 - 1,456,CAN,7:36
Centre shot - Goal,8.0,6,1,5,CAN,2.0,FOURNIER S,5 - 1,456,CAN,7:36
20 sec. exclusion in centre,7.0,6,1,5,CAN,2.0,BEKHAZI J,5 - 1,445,CAN,7:25
Centre shot - Goal,11.0,6,2,5,CAN,2.0,MIRSHINA A,5 - 2,423,KAZ,7:03
5m shot - Saved,10.0,6,2,5,CAN,2.0,ROBINSON C,5 - 2,393,CAN,6:33
Turnover foul,8.0,6,2,5,CAN,2.0,SAICHUK O,5 - 2,364,KAZ,6:04
Steal,10.0,6,2,5,CAN,2.0,ROBINSON C,5 - 2,364,CAN,6:04
Counter attack - Saved,4.0,6,2,5,CAN,2.0,WRIGHT E,5 - 2,354,CAN,5:54
Counter attack - Goal,5.0,6,2,6,CAN,2.0,EGGENS M,6 - 2,310,CAN,5:10
Turnover foul,9.0,6,2,6,CAN,2.0,MURAVYEVA D,6 - 2,296,KAZ,4:56
Action shot - Saved,12.0,6,2,6,CAN,2.0,PERREAULT D,6 - 2,267,CAN,4:27
Yellow card,,6,2,6,CAN,2.0,Team Official,6 - 2,258,KAZ,4:18
Action shot - Post,3.0,6,2,6,CAN,2.0,AKILBAYEVA A,6 - 2,239,KAZ,3:59
20 sec. exclusion in centre,2.0,6,2,6,CAN,2.0,YEGEMBERDIYEVA A,6 - 2,226,KAZ,3:46
Turnover foul,5.0,6,2,6,CAN,2.0,EGGENS M,6 - 2,206,CAN,3:26
Turnover foul,11.0,6,2,6,CAN,2.0,MIRSHINA A,6 - 2,178,KAZ,2:58
Steal,12.0,6,2,6,CAN,2.0,PERREAULT D,6 - 2,178,CAN,2:58
20 sec. exclusion in centre,2.0,6,2,6,CAN,2.0,YEGEMBERDIYEVA A,6 - 2,170,KAZ,2:50
Time-Out,,6,2,6,CAN,2.0,,6 - 2,170,CAN,2:50
Action shot - Goal,5.0,6,2,7,CAN,2.0,EGGENS M,7 - 2,145,CAN,2:25
20 sec. exclusion in centre,6.0,6,2,7,CAN,2.0,MCKEE K,7 - 2,134,CAN,2:14
5m shot - Blocked,5.0,6,2,7,CAN,2.0,ZAKIROVA K,7 - 2,108,KAZ,1:48
5m shot - Post,11.0,6,2,7,CAN,2.0,VALIN S,7 - 2,81,CAN,1:21
Time-Out,,6,2,7,CAN,2.0,,7 - 2,80,KAZ,1:20
5m shot - Saved,2.0,6,2,7,CAN,4.0,YEGEMBERDIYEVA A,7 - 2,113,KAZ,1:53
Action shot - Goal,8.0,6,4,18,CAN,4.0,FOURNIER S,18 - 4,94,CAN,1:34
5m shot - Saved,4.0,6,4,18,CAN,4.0,TUROVA A,18 - 4,69,KAZ,1:09
Counter attack - Goal,8.0,6,4,19,CAN,4.0,FOURNIER S,19 - 4,61,CAN,1:01
Turnover foul,5.0,6,4,19,CAN,4.0,ZAKIROVA K,19 - 4,28,KAZ,0:28
Turnover foul,11.0,6,4,19,CAN,2.0,MIRSHINA A,19 - 4,56,KAZ,0:56
Steal,2.0,6,4,19,CAN,2.0,ALOGBO K,19 - 4,56,CAN,0:56
Turnover foul,7.0,6,4,19,CAN,2.0,BEKHAZI J,19 - 4,48,CAN,0:48
Action shot - Missed,3.0,6,4,19,CAN,2.0,AKILBAYEVA A,19 - 4,45,KAZ,0:45
5m shot - Goal,11.0,6,2,8,CAN,2.0,VALIN S,8 - 2,30,CAN,0:30
Action shot - Saved,3.0,6,2,8,CAN,2.0,AKILBAYEVA A,8 - 2,10,KAZ,0:10
Counter attack - Goal,5.0,6,2,9,CAN,2.0,EGGENS M,9 - 2,1,CAN,0:01
5m shot - Missed,11.0,6,2,9,CAN,2.0,MIRSHINA A,9 - 2,1,KAZ,0:01
Starting goalkeeper,13.0,6,2,9,CAN,3.0,COLTERJOHN N,9 - 2,480,CAN,8:00
Starting goalkeeper,1.0,6,2,9,CAN,3.0,ZHARKIMBAYEVA A,9 - 2,480,KAZ,8:00
Sprint won possession,12.0,6,2,9,CAN,3.0,PERREAULT D,9 - 2,480,CAN,8:00
Action shot - Goal,10.0,6,2,10,CAN,3.0,ROBINSON C,10 - 2,453,CAN,7:33
Turnover foul,11.0,6,2,10,CAN,3.0,MIRSHINA A,10 - 2,438,KAZ,7:18
Steal,12.0,6,2,10,CAN,3.0,PERREAULT D,10 - 2,438,CAN,7:18
Turnover foul,8.0,6,2,10,CAN,3.0,FOURNIER S,10 - 2,411,CAN,6:51
Steal,4.0,6,2,10,CAN,3.0,TUROVA A,10 - 2,411,KAZ,6:51
Counter attack - Missed,8.0,6,2,10,CAN,3.0,FOURNIER S,10 - 2,370,CAN,6:10
20 sec. exclusion in centre,4.0,6,2,10,CAN,3.0,WRIGHT E,10 - 2,359,CAN,5:59
Extra player shot - Goal,11.0,6,3,10,CAN,3.0,MIRSHINA A,10 - 3,343,KAZ,5:43
Penalty foul,8.0,6,3,10,CAN,3.0,SAICHUK O,10 - 3,319,KAZ,5:19
Penalty shot - Goal,12.0,6,3,11,CAN,3.0,PERREAULT D,11 - 3,319,CAN,5:19
Penalty foul,10.0,6,3,11,CAN,3.0,ROBINSON C,11 - 3,307,CAN,5:07
Penalty shot - Post,8.0,6,3,11,CAN,3.0,SAICHUK O,11 - 3,307,KAZ,5:07
5m shot - Goal,10.0,6,3,12,CAN,3.0,ROBINSON C,12 - 3,288,CAN,4:48
Turnover foul,11.0,6,3,12,CAN,3.0,MIRSHINA A,12 - 3,273,KAZ,4:33
Turnover foul,12.0,6,3,12,CAN,3.0,PERREAULT D,12 - 3,252,CAN,4:12
Steal,11.0,6,3,12,CAN,3.0,MIRSHINA A,12 - 3,252,KAZ,4:12
Centre shot - Missed,4.0,6,3,12,CAN,3.0,TUROVA A,12 - 3,227,KAZ,3:47
Counter attack - Goal,11.0,6,3,13,CAN,3.0,VALIN S,13 - 3,210,CAN,3:30
5m shot - Post,4.0,6,3,13,CAN,3.0,WRIGHT E,13 - 3,175,CAN,2:55
5m shot - Goal,4.0,6,4,13,CAN,3.0,TUROVA A,13 - 4,154,KAZ,2:34
Turnover foul,3.0,6,4,13,CAN,3.0,MONTON K,13 - 4,127,CAN,2:07
Action shot - Saved,11.0,6,4,13,CAN,3.0,MIRSHINA A,13 - 4,97,KAZ,1:37
20 sec. exclusion in centre,4.0,6,4,13,CAN,3.0,TUROVA A,13 - 4,85,KAZ,1:25
Time-Out,,6,4,13,CAN,3.0,,13 - 4,85,CAN,1:25
Extra player shot - Goal,5.0,6,4,14,CAN,3.0,EGGENS M,14 - 4,68,CAN,1:08
20 sec. exclusion in centre,9.0,6,4,14,CAN,3.0,EGGENS C,14 - 4,53,CAN,0:53
Time-Out,,6,4,14,CAN,3.0,,14 - 4,53,KAZ,0:53
Turnover foul,7.0,6,4,14,CAN,3.0,MYRZABEKOVA Z,14 - 4,30,KAZ,0:30
Steal,5.0,6,4,14,CAN,3.0,EGGENS M,14 - 4,30,CAN,0:30
Turnover foul,3.0,6,4,14,CAN,3.0,MONTON K,14 - 4,9,CAN,0:09
Steal,7.0,6,4,14,CAN,3.0,MYRZABEKOVA Z,14 - 4,9,KAZ,0:09
5m shot - Saved,10.0,6,4,14,CAN,3.0,ROGA D,14 - 4,0,KAZ,0:00
Starting goalkeeper,13.0,6,4,14,CAN,4.0,COLTERJOHN N,14 - 4,480,CAN,8:00
Starting goalkeeper,1.0,6,4,14,CAN,4.0,ZHARKIMBAYEVA A,14 - 4,480,KAZ,8:00
Sprint won possession,5.0,6,4,14,CAN,4.0,EGGENS M,14 - 4,480,CAN,8:00
Action shot - Saved,8.0,6,4,14,CAN,4.0,FOURNIER S,14 - 4,454,CAN,7:34
Action shot - Blocked,3.0,6,4,14,CAN,4.0,AKILBAYEVA A,14 - 4,423,KAZ,7:03
Action shot - Post,11.0,6,4,14,CAN,4.0,MIRSHINA A,14 - 4,411,KAZ,6:51
Action shot - Post,8.0,6,4,14,CAN,4.0,SAICHUK O,14 - 4,380,KAZ,6:20
Action shot - Goal,2.0,6,4,15,CAN,4.0,ALOGBO K,15 - 4,366,CAN,6:06
5m shot - Blocked,8.0,6,4,15,CAN,4.0,SAICHUK O,15 - 4,336,KAZ,5:36
20 sec. exclusion in centre,4.0,6,4,15,CAN,4.0,TUROVA A,15 - 4,316,KAZ,5:16
Extra player shot - Blocked,5.0,6,4,15,CAN,4.0,EGGENS M,15 - 4,310,CAN,5:10
20 sec. exclusion in centre,5.0,6,4,15,CAN,4.0,EGGENS M,15 - 4,299,CAN,4:59
Time-Out,,6,4,15,CAN,4.0,,15 - 4,297,KAZ,4:57
Extra player shot - Post,3.0,6,4,15,CAN,4.0,AKILBAYEVA A,15 - 4,275,KAZ,4:35
5m shot - Post,3.0,6,4,15,CAN,4.0,AKILBAYEVA A,15 - 4,218,KAZ,3:38
Action shot - Goal,4.0,6,4,16,CAN,4.0,WRIGHT E,16 - 4,199,CAN,3:19
Action shot - Saved,11.0,6,4,16,CAN,4.0,MIRSHINA A,16 - 4,179,KAZ,2:59
Action shot - Goal,9.0,6,4,17,CAN,4.0,EGGENS C,17 - 4,162,CAN,2:42
Turnover foul,11.0,6,4,17,CAN,4.0,MIRSHINA A,17 - 4,150,KAZ,2:30
Turnover foul,13.0,6,4,17,CAN,4.0,COLTERJOHN N,17 - 4,136,CAN,2:16
Steal,4.0,6,4,17,CAN,4.0,TUROVA A,17 - 4,136,KAZ,2:16
Steal,11.0,6,4,17,CAN,4.0,VALIN S,17 - 4,28,CAN,0:28
Counter attack - Goal,9.0,6,4,20,CAN,4.0,EGGENS C,20 - 4,14,CAN,0:14
20 sec. exclusion in field,12.0,6,4,20,CAN,4.0,PERREAULT D,20 - 4,3,CAN,0:03
5m shot - Blocked,5.0,6,4,20,CAN,4.0,ZAKIROVA K,20 - 4,0,KAZ,0:00
