Period,Time,Action,Score,Team,Player,Cap,ITA,Opponent,Seconds,Game,Opponent name
1.0,8:00,Starting goalkeeper,0 - 0,ITA,GORLERO G,1.0,0,0,480,1,CAN
1.0,8:00,Starting goalkeeper,0 - 0,CAN,GAUDREAULT J,1.0,0,0,480,1,CAN
1.0,8:00,Sprint won possession,0 - 0,CAN,EGGENS M,5.0,0,0,480,1,CAN
1.0,7:35,Action shot - Saved,0 - 0,CAN,FOURNIER S,12.0,0,0,455,1,CAN
1.0,7:06,Action shot - Post,0 - 0,ITA,RADICCHI F,5.0,0,0,426,1,CAN
1.0,6:37,Centre shot - Saved,0 - 0,CAN,EGGENS M,5.0,0,0,397,1,CAN
1.0,6:09,Action shot - Blocked,0 - 0,ITA,RADICCHI F,5.0,0,0,369,1,CAN
1.0,5:46,Penalty foul,0 - 0,ITA,AIELLO R,6.0,0,0,346,1,CAN
1.0,5:46,Penalty shot - Goal,0 - 1,CAN,WRIGHT E,4.0,0,1,346,1,CAN
1.0,5:19,Action shot - Saved,0 - 1,ITA,DARIO S,12.0,0,1,319,1,CAN
1.0,4:51,Action shot - Saved,0 - 1,CAN,FOURNIER S,12.0,0,1,291,1,CAN
1.0,4:23,Action shot - Saved,0 - 1,CAN,ROBINSON C,10.0,0,1,263,1,CAN
1.0,4:15,Action shot - Goal,1 - 1,ITA,EMMOLO G,9.0,1,1,255,1,CAN
1.0,3:55,Action shot - Goal,1 - 2,CAN,EGGENS M,5.0,1,2,235,1,CAN
1.0,3:33,Action shot - Saved,1 - 2,ITA,TABANI C,2.0,1,2,213,1,CAN
1.0,3:16,Action shot - Saved,1 - 2,ITA,BIANCONI R,8.0,1,2,196,1,CAN
1.0,3:03,Action shot - Saved,1 - 2,CAN,CHRISTMAS K,6.0,1,2,183,1,CAN
1.0,2:37,Action shot - Missed,1 - 2,ITA,BIANCONI R,8.0,1,2,157,1,CAN
1.0,2:11,Action shot - Saved,1 - 2,CAN,EGGENS M,5.0,1,2,131,1,CAN
1.0,2:11,20 sec. exclusion in centre,1 - 2,CAN,WRIGHT E,4.0,1,2,131,1,CAN
1.0,2:11,Time-Out,1 - 2,CAN,,,1,2,131,1,CAN
1.0,2:02,Extra player shot - Saved,1 - 2,ITA,BIANCONI R,8.0,1,2,122,1,CAN
1.0,1:36,Centre shot - Saved,1 - 2,CAN,ROBINSON C,10.0,1,2,96,1,CAN
1.0,0:59,Action shot - Saved,1 - 2,ITA,GARIBOTTI A,3.0,1,2,59,1,CAN
1.0,0:49,Time-Out,1 - 2,ITA,,,1,2,49,1,CAN
2.0,8:00,Starting goalkeeper,1 - 2,ITA,GORLERO G,1.0,1,2,480,1,CAN
2.0,8:00,Starting goalkeeper,1 - 2,CAN,GAUDREAULT J,1.0,1,2,480,1,CAN
2.0,8:00,Sprint won possession,1 - 2,CAN,EGGENS M,5.0,1,2,480,1,CAN
2.0,7:40,Action shot - Saved,1 - 2,CAN,EGGENS M,5.0,1,2,460,1,CAN
2.0,7:12,Action shot - Missed,1 - 2,ITA,PICOZZI D,7.0,1,2,432,1,CAN
2.0,6:15,Action shot - Goal,2 - 2,ITA,BIANCONI R,8.0,2,2,375,1,CAN
2.0,5:22,20 sec. exclusion in field,2 - 2,CAN,ROBINSON C,10.0,2,2,322,1,CAN
2.0,4:55,Action shot - Saved,2 - 2,ITA,PICOZZI D,7.0,2,2,295,1,CAN
2.0,4:28,Action shot - Saved,2 - 2,CAN,EGGENS M,5.0,2,2,268,1,CAN
2.0,3:30,Action shot - Post,2 - 2,CAN,ROBINSON C,10.0,2,2,210,1,CAN
2.0,3:05,5m shot - Saved,2 - 2,ITA,BIANCONI R,8.0,2,2,185,1,CAN
2.0,2:19,Action shot - Saved,2 - 2,ITA,QUEIROLO E,4.0,2,2,139,1,CAN
2.0,1:25,Turnover foul,2 - 2,CAN,WRIGHT E,4.0,2,2,85,1,CAN
2.0,1:19,20 sec. exclusion in centre,2 - 2,CAN,McKEE K,11.0,2,2,79,1,CAN
2.0,1:18,Action shot - Post,2 - 2,ITA,PICOZZI D,7.0,2,2,78,1,CAN
2.0,1:00,Turnover foul,2 - 2,CAN,EGGENS M,5.0,2,2,60,1,CAN
2.0,0:34,Action shot - Goal,3 - 2,ITA,BIANCONI R,8.0,3,2,34,1,CAN
2.0,0:34,Yellow card,3 - 2,CAN,Team Official,,3,2,34,1,CAN
2.0,0:08,Action shot - Missed,3 - 2,CAN,CHRISTMAS K,6.0,3,2,8,1,CAN
2.0,0:08,Time-Out,3 - 2,ITA,,,3,2,8,1,CAN
2.0,0:01,Action shot - Saved,3 - 2,ITA,BIANCONI R,8.0,3,2,1,1,CAN
3.0,8:00,Starting goalkeeper,3 - 2,ITA,GORLERO G,1.0,3,2,480,1,CAN
3.0,8:00,Starting goalkeeper,3 - 2,CAN,GAUDREAULT J,1.0,3,2,480,1,CAN
3.0,8:00,Sprint won possession,3 - 2,ITA,BIANCONI R,8.0,3,2,480,1,CAN
3.0,7:31,Turnover foul,3 - 2,ITA,BIANCONI R,8.0,3,2,451,1,CAN
3.0,7:31,Steal,3 - 2,CAN,CHRISTMAS K,6.0,3,2,451,1,CAN
3.0,6:47,Centre shot - Goal,4 - 2,ITA,QUEIROLO E,4.0,4,2,407,1,CAN
3.0,6:16,Turnover foul,4 - 2,ITA,BIANCONI R,8.0,4,2,376,1,CAN
3.0,6:16,Steal,4 - 2,CAN,FOURNIER S,12.0,4,2,376,1,CAN
3.0,5:42,Action shot - Saved,4 - 2,CAN,EGGENS M,5.0,4,2,342,1,CAN
3.0,5:12,20 sec. exclusion in centre,4 - 2,CAN,ROBINSON C,10.0,4,2,312,1,CAN
3.0,5:11,Time-Out,4 - 2,ITA,,,4,2,311,1,CAN
3.0,4:54,Extra player shot - Saved,4 - 2,ITA,BIANCONI R,8.0,4,2,294,1,CAN
3.0,4:24,Action shot - Saved,4 - 2,CAN,FOURNIER S,12.0,4,2,264,1,CAN
3.0,3:57,Action shot - Saved,4 - 2,CAN,McKELVEY H,9.0,4,2,237,1,CAN
3.0,3:33,Action shot - Goal,5 - 2,ITA,BIANCONI R,8.0,5,2,213,1,CAN
3.0,2:59,Centre shot - Saved,5 - 2,CAN,ALOGBO K,2.0,5,2,179,1,CAN
3.0,2:47,Action shot - Missed,5 - 2,ITA,AIELLO R,6.0,5,2,167,1,CAN
3.0,2:32,20 sec. exclusion in centre,5 - 2,CAN,EGGENS M,5.0,5,2,152,1,CAN
3.0,2:18,Extra player shot - Saved,5 - 2,CAN,WRIGHT E,4.0,5,2,138,1,CAN
3.0,1:49,Action shot - Saved,5 - 2,ITA,TABANI C,2.0,5,2,109,1,CAN
3.0,1:20,Action shot - Saved,5 - 2,CAN,ALOGBO K,2.0,5,2,80,1,CAN
3.0,0:59,Action shot - Goal,6 - 2,ITA,PICOZZI D,7.0,6,2,59,1,CAN
3.0,0:37,Action shot - Saved,6 - 2,CAN,BEKHAZI J,7.0,6,2,37,1,CAN
3.0,0:10,Action shot - Saved,6 - 2,ITA,DARIO S,12.0,6,2,10,1,CAN
3.0,0:10,Time-Out,6 - 2,CAN,,,6,2,10,1,CAN
3.0,0:01,Action shot - Saved,6 - 2,CAN,EGGENS M,5.0,6,2,1,1,CAN
4.0,8:00,Starting goalkeeper,6 - 2,ITA,GORLERO G,1.0,6,2,480,1,CAN
4.0,8:00,Starting goalkeeper,6 - 2,CAN,GAUDREAULT J,1.0,6,2,480,1,CAN
4.0,8:00,Sprint won possession,6 - 2,CAN,CHRISTMAS K,6.0,6,2,480,1,CAN
4.0,7:44,20 sec. exclusion in field,6 - 2,ITA,RADICCHI F,5.0,6,2,464,1,CAN
4.0,7:29,Extra player shot - Goal,6 - 3,CAN,McKEE K,11.0,6,3,449,1,CAN
4.0,7:09,Action shot - Saved,6 - 3,ITA,GARIBOTTI A,3.0,6,3,429,1,CAN
4.0,6:49,Steal,6 - 3,CAN,EGGENS M,5.0,6,3,409,1,CAN
4.0,6:29,Action shot - Saved,6 - 3,CAN,CREVIER A,3.0,6,3,389,1,CAN
4.0,6:03,Action shot - Goal,7 - 3,ITA,BIANCONI R,8.0,7,3,363,1,CAN
4.0,5:39,Steal,7 - 3,ITA,TABANI C,2.0,7,3,339,1,CAN
4.0,5:19,Action shot - Blocked,7 - 3,ITA,BIANCONI R,8.0,7,3,319,1,CAN
4.0,4:55,Penalty foul,7 - 3,CAN,McKEE K,11.0,7,3,295,1,CAN
4.0,4:55,Penalty shot - Goal,8 - 3,ITA,AIELLO R,6.0,8,3,295,1,CAN
4.0,4:36,Action shot - Goal,8 - 4,CAN,EGGENS M,5.0,8,4,276,1,CAN
4.0,4:13,Action shot - Goal,9 - 4,ITA,GARIBOTTI A,3.0,9,4,253,1,CAN
4.0,3:52,20 sec. exclusion in centre,9 - 4,ITA,PALMIERI V,10.0,9,4,232,1,CAN
4.0,3:31,Extra player shot - Saved,9 - 4,ITA,GARIBOTTI A,3.0,9,4,211,1,CAN
4.0,3:26,Action shot - Post,9 - 4,CAN,EGGENS M,5.0,9,4,206,1,CAN
4.0,2:32,Action shot - Saved,9 - 4,CAN,ROBINSON C,10.0,9,4,152,1,CAN
4.0,2:10,Action shot - Blocked,9 - 4,CAN,WRIGHT E,4.0,9,4,130,1,CAN
4.0,2:05,Time-Out,9 - 4,ITA,,,9,4,125,1,CAN
4.0,1:37,,9 - 4,CAN,Team Official,,9,4,97,1,CAN
4.0,1:19,Action shot - Saved,9 - 4,ITA,PALMIERI V,10.0,9,4,79,1,CAN
4.0,1:02,Action shot - Missed,9 - 4,CAN,BEKHAZI J,7.0,9,4,62,1,CAN
4.0,0:35,20 sec. exclusion in field,9 - 4,ITA,PALMIERI V,10.0,9,4,35,1,CAN
4.0,0:35,Extra player shot - Goal,10 - 4,ITA,COTTI A,11.0,10,4,35,1,CAN
4.0,0:05,Action shot - Blocked,10 - 4,CAN,EGGENS M,5.0,10,4,5,1,CAN
1.0,8:00,Starting goalkeeper,0 - 0,ITA,GORLERO G,1.0,0,0,480,2,BRA
1.0,8:00,Starting goalkeeper,0 - 0,BRA,CHAMORRO V,1.0,0,0,480,2,BRA
1.0,8:00,Sprint won possession,0 - 0,BRA,ZABLITH M,3.0,0,0,480,2,BRA
1.0,7:35,5m shot - Saved,0 - 0,BRA,DUARTE M,11.0,0,0,455,2,BRA
1.0,7:18,Action shot - Goal,1 - 0,ITA,GARIBOTTI A,3.0,1,0,438,2,BRA
1.0,6:56,5m shot - Missed,1 - 0,BRA,DIAS M,9.0,1,0,416,2,BRA
1.0,6:36,5m shot - Post,1 - 0,ITA,RADICCHI F,5.0,1,0,396,2,BRA
1.0,6:06,Action shot - Blocked,1 - 0,BRA,ZABLITH M,3.0,1,0,366,2,BRA
1.0,5:50,Action shot - Saved,1 - 0,BRA,DUARTE M,11.0,1,0,350,2,BRA
1.0,5:12,20 sec. exclusion in centre,1 - 0,BRA,ZABLITH M,3.0,1,0,312,2,BRA
1.0,4:54,Extra player shot - Goal,2 - 0,ITA,AIELLO R,6.0,2,0,294,2,BRA
1.0,4:27,Action shot - Post,2 - 0,BRA,DIAS M,9.0,2,0,267,2,BRA
1.0,4:01,5m shot - Goal,3 - 0,ITA,RADICCHI F,5.0,3,0,241,2,BRA
1.0,4:01,Yellow card,3 - 0,BRA,Team Official,,3,0,241,2,BRA
1.0,3:45,20 sec. exclusion in centre,3 - 0,ITA,PICOZZI D,7.0,3,0,225,2,BRA
1.0,3:23,Action shot - Goal,3 - 1,BRA,DUARTE M,11.0,3,1,203,2,BRA
1.0,2:39,5m shot - Missed,3 - 1,BRA,DUARTE M,11.0,3,1,159,2,BRA
1.0,2:18,Centre shot - Goal,4 - 1,ITA,PALMIERI V,10.0,4,1,138,2,BRA
1.0,2:01,Turnover foul,4 - 1,BRA,BAHIA V,10.0,4,1,121,2,BRA
1.0,1:56,20 sec. exclusion in centre,4 - 1,BRA,BAHIA V,10.0,4,1,116,2,BRA
1.0,1:33,Action shot - Goal,5 - 1,ITA,PALMIERI V,10.0,5,1,93,2,BRA
1.0,1:07,Action shot - Missed,5 - 1,BRA,DUARTE M,11.0,5,1,67,2,BRA
1.0,0:47,5m shot - Saved,5 - 1,ITA,DARIO S,12.0,5,1,47,2,BRA
1.0,0:40,Turnover foul,5 - 1,ITA,GARIBOTTI A,3.0,5,1,40,2,BRA
1.0,0:40,Steal,5 - 1,BRA,ABLA D,2.0,5,1,40,2,BRA
1.0,0:40,Time-Out,5 - 1,BRA,,,5,1,40,2,BRA
1.0,0:27,20 sec. exclusion in centre,5 - 1,ITA,GARIBOTTI A,3.0,5,1,27,2,BRA
1.0,0:08,Extra player shot - Blocked,5 - 1,BRA,BRUZZO M,8.0,5,1,8,2,BRA
2.0,8:00,Starting goalkeeper,5 - 1,BRA,CHAMORRO V,1.0,5,1,480,2,BRA
2.0,8:00,Sprint won possession,5 - 1,BRA,ZABLITH M,3.0,5,1,480,2,BRA
2.0,7:34,Turnover foul,5 - 1,BRA,ABLA D,2.0,5,1,454,2,BRA
2.0,7:32,Goalkeeper substitution,5 - 1,ITA,GORLERO G,1.0,5,1,452,2,BRA
2.0,7:27,Turnover foul,5 - 1,BRA,ABLA D,2.0,5,1,447,2,BRA
2.0,7:27,Steal,5 - 1,ITA,QUEIROLO E,4.0,5,1,447,2,BRA
2.0,7:21,Counter attack - Goal,6 - 1,ITA,EMMOLO G,9.0,6,1,441,2,BRA
2.0,6:54,5m shot - Goal,6 - 2,BRA,ZABLITH M,3.0,6,2,414,2,BRA
2.0,6:45,20 sec. exclusion in centre,6 - 2,BRA,ABLA D,2.0,6,2,405,2,BRA
2.0,6:41,Extra player shot - Goal,7 - 2,ITA,AIELLO R,6.0,7,2,401,2,BRA
2.0,6:20,Action shot - Blocked,7 - 2,BRA,DUARTE M,11.0,7,2,380,2,BRA
2.0,6:00,Action shot - Missed,7 - 2,ITA,DARIO S,12.0,7,2,360,2,BRA
2.0,5:38,Turnover foul,7 - 2,BRA,DUARTE M,11.0,7,2,338,2,BRA
2.0,5:22,Action shot - Post,7 - 2,ITA,BIANCONI R,8.0,7,2,322,2,BRA
2.0,5:20,Action shot - Goal,8 - 2,ITA,RADICCHI F,5.0,8,2,320,2,BRA
2.0,4:40,20 sec. exclusion in centre,8 - 2,BRA,BAHIA V,10.0,8,2,280,2,BRA
2.0,4:28,Extra player shot - Saved,8 - 2,ITA,EMMOLO G,9.0,8,2,268,2,BRA
2.0,4:20,Action shot - Goal,9 - 2,ITA,QUEIROLO E,4.0,9,2,260,2,BRA
2.0,3:56,5m shot - Saved,9 - 2,BRA,DIAS M,9.0,9,2,236,2,BRA
2.0,3:30,5m shot - Saved,9 - 2,BRA,DIAS M,9.0,9,2,210,2,BRA
2.0,3:10,Turnover foul,9 - 2,ITA,PICOZZI D,7.0,9,2,190,2,BRA
2.0,3:10,Steal,9 - 2,BRA,DUARTE M,11.0,9,2,190,2,BRA
2.0,2:41,Turnover foul,9 - 2,BRA,ZABLITH M,3.0,9,2,161,2,BRA
2.0,2:41,Steal,9 - 2,ITA,PICOZZI D,7.0,9,2,161,2,BRA
2.0,2:32,20 sec. exclusion in centre,9 - 2,BRA,DUARTE M,11.0,9,2,152,2,BRA
2.0,2:14,Extra player shot - Saved,9 - 2,ITA,PICOZZI D,7.0,9,2,134,2,BRA
2.0,1:57,Action shot - Goal,10 - 2,ITA,PALMIERI V,10.0,10,2,117,2,BRA
2.0,1:34,5m shot - Saved,10 - 2,BRA,ZABLITH M,3.0,10,2,94,2,BRA
2.0,1:19,Centre shot - Goal,11 - 2,ITA,PALMIERI V,10.0,11,2,79,2,BRA
2.0,0:50,5m shot - Missed,11 - 2,BRA,BAHIA V,10.0,11,2,50,2,BRA
2.0,0:19,Time-Out,11 - 2,BRA,,,11,2,19,2,BRA
2.0,0:05,20 sec. exclusion in centre,11 - 2,ITA,EMMOLO G,9.0,11,2,5,2,BRA
2.0,0:02,Extra player shot - Saved,11 - 2,BRA,DUARTE M,11.0,11,2,2,2,BRA
3.0,8:00,Starting goalkeeper,11 - 2,ITA,GORLERO G,1.0,11,2,480,2,BRA
3.0,8:00,Starting goalkeeper,11 - 2,BRA,CHAMORRO V,1.0,11,2,480,2,BRA
3.0,8:00,Sprint won possession,11 - 2,BRA,ZABLITH M,3.0,11,2,480,2,BRA
3.0,7:47,5m shot - Saved,11 - 2,BRA,DUARTE M,11.0,11,2,467,2,BRA
3.0,7:30,Centre shot - Goal,12 - 2,ITA,AIELLO R,6.0,12,2,450,2,BRA
3.0,7:03,5m shot - Saved,12 - 2,BRA,DUARTE M,11.0,12,2,423,2,BRA
3.0,6:49,Turnover foul,12 - 2,BRA,SOUZA J,4.0,12,2,409,2,BRA
3.0,6:49,Steal,12 - 2,ITA,RADICCHI F,5.0,12,2,409,2,BRA
3.0,6:35,Turnover foul,12 - 2,ITA,PICOZZI D,7.0,12,2,395,2,BRA
3.0,6:21,Turnover foul,12 - 2,BRA,FERREIRA S,7.0,12,2,381,2,BRA
3.0,6:21,Steal,12 - 2,ITA,GORLERO G,1.0,12,2,381,2,BRA
3.0,6:05,5m shot - Saved,12 - 2,ITA,RADICCHI F,5.0,12,2,365,2,BRA
3.0,5:42,5m shot - Post,12 - 2,ITA,RADICCHI F,5.0,12,2,342,2,BRA
3.0,5:20,Turnover foul,12 - 2,BRA,ZABLITH M,3.0,12,2,320,2,BRA
3.0,5:20,Steal,12 - 2,ITA,GORLERO G,1.0,12,2,320,2,BRA
3.0,5:07,Penalty foul,12 - 2,BRA,FERREIRA S,7.0,12,2,307,2,BRA
3.0,5:07,Penalty shot - Goal,13 - 2,ITA,BIANCONI R,8.0,13,2,307,2,BRA
3.0,4:37,5m shot - Saved,13 - 2,BRA,ZABLITH M,3.0,13,2,277,2,BRA
3.0,4:19,5m shot - Saved,13 - 2,BRA,DUARTE M,11.0,13,2,259,2,BRA
3.0,4:00,5m shot - Goal,14 - 2,ITA,PICOZZI D,7.0,14,2,240,2,BRA
3.0,3:38,Turnover foul,14 - 2,BRA,DUARTE M,11.0,14,2,218,2,BRA
3.0,3:38,Steal,14 - 2,ITA,TABANI C,2.0,14,2,218,2,BRA
3.0,3:13,5m shot - Missed,14 - 2,ITA,PICOZZI D,7.0,14,2,193,2,BRA
3.0,2:56,Action shot - Goal,14 - 3,BRA,ABLA D,2.0,14,3,176,2,BRA
3.0,2:29,Turnover foul,14 - 3,BRA,BAHIA V,10.0,14,3,149,2,BRA
3.0,2:29,Steal,14 - 3,ITA,GARIBOTTI A,3.0,14,3,149,2,BRA
3.0,2:12,Action shot - Saved,14 - 3,BRA,ABLA D,2.0,14,3,132,2,BRA
3.0,1:47,Centre shot - Saved,14 - 3,ITA,PALMIERI V,10.0,14,3,107,2,BRA
3.0,1:40,Time-Out,14 - 3,BRA,,,14,3,100,2,BRA
3.0,1:14,Action shot - Blocked,14 - 3,BRA,BELORIO L,12.0,14,3,74,2,BRA
3.0,1:02,Counter attack - Goal,15 - 3,ITA,EMMOLO G,9.0,15,3,62,2,BRA
3.0,0:39,5m shot - Missed,15 - 3,BRA,DIAS M,9.0,15,3,39,2,BRA
3.0,0:22,Action shot - Post,15 - 3,ITA,TABANI C,2.0,15,3,22,2,BRA
4.0,8:00,Starting goalkeeper,15 - 3,ITA,GORLERO G,1.0,15,3,480,2,BRA
4.0,8:00,Starting goalkeeper,15 - 3,BRA,SA R,13.0,15,3,480,2,BRA
4.0,8:00,Sprint won possession,15 - 3,BRA,ZABLITH M,3.0,15,3,480,2,BRA
4.0,7:31,5m shot - Saved,15 - 3,BRA,DIAS M,9.0,15,3,451,2,BRA
4.0,7:04,5m shot - Missed,15 - 3,ITA,PALMIERI V,10.0,15,3,424,2,BRA
4.0,6:36,5m shot - Blocked,15 - 3,BRA,DIAS M,9.0,15,3,396,2,BRA
4.0,6:16,Turnover foul,15 - 3,ITA,PALMIERI V,10.0,15,3,376,2,BRA
4.0,6:14,20 sec. exclusion in centre,15 - 3,ITA,QUEIROLO E,4.0,15,3,374,2,BRA
4.0,5:49,Action shot - Saved,15 - 3,BRA,DUARTE M,11.0,15,3,349,2,BRA
4.0,5:26,Action shot - Goal,16 - 3,ITA,BIANCONI R,8.0,16,3,326,2,BRA
4.0,5:04,5m shot - Missed,16 - 3,BRA,ZABLITH M,3.0,16,3,304,2,BRA
4.0,4:38,Action shot - Post,16 - 3,ITA,BIANCONI R,8.0,16,3,278,2,BRA
4.0,4:16,Turnover foul,16 - 3,BRA,ZABLITH M,3.0,16,3,256,2,BRA
4.0,3:56,5m shot - Goal,17 - 3,ITA,EMMOLO G,9.0,17,3,236,2,BRA
4.0,3:56,Goalkeeper substitution,17 - 3,ITA,LAVI F,13.0,17,3,236,2,BRA
4.0,3:27,Centre shot - Goal,17 - 4,BRA,ZABLITH M,3.0,17,4,207,2,BRA
4.0,3:18,Turnover foul,17 - 4,ITA,BIANCONI R,8.0,17,4,198,2,BRA
4.0,3:11,Counter attack - Saved,17 - 4,BRA,FERREIRA S,7.0,17,4,191,2,BRA
4.0,2:56,5m shot - Goal,18 - 4,ITA,EMMOLO G,9.0,18,4,176,2,BRA
4.0,2:31,Action shot - Saved,18 - 4,BRA,DIAS M,9.0,18,4,151,2,BRA
4.0,2:26,Centre shot - Saved,18 - 4,BRA,FERREIRA S,7.0,18,4,146,2,BRA
4.0,1:32,5m shot - Missed,18 - 4,BRA,DIAS M,9.0,18,4,92,2,BRA
4.0,1:20,20 sec. exclusion in centre,18 - 4,BRA,DIAS M,9.0,18,4,80,2,BRA
4.0,0:59,Turnover foul,18 - 4,ITA,AIELLO R,6.0,18,4,59,2,BRA
4.0,0:59,Time-Out,18 - 4,BRA,,,18,4,59,2,BRA
4.0,0:50,20 sec. exclusion in centre,18 - 4,ITA,QUEIROLO E,4.0,18,4,50,2,BRA
4.0,0:22,5m shot - Saved,18 - 4,BRA,ABLA D,2.0,18,4,22,2,BRA
1.0,8:00,Starting goalkeeper,0 - 0,ITA,GORLERO G,1.0,0,0,480,3,CHN
1.0,8:00,Starting goalkeeper,0 - 0,CHN,PENG L,1.0,0,0,480,3,CHN
1.0,8:00,Sprint won possession,0 - 0,CHN,NIU G,5.0,0,0,480,3,CHN
1.0,7:34,Centre shot - Goal,0 - 1,CHN,XIONG D,4.0,0,1,454,3,CHN
1.0,7:14,5m shot - Blocked,0 - 1,ITA,BIANCONI R,8.0,0,1,434,3,CHN
1.0,7:13,20 sec. exclusion in centre,0 - 1,CHN,MEI X,3.0,0,1,433,3,CHN
1.0,6:59,Extra player shot - Goal,1 - 1,ITA,AIELLO R,6.0,1,1,419,3,CHN
1.0,6:30,Turnover foul,1 - 1,CHN,ZHANG C,8.0,1,1,390,3,CHN
1.0,6:30,Steal,1 - 1,ITA,GORLERO G,1.0,1,1,390,3,CHN
1.0,6:18,Turnover foul,1 - 1,ITA,BIANCONI R,8.0,1,1,378,3,CHN
1.0,6:18,Steal,1 - 1,CHN,MEI X,3.0,1,1,378,3,CHN
1.0,5:58,Penalty foul,1 - 1,ITA,GARIBOTTI A,3.0,1,1,358,3,CHN
1.0,5:58,Penalty shot - Goal,1 - 2,CHN,ZHAO Z,9.0,1,2,358,3,CHN
1.0,5:34,5m shot - Saved,1 - 2,ITA,BIANCONI R,8.0,1,2,334,3,CHN
1.0,5:09,Action shot - Saved,1 - 2,CHN,NIU G,5.0,1,2,309,3,CHN
1.0,4:48,5m shot - Post,1 - 2,ITA,GARIBOTTI A,3.0,1,2,288,3,CHN
1.0,4:36,5m shot - Post,1 - 2,ITA,EMMOLO G,9.0,1,2,276,3,CHN
1.0,4:11,5m shot - Post,1 - 2,CHN,NIU G,5.0,1,2,251,3,CHN
1.0,3:52,Centre shot - Post,1 - 2,ITA,AIELLO R,6.0,1,2,232,3,CHN
1.0,3:26,Turnover foul,1 - 2,CHN,NIU G,5.0,1,2,206,3,CHN
1.0,3:26,Steal,1 - 2,ITA,GARIBOTTI A,3.0,1,2,206,3,CHN
1.0,3:11,20 sec. exclusion in centre,1 - 2,CHN,GUO N,6.0,1,2,191,3,CHN
1.0,3:08,Extra player shot - Goal,2 - 2,ITA,GARIBOTTI A,3.0,2,2,188,3,CHN
1.0,2:40,5m shot - Saved,2 - 2,CHN,ZHAO Z,9.0,2,2,160,3,CHN
1.0,2:26,Turnover foul,2 - 2,ITA,DARIO S,12.0,2,2,146,3,CHN
1.0,2:26,Steal,2 - 2,CHN,ZHANG D,10.0,2,2,146,3,CHN
1.0,1:57,5m shot - Saved,2 - 2,CHN,ZHANG D,10.0,2,2,117,3,CHN
1.0,1:50,Turnover foul,2 - 2,ITA,PICOZZI D,7.0,2,2,110,3,CHN
1.0,1:50,Steal,2 - 2,CHN,ZHANG J,12.0,2,2,110,3,CHN
1.0,1:22,5m shot - Blocked,2 - 2,CHN,ZHAO Z,9.0,2,2,82,3,CHN
1.0,1:13,20 sec. exclusion in centre,2 - 2,CHN,ZHANG J,12.0,2,2,73,3,CHN
1.0,1:12,Time-Out,2 - 2,ITA,,,2,2,72,3,CHN
1.0,0:56,Extra player shot - Goal,3 - 2,ITA,PICOZZI D,7.0,3,2,56,3,CHN
1.0,0:28,Action shot - Saved,3 - 2,CHN,ZHANG J,12.0,3,2,28,3,CHN
1.0,0:12,5m shot - Post,3 - 2,ITA,PICOZZI D,7.0,3,2,12,3,CHN
1.0,0:11,Time-Out,3 - 2,CHN,,,3,2,11,3,CHN
1.0,0:04,5m shot - Saved,3 - 2,CHN,ZHANG C,8.0,3,2,4,3,CHN
2.0,8:00,Starting goalkeeper,3 - 2,ITA,GORLERO G,1.0,3,2,480,3,CHN
2.0,8:00,Starting goalkeeper,3 - 2,CHN,PENG L,1.0,3,2,480,3,CHN
2.0,8:00,Sprint won possession,3 - 2,ITA,BIANCONI R,8.0,3,2,480,3,CHN
2.0,7:29,5m shot - Post,3 - 2,ITA,BIANCONI R,8.0,3,2,449,3,CHN
2.0,7:25,Action shot - Goal,4 - 2,ITA,AIELLO R,6.0,4,2,445,3,CHN
2.0,7:04,20 sec. exclusion in centre,4 - 2,ITA,RADICCHI F,5.0,4,2,424,3,CHN
2.0,6:41,Extra player shot - Goal,4 - 3,CHN,CHEN X,11.0,4,3,401,3,CHN
2.0,6:27,20 sec. exclusion in field,4 - 3,CHN,CHEN X,11.0,4,3,387,3,CHN
2.0,6:09,Extra player shot - Saved,4 - 3,ITA,GARIBOTTI A,3.0,4,3,369,3,CHN
2.0,5:40,Action shot - Saved,4 - 3,CHN,GUO N,6.0,4,3,340,3,CHN
2.0,5:21,Centre shot - Saved,4 - 3,ITA,AIELLO R,6.0,4,3,321,3,CHN
2.0,4:52,Action shot - Saved,4 - 3,CHN,NIU G,5.0,4,3,292,3,CHN
2.0,4:33,5m shot - Saved,4 - 3,ITA,GARIBOTTI A,3.0,4,3,273,3,CHN
2.0,4:32,20 sec. exclusion in centre,4 - 3,CHN,ZHAO Z,9.0,4,3,272,3,CHN
2.0,4:20,Extra player shot - Goal,5 - 3,ITA,BIANCONI R,8.0,5,3,260,3,CHN
2.0,3:50,Action shot - Post,5 - 3,CHN,ZHANG D,10.0,5,3,230,3,CHN
2.0,3:33,Turnover foul,5 - 3,ITA,BIANCONI R,8.0,5,3,213,3,CHN
2.0,3:33,Steal,5 - 3,CHN,ZHANG C,8.0,5,3,213,3,CHN
2.0,3:28,Turnover foul,5 - 3,CHN,GUO N,6.0,5,3,208,3,CHN
2.0,3:28,Steal,5 - 3,ITA,BIANCONI R,8.0,5,3,208,3,CHN
2.0,3:06,20 sec. exclusion in centre,5 - 3,CHN,ZHANG D,10.0,5,3,186,3,CHN
2.0,2:58,Extra player shot - Goal,6 - 3,ITA,BIANCONI R,8.0,6,3,178,3,CHN
2.0,2:25,5m shot - Goal,6 - 4,CHN,MEI X,3.0,6,4,145,3,CHN
2.0,2:08,Turnover foul,6 - 4,ITA,PALMIERI V,10.0,6,4,128,3,CHN
4.0,3:40,Counter attack - Goal,14 - 6,CHN,ZHANG C,8.0,14,6,220,3,CHN
4.0,3:12,5m shot - Saved,14 - 6,ITA,QUEIROLO E,4.0,14,6,192,3,CHN
4.0,2:59,20 sec. exclusion in centre,14 - 6,ITA,QUEIROLO E,4.0,14,6,179,3,CHN
4.0,2:54,Extra player shot - Goal,14 - 7,CHN,ZHANG J,12.0,14,7,174,3,CHN
4.0,2:40,20 sec. exclusion in field,14 - 7,CHN,BI Y,2.0,14,7,160,3,CHN
4.0,2:40,Time-Out,14 - 7,ITA,,,14,7,160,3,CHN
4.0,2:25,Extra player shot - Goal,15 - 7,ITA,PALMIERI V,10.0,15,7,145,3,CHN
4.0,2:03,5m shot - Saved,15 - 7,CHN,NIU G,5.0,15,7,123,3,CHN
2.0,2:08,Steal,15 - 7,CHN,CHEN X,11.0,15,7,128,3,CHN
2.0,2:07,Turnover foul,15 - 7,CHN,NIU G,5.0,15,7,127,3,CHN
2.0,1:48,5m shot - Saved,15 - 7,ITA,GARIBOTTI A,3.0,15,7,108,3,CHN
2.0,1:31,Action shot - Post,15 - 7,CHN,ZHANG C,8.0,15,7,91,3,CHN
2.0,1:14,5m shot - Goal,7 - 4,ITA,QUEIROLO E,4.0,7,4,74,3,CHN
2.0,0:46,Turnover foul,7 - 4,CHN,MEI X,3.0,7,4,46,3,CHN
2.0,0:43,Turnover foul,7 - 4,ITA,PALMIERI V,10.0,7,4,43,3,CHN
2.0,0:43,Time-Out,7 - 4,CHN,,,7,4,43,3,CHN
2.0,0:27,Centre shot - Saved,7 - 4,CHN,XIONG D,4.0,7,4,27,3,CHN
2.0,0:03,Action shot - Saved,7 - 4,ITA,EMMOLO G,9.0,7,4,3,3,CHN
3.0,8:00,Starting goalkeeper,7 - 4,ITA,GORLERO G,1.0,7,4,480,3,CHN
3.0,8:00,Starting goalkeeper,7 - 4,CHN,PENG L,1.0,7,4,480,3,CHN
3.0,8:00,Sprint won possession,7 - 4,CHN,NIU G,5.0,7,4,480,3,CHN
3.0,7:47,5m shot - Saved,7 - 4,CHN,ZHAO Z,9.0,7,4,467,3,CHN
3.0,7:26,Centre shot - Goal,8 - 4,ITA,AIELLO R,6.0,8,4,446,3,CHN
3.0,6:56,Action shot - Post,8 - 4,CHN,NIU G,5.0,8,4,416,3,CHN
3.0,6:42,Action shot - Post,8 - 4,ITA,GARIBOTTI A,3.0,8,4,402,3,CHN
3.0,6:21,Turnover foul,8 - 4,CHN,GUO N,6.0,8,4,381,3,CHN
3.0,6:21,Steal,8 - 4,ITA,QUEIROLO E,4.0,8,4,381,3,CHN
3.0,5:52,5m shot - Saved,8 - 4,ITA,QUEIROLO E,4.0,8,4,352,3,CHN
3.0,5:27,20 sec. exclusion in centre,8 - 4,CHN,MEI X,3.0,8,4,327,3,CHN
3.0,5:16,Extra player shot - Goal,9 - 4,ITA,RADICCHI F,5.0,9,4,316,3,CHN
3.0,4:54,Goalkeeper substitution,9 - 4,CHN,SHEN Y,13.0,9,4,294,3,CHN
3.0,4:50,Turnover foul,9 - 4,CHN,ZHAO Z,9.0,9,4,290,3,CHN
3.0,4:50,Steal,9 - 4,ITA,BIANCONI R,8.0,9,4,290,3,CHN
3.0,4:31,Penalty foul,9 - 4,CHN,ZHANG J,12.0,9,4,271,3,CHN
3.0,4:31,Penalty shot - Goal,10 - 4,ITA,BIANCONI R,8.0,10,4,271,3,CHN
3.0,4:31,Time-Out,10 - 4,CHN,,,10,4,271,3,CHN
3.0,4:04,Turnover foul,10 - 4,CHN,CHEN X,11.0,10,4,244,3,CHN
3.0,4:04,Steal,10 - 4,ITA,PICOZZI D,7.0,10,4,244,3,CHN
3.0,3:40,5m shot - Post,10 - 4,ITA,TABANI C,2.0,10,4,220,3,CHN
3.0,3:17,Centre shot - Post,10 - 4,ITA,PALMIERI V,10.0,10,4,197,3,CHN
3.0,2:55,5m shot - Saved,10 - 4,CHN,ZHAO Z,9.0,10,4,175,3,CHN
3.0,2:27,Action shot - Goal,11 - 4,ITA,TABANI C,2.0,11,4,147,3,CHN
3.0,1:59,5m shot - Saved,11 - 4,CHN,ZHANG C,8.0,11,4,119,3,CHN
3.0,1:38,Centre shot - Goal,12 - 4,ITA,PALMIERI V,10.0,12,4,98,3,CHN
3.0,1:18,Turnover foul,12 - 4,CHN,BI Y,2.0,12,4,78,3,CHN
3.0,1:18,Steal,12 - 4,ITA,GORLERO G,1.0,12,4,78,3,CHN
3.0,0:52,20 sec. exclusion in centre,12 - 4,CHN,BI Y,2.0,12,4,52,3,CHN
3.0,0:48,Extra player shot - Goal,13 - 4,ITA,COTTI A,11.0,13,4,48,3,CHN
3.0,0:19,Turnover foul,13 - 4,CHN,ZHANG D,10.0,13,4,19,3,CHN
3.0,0:19,Steal,13 - 4,ITA,PICOZZI D,7.0,13,4,19,3,CHN
3.0,0:01,5m shot - Saved,13 - 4,ITA,GARIBOTTI A,3.0,13,4,1,3,CHN
4.0,8:00,Starting goalkeeper,13 - 4,ITA,GORLERO G,1.0,13,4,480,3,CHN
4.0,8:00,Starting goalkeeper,13 - 4,CHN,PENG L,1.0,13,4,480,3,CHN
4.0,8:00,Goalkeeper substitution,13 - 4,CHN,SHEN Y,13.0,13,4,480,3,CHN
4.0,8:00,Sprint won possession,13 - 4,ITA,DARIO S,12.0,13,4,480,3,CHN
4.0,7:34,5m shot - Post,13 - 4,ITA,EMMOLO G,9.0,13,4,454,3,CHN
4.0,7:12,Turnover foul,13 - 4,CHN,ZHAO Z,9.0,13,4,432,3,CHN
4.0,7:12,Steal,13 - 4,ITA,COTTI A,11.0,13,4,432,3,CHN
4.0,6:47,5m shot - Post,13 - 4,ITA,COTTI A,11.0,13,4,407,3,CHN
4.0,6:23,5m shot - Post,13 - 4,CHN,BI Y,2.0,13,4,383,3,CHN
4.0,6:05,Turnover foul,13 - 4,ITA,DARIO S,12.0,13,4,365,3,CHN
4.0,6:05,Steal,13 - 4,CHN,SHEN Y,13.0,13,4,365,3,CHN
4.0,5:39,Turnover foul,13 - 4,ITA,EMMOLO G,9.0,13,4,339,3,CHN
4.0,5:28,Turnover foul,13 - 4,CHN,ZHAO Z,9.0,13,4,328,3,CHN
4.0,5:19,20 sec. exclusion in field,13 - 4,ITA,COTTI A,11.0,13,4,319,3,CHN
4.0,5:07,Extra player shot - Goal,13 - 5,CHN,CHEN X,11.0,13,5,307,3,CHN
4.0,4:38,Centre shot - Goal,14 - 5,ITA,PALMIERI V,10.0,14,5,278,3,CHN
4.0,4:15,5m shot - Post,14 - 5,CHN,ZHANG J,12.0,14,5,255,3,CHN
4.0,3:55,Turnover foul,14 - 5,ITA,PALMIERI V,10.0,14,5,235,3,CHN
4.0,1:09,5m shot - Post,14 - 5,CHN,NIU G,5.0,14,5,69,3,CHN
4.0,0:58,20 sec. exclusion in centre,14 - 5,ITA,BIANCONI R,8.0,14,5,58,3,CHN
4.0,0:54,Extra player shot - Post,14 - 5,CHN,CHEN X,11.0,14,5,54,3,CHN
4.0,0:31,Centre shot - Saved,14 - 5,ITA,PALMIERI V,10.0,14,5,31,3,CHN
4.0,0:30,Time-Out,14 - 5,CHN,,,14,5,30,3,CHN
4.0,0:17,20 sec. exclusion in field,14 - 5,ITA,COTTI A,11.0,14,5,17,3,CHN
4.0,0:04,Extra player shot - Goal,15 - 8,CHN,CHEN X,11.0,15,8,4,3,CHN
4.0,0:02,5m shot - Saved,15 - 8,ITA,BIANCONI R,8.0,15,8,2,3,CHN
1.0,8:00,Starting goalkeeper,0 - 0,ITA,GORLERO G,1.0,0,0,480,4,RUS
1.0,8:00,Starting goalkeeper,0 - 0,RUS,KARNAUKH A,13.0,0,0,480,4,RUS
1.0,8:00,Sprint won possession,0 - 0,RUS,SERZHANTOVA A,7.0,0,0,480,4,RUS
1.0,7:35,Action shot - Blocked,0 - 0,RUS,TOLKUNOVA T,10.0,0,0,455,4,RUS
1.0,7:15,Action shot - Post,0 - 0,ITA,GARIBOTTI A,3.0,0,0,435,4,RUS
1.0,6:51,Action shot - Saved,0 - 0,RUS,GORBUNOVA O,6.0,0,0,411,4,RUS
1.0,6:39,Action shot - Missed,0 - 0,RUS,RYZHKOVA D,12.0,0,0,399,4,RUS
1.0,6:12,5m shot - Saved,0 - 0,ITA,RADICCHI F,5.0,0,0,372,4,RUS
1.0,5:53,Action shot - Missed,0 - 0,ITA,GARIBOTTI A,3.0,0,0,353,4,RUS
1.0,5:28,Action shot - Saved,0 - 0,RUS,GORBUNOVA O,6.0,0,0,328,4,RUS
1.0,5:01,5m shot - Saved,0 - 0,ITA,EMMOLO G,9.0,0,0,301,4,RUS
1.0,4:38,Turnover foul,0 - 0,RUS,SIMANOVICH A,8.0,0,0,278,4,RUS
1.0,4:10,Action shot - Missed,0 - 0,ITA,RADICCHI F,5.0,0,0,250,4,RUS
1.0,3:55,Action shot - Saved,0 - 0,RUS,RYZHKOVA D,12.0,0,0,235,4,RUS
1.0,3:26,5m shot - Post,0 - 0,ITA,QUEIROLO E,4.0,0,0,206,4,RUS
1.0,2:56,Action shot - Post,0 - 0,RUS,SERZHANTOVA A,7.0,0,0,176,4,RUS
1.0,2:30,Action shot - Saved,0 - 0,ITA,BIANCONI R,8.0,0,0,150,4,RUS
1.0,2:13,Action shot - Goal,0 - 1,RUS,SERZHANTOVA A,7.0,0,1,133,4,RUS
1.0,1:46,Action shot - Saved,0 - 1,ITA,PALMIERI V,10.0,0,1,106,4,RUS
1.0,1:37,20 sec. exclusion in centre,0 - 1,RUS,BORISOVA M,5.0,0,1,97,4,RUS
1.0,1:19,Turnover foul,0 - 1,ITA,COTTI A,11.0,0,1,79,4,RUS
1.0,1:19,Steal,0 - 1,RUS,GORBUNOVA O,6.0,0,1,79,4,RUS
1.0,0:55,Action shot - Goal,0 - 2,RUS,IVANOVA E,11.0,0,2,55,4,RUS
1.0,0:32,5m shot - Saved,0 - 2,ITA,EMMOLO G,9.0,0,2,32,4,RUS
1.0,0:32,Time-Out,0 - 2,RUS,,,0,2,32,4,RUS
1.0,0:05,Action shot - Goal,0 - 3,RUS,RYZHKOVA D,12.0,0,3,5,4,RUS
1.0,0:01,5m shot - Saved,0 - 3,ITA,TABANI C,2.0,0,3,1,4,RUS
2.0,8:00,Starting goalkeeper,0 - 3,ITA,GORLERO G,1.0,0,3,480,4,RUS
2.0,8:00,Starting goalkeeper,0 - 3,RUS,KARNAUKH A,13.0,0,3,480,4,RUS
2.0,8:00,Sprint won possession,0 - 3,ITA,BIANCONI R,8.0,0,3,480,4,RUS
2.0,7:04,Action shot - Goal,0 - 4,RUS,GORBUNOVA O,6.0,0,4,424,4,RUS
2.0,6:42,20 sec. exclusion in centre,0 - 4,RUS,TOLKUNOVA T,10.0,0,4,402,4,RUS
2.0,6:25,Extra player shot - Goal,1 - 4,ITA,EMMOLO G,9.0,1,4,385,4,RUS
2.0,6:03,Turnover foul,1 - 4,RUS,RYZHKOVA D,12.0,1,4,363,4,RUS
2.0,6:03,Steal,1 - 4,ITA,GARIBOTTI A,3.0,1,4,363,4,RUS
2.0,5:36,5m shot - Blocked,1 - 4,ITA,BIANCONI R,8.0,1,4,336,4,RUS
2.0,5:14,Turnover foul,1 - 4,RUS,TIMOFEEVA A,9.0,1,4,314,4,RUS
2.0,5:14,Steal,1 - 4,ITA,BIANCONI R,8.0,1,4,314,4,RUS
2.0,4:49,5m shot - Missed,1 - 4,ITA,BIANCONI R,8.0,1,4,289,4,RUS
2.0,4:28,Action shot - Post,1 - 4,RUS,SERZHANTOVA A,7.0,1,4,268,4,RUS
2.0,4:06,5m shot - Post,1 - 4,ITA,GARIBOTTI A,3.0,1,4,246,4,RUS
2.0,3:52,Turnover foul,1 - 4,RUS,TIMOFEEVA A,9.0,1,4,232,4,RUS
2.0,3:52,Steal,1 - 4,ITA,QUEIROLO E,4.0,1,4,232,4,RUS
2.0,3:24,Turnover foul,1 - 4,ITA,RADICCHI F,5.0,1,4,204,4,RUS
2.0,3:09,20 sec. exclusion in centre,1 - 4,ITA,RADICCHI F,5.0,1,4,189,4,RUS
2.0,3:09,Time-Out,1 - 4,RUS,,,1,4,189,4,RUS
2.0,2:42,Action shot - Blocked,1 - 4,RUS,BORISOVA M,5.0,1,4,162,4,RUS
2.0,2:29,Action shot - Goal,2 - 4,ITA,BIANCONI R,8.0,2,4,149,4,RUS
2.0,2:00,Action shot - Saved,2 - 4,RUS,GORBUNOVA O,6.0,2,4,120,4,RUS
2.0,1:35,Action shot - Missed,2 - 4,ITA,DARIO S,12.0,2,4,95,4,RUS
2.0,1:20,Action shot - Post,2 - 4,RUS,PROKOFYEVA E,3.0,2,4,80,4,RUS
2.0,1:03,Action shot - Goal,3 - 4,ITA,QUEIROLO E,4.0,3,4,63,4,RUS
2.0,0:33,Action shot - Saved,3 - 4,RUS,IVANOVA E,11.0,3,4,33,4,RUS
2.0,0:23,Time-Out,3 - 4,ITA,,,3,4,23,4,RUS
2.0,0:07,Action shot - Goal,4 - 4,ITA,GARIBOTTI A,3.0,4,4,7,4,RUS
2.0,0:01,5m shot - Saved,4 - 4,RUS,PROKOFYEVA E,3.0,4,4,1,4,RUS
3.0,8:00,Starting goalkeeper,4 - 4,ITA,GORLERO G,1.0,4,4,480,4,RUS
3.0,8:00,Starting goalkeeper,4 - 4,RUS,KARNAUKH A,13.0,4,4,480,4,RUS
3.0,8:00,Sprint won possession,4 - 4,RUS,SERZHANTOVA A,7.0,4,4,480,4,RUS
3.0,7:33,5m shot - Blocked,4 - 4,RUS,GORBUNOVA O,6.0,4,4,453,4,RUS
3.0,7:19,Action shot - Saved,4 - 4,ITA,AIELLO R,6.0,4,4,439,4,RUS
3.0,6:52,Turnover foul,4 - 4,RUS,TOLKUNOVA T,10.0,4,4,412,4,RUS
3.0,6:52,Steal,4 - 4,ITA,GARIBOTTI A,3.0,4,4,412,4,RUS
3.0,6:33,Action shot - Blocked,4 - 4,ITA,BIANCONI R,8.0,4,4,393,4,RUS
3.0,6:12,Action shot - Post,4 - 4,RUS,RYZHKOVA D,12.0,4,4,372,4,RUS
3.0,5:48,Action shot - Goal,5 - 4,ITA,EMMOLO G,9.0,5,4,348,4,RUS
3.0,5:29,20 sec. exclusion in centre,5 - 4,ITA,RADICCHI F,5.0,5,4,329,4,RUS
3.0,5:12,Extra player shot - Goal,5 - 5,RUS,BORISOVA M,5.0,5,5,312,4,RUS
3.0,4:44,5m shot - Saved,5 - 5,ITA,GARIBOTTI A,3.0,5,5,284,4,RUS
3.0,4:20,Action shot - Post,5 - 5,RUS,GORBUNOVA O,6.0,5,5,260,4,RUS
3.0,3:58,Action shot - Saved,5 - 5,RUS,KARIMOVA E,4.0,5,5,238,4,RUS
3.0,3:32,5m shot - Goal,6 - 5,ITA,GARIBOTTI A,3.0,6,5,212,4,RUS
3.0,3:16,Turnover foul,6 - 5,RUS,SIMANOVICH A,8.0,6,5,196,4,RUS
3.0,3:08,20 sec. exclusion in centre,6 - 5,RUS,BORISOVA M,5.0,6,5,188,4,RUS
3.0,3:08,Time-Out,6 - 5,ITA,,,6,5,188,4,RUS
3.0,2:47,Extra player shot - Goal,7 - 5,ITA,EMMOLO G,9.0,7,5,167,4,RUS
3.0,2:18,5m shot - Post,7 - 5,RUS,PROKOFYEVA E,3.0,7,5,138,4,RUS
3.0,1:53,Turnover foul,7 - 5,ITA,AIELLO R,6.0,7,5,113,4,RUS
3.0,1:53,Steal,7 - 5,RUS,KARNAUKH A,13.0,7,5,113,4,RUS
3.0,1:37,Centre shot - Goal,7 - 6,RUS,KARIMOVA E,4.0,7,6,97,4,RUS
3.0,1:11,5m shot - Missed,7 - 6,ITA,BIANCONI R,8.0,7,6,71,4,RUS
3.0,0:52,Turnover foul,7 - 6,RUS,SIMANOVICH A,8.0,7,6,52,4,RUS
3.0,0:52,Steal,7 - 6,ITA,QUEIROLO E,4.0,7,6,52,4,RUS
3.0,0:36,Turnover foul,7 - 6,ITA,BIANCONI R,8.0,7,6,36,4,RUS
3.0,0:36,Steal,7 - 6,RUS,SIMANOVICH A,8.0,7,6,36,4,RUS
3.0,0:36,Time-Out,7 - 6,RUS,,,7,6,36,4,RUS
3.0,0:17,5m shot - Blocked,7 - 6,RUS,BORISOVA M,5.0,7,6,17,4,RUS
3.0,0:14,Action shot - Goal,7 - 7,RUS,GORBUNOVA O,6.0,7,7,14,4,RUS
3.0,0:08,20 sec. exclusion in field,7 - 7,RUS,PROKOFYEVA E,3.0,7,7,8,4,RUS
3.0,0:01,Extra player shot - Post,7 - 7,ITA,RADICCHI F,5.0,7,7,1,4,RUS
4.0,8:00,Starting goalkeeper,7 - 7,ITA,GORLERO G,1.0,7,7,480,4,RUS
4.0,8:00,Starting goalkeeper,7 - 7,RUS,KARNAUKH A,13.0,7,7,480,4,RUS
4.0,8:00,Sprint won possession,7 - 7,RUS,PROKOFYEVA E,3.0,7,7,480,4,RUS
4.0,7:32,5m shot - Goal,7 - 8,RUS,IVANOVA E,11.0,7,8,452,4,RUS
4.0,6:34,Action shot - Goal,7 - 9,RUS,IVANOVA E,11.0,7,9,394,4,RUS
4.0,6:17,20 sec. exclusion in centre,7 - 9,RUS,TOLKUNOVA T,10.0,7,9,377,4,RUS
4.0,6:03,Turnover foul,7 - 9,ITA,EMMOLO G,9.0,7,9,363,4,RUS
4.0,5:39,20 sec. exclusion in field,7 - 9,RUS,TIMOFEEVA A,9.0,7,9,339,4,RUS
4.0,5:39,Time-Out,7 - 9,ITA,,,7,9,339,4,RUS
4.0,5:22,Turnover foul,7 - 9,ITA,EMMOLO G,9.0,7,9,322,4,RUS
4.0,5:22,Steal,7 - 9,RUS,PROKOFYEVA E,3.0,7,9,322,4,RUS
4.0,4:51,5m shot - Post,7 - 9,RUS,KARIMOVA E,4.0,7,9,291,4,RUS
4.0,4:29,5m shot - Saved,7 - 9,ITA,QUEIROLO E,4.0,7,9,269,4,RUS
4.0,4:02,Turnover foul,7 - 9,RUS,IVANOVA E,11.0,7,9,242,4,RUS
4.0,4:02,Steal,7 - 9,ITA,GORLERO G,1.0,7,9,242,4,RUS
4.0,3:55,20 sec. exclusion in field,7 - 9,RUS,PROKOFYEVA E,3.0,7,9,235,4,RUS
4.0,3:41,Extra player shot - Goal,8 - 9,ITA,BIANCONI R,8.0,8,9,221,4,RUS
4.0,3:18,20 sec. exclusion in centre,8 - 9,ITA,RADICCHI F,5.0,8,9,198,4,RUS
4.0,3:18,Exclusion with substitution,8 - 9,ITA,RADICCHI F,5.0,8,9,198,4,RUS
4.0,3:18,Time-Out,8 - 9,RUS,,,8,9,198,4,RUS
4.0,2:49,5m shot - Saved,8 - 9,RUS,IVANOVA E,11.0,8,9,169,4,RUS
4.0,2:21,Action shot - Saved,8 - 9,ITA,TABANI C,2.0,8,9,141,4,RUS
4.0,2:03,Turnover foul,8 - 9,RUS,SIMANOVICH A,8.0,8,9,123,4,RUS
4.0,1:44,20 sec. exclusion in centre,8 - 9,RUS,IVANOVA E,11.0,8,9,104,4,RUS
4.0,1:26,Extra player shot - Saved,8 - 9,ITA,BIANCONI R,8.0,8,9,86,4,RUS
4.0,0:25,20 sec. exclusion in centre,8 - 9,RUS,SIMANOVICH A,8.0,8,9,25,4,RUS
4.0,0:02,Action shot - Saved,8 - 9,ITA,AIELLO R,6.0,8,9,2,4,RUS
1.0,8:00,Starting goalkeeper,0 - 0,ITA,GORLERO G,1.0,0,0,480,5,AUS
1.0,8:00,Starting goalkeeper,0 - 0,AUS,YANITSAS L,1.0,0,0,480,5,AUS
1.0,8:00,Sprint won possession,0 - 0,AUS,GOFERS K,2.0,0,0,480,5,AUS
1.0,7:31,Action shot - Missed,0 - 0,AUS,BUCKLING H,3.0,0,0,451,5,AUS
1.0,7:20,5m shot - Goal,1 - 0,ITA,BIANCONI R,8.0,1,0,440,5,AUS
1.0,7:00,Centre shot - Goal,1 - 1,AUS,WEBSTER R,7.0,1,1,420,5,AUS
1.0,6:35,5m shot - Blocked,1 - 1,ITA,RADICCHI F,5.0,1,1,395,5,AUS
1.0,6:05,5m shot - Blocked,1 - 1,AUS,BISHOP I,5.0,1,1,365,5,AUS
1.0,5:42,Penalty foul,1 - 1,AUS,WEBSTER R,7.0,1,1,342,5,AUS
1.0,5:42,Penalty shot - Goal,2 - 1,ITA,BIANCONI R,8.0,2,1,342,5,AUS
1.0,5:23,20 sec. exclusion in centre,2 - 1,ITA,QUEIROLO E,4.0,2,1,323,5,AUS
1.0,5:11,Action shot - Blocked,2 - 1,AUS,BUCKLING H,3.0,2,1,311,5,AUS
1.0,4:45,20 sec. exclusion in centre,2 - 1,AUS,GOFERS K,2.0,2,1,285,5,AUS
1.0,4:34,Extra player shot - Goal,3 - 1,ITA,AIELLO R,6.0,3,1,274,5,AUS
1.0,4:34,Time-Out,3 - 1,AUS,,,3,1,274,5,AUS
1.0,4:05,Turnover foul,3 - 1,AUS,WEBSTER R,7.0,3,1,245,5,AUS
1.0,4:05,Steal,3 - 1,ITA,TABANI C,2.0,3,1,245,5,AUS
1.0,3:47,5m shot - Goal,4 - 1,ITA,BIANCONI R,8.0,4,1,227,5,AUS
1.0,3:02,5m shot - Goal,5 - 1,ITA,BIANCONI R,8.0,5,1,182,5,AUS
1.0,2:51,Centre shot - Goal,5 - 2,AUS,BUCKLING H,3.0,5,2,171,5,AUS
1.0,2:31,Centre shot - Missed,5 - 2,ITA,AIELLO R,6.0,5,2,151,5,AUS
1.0,2:09,Action shot - Saved,5 - 2,AUS,WEBSTER R,7.0,5,2,129,5,AUS
1.0,1:45,5m shot - Missed,5 - 2,ITA,COTTI A,11.0,5,2,105,5,AUS
1.0,1:26,Turnover foul,5 - 2,AUS,WEBSTER R,7.0,5,2,86,5,AUS
1.0,1:05,Centre shot - Saved,5 - 2,ITA,AIELLO R,6.0,5,2,65,5,AUS
1.0,0:46,Action shot - Goal,5 - 3,AUS,BAXTER M,11.0,5,3,46,5,AUS
1.0,0:20,5m shot - Saved,5 - 3,ITA,EMMOLO G,9.0,5,3,20,5,AUS
1.0,0:01,Time-Out,5 - 3,ITA,,,5,3,1,5,AUS
2.0,8:00,Starting goalkeeper,5 - 3,ITA,GORLERO G,1.0,5,3,480,5,AUS
2.0,8:00,Starting goalkeeper,5 - 3,AUS,YANITSAS L,1.0,5,3,480,5,AUS
2.0,8:00,Sprint won possession,5 - 3,ITA,BIANCONI R,8.0,5,3,480,5,AUS
2.0,7:31,5m shot - Saved,5 - 3,ITA,QUEIROLO E,4.0,5,3,451,5,AUS
2.0,7:13,Turnover foul,5 - 3,AUS,BISHOP I,5.0,5,3,433,5,AUS
2.0,7:13,Steal,5 - 3,ITA,RADICCHI F,5.0,5,3,433,5,AUS
2.0,6:49,5m shot - Goal,6 - 3,ITA,RADICCHI F,5.0,6,3,409,5,AUS
2.0,6:26,5m shot - Missed,6 - 3,AUS,WEBSTER R,7.0,6,3,386,5,AUS
2.0,6:05,5m shot - Blocked,6 - 3,ITA,GARIBOTTI A,3.0,6,3,365,5,AUS
2.0,5:36,5m shot - Missed,6 - 3,AUS,RIDGE A,6.0,6,3,336,5,AUS
2.0,5:23,Turnover foul,6 - 3,ITA,QUEIROLO E,4.0,6,3,323,5,AUS
2.0,5:23,Steal,6 - 3,AUS,HALLIGAN B,4.0,6,3,323,5,AUS
2.0,4:56,5m shot - Blocked,6 - 3,AUS,GOFERS K,2.0,6,3,296,5,AUS
2.0,4:37,Turnover foul,6 - 3,ITA,AIELLO R,6.0,6,3,277,5,AUS
2.0,4:37,Steal,6 - 3,AUS,GOFERS K,2.0,6,3,277,5,AUS
2.0,4:09,5m shot - Blocked,6 - 3,AUS,HALLIGAN B,4.0,6,3,249,5,AUS
2.0,3:48,Centre shot - Saved,6 - 3,AUS,WEBSTER R,7.0,6,3,228,5,AUS
2.0,2:50,Centre shot - Goal,6 - 4,AUS,WEBSTER R,7.0,6,4,170,5,AUS
2.0,2:28,20 sec. exclusion in field,6 - 4,AUS,BUCKLING H,3.0,6,4,148,5,AUS
2.0,2:09,Extra player shot - Goal,7 - 4,ITA,RADICCHI F,5.0,7,4,129,5,AUS
2.0,1:48,Centre shot - Goal,7 - 5,AUS,ARANCINI Z,9.0,7,5,108,5,AUS
2.0,1:26,5m shot - Post,7 - 5,ITA,RADICCHI F,5.0,7,5,86,5,AUS
2.0,1:11,Turnover foul,7 - 5,AUS,BUCKLING H,3.0,7,5,71,5,AUS
2.0,0:51,20 sec. exclusion in centre,7 - 5,AUS,BAXTER M,11.0,7,5,51,5,AUS
2.0,0:51,Time-Out,7 - 5,ITA,,,7,5,51,5,AUS
2.0,0:32,Extra player shot - Missed,7 - 5,ITA,EMMOLO G,9.0,7,5,32,5,AUS
2.0,0:27,Time-Out,7 - 5,AUS,,,7,5,27,5,AUS
2.0,0:10,Centre shot - Goal,7 - 6,AUS,BISHOP I,5.0,7,6,10,5,AUS
2.0,0:01,5m shot - Missed,7 - 6,ITA,EMMOLO G,9.0,7,6,1,5,AUS
3.0,8:00,Starting goalkeeper,7 - 6,ITA,GORLERO G,1.0,7,6,480,5,AUS
3.0,8:00,Starting goalkeeper,7 - 6,AUS,YANITSAS L,1.0,7,6,480,5,AUS
3.0,8:00,Sprint won possession,7 - 6,AUS,GOFERS K,2.0,7,6,480,5,AUS
3.0,7:32,5m shot - Goal,7 - 7,AUS,BISHOP I,5.0,7,7,452,5,AUS
4.0,0:04,Time-Out,7 - 7,ITA,,,7,7,4,5,AUS
3.0,7:03,Turnover foul,13 - 14,ITA,BIANCONI R,8.0,13,14,423,5,AUS
3.0,7:03,Steal,13 - 14,AUS,BISHOP I,5.0,13,14,423,5,AUS
3.0,6:34,Turnover foul,13 - 14,AUS,GOFERS K,2.0,13,14,394,5,AUS
3.0,6:34,Steal,13 - 14,ITA,GORLERO G,1.0,13,14,394,5,AUS
3.0,6:07,20 sec. exclusion in centre,13 - 14,AUS,BUCKLING H,3.0,13,14,367,5,AUS
3.0,5:52,Extra player shot - Saved,13 - 14,ITA,AIELLO R,6.0,13,14,352,5,AUS
3.0,5:25,5m shot - Goal,7 - 8,AUS,WEBSTER R,7.0,7,8,325,5,AUS
3.0,5:06,20 sec. exclusion in field,7 - 8,AUS,GOFERS K,2.0,7,8,306,5,AUS
3.0,4:55,Extra player shot - Post,7 - 8,ITA,BIANCONI R,8.0,7,8,295,5,AUS
3.0,4:13,Centre shot - Goal,8 - 8,ITA,AIELLO R,6.0,8,8,253,5,AUS
3.0,3:45,5m shot - Saved,8 - 8,AUS,HALLIGAN B,4.0,8,8,225,5,AUS
3.0,3:21,5m shot - Missed,8 - 8,ITA,BIANCONI R,8.0,8,8,201,5,AUS
3.0,3:07,20 sec. exclusion in centre,8 - 8,ITA,GARIBOTTI A,3.0,8,8,187,5,AUS
3.0,3:07,Time-Out,8 - 8,AUS,,,8,8,187,5,AUS
3.0,2:43,Turnover foul,8 - 8,AUS,BUCKLING H,3.0,8,8,163,5,AUS
3.0,2:43,Steal,8 - 8,ITA,EMMOLO G,9.0,8,8,163,5,AUS
3.0,2:18,5m shot - Saved,8 - 8,ITA,DARIO S,12.0,8,8,138,5,AUS
3.0,2:02,Turnover foul,8 - 8,ITA,DARIO S,12.0,8,8,122,5,AUS
3.0,2:02,Steal,8 - 8,AUS,BISHOP I,5.0,8,8,122,5,AUS
3.0,1:51,Penalty foul,8 - 8,ITA,DARIO S,12.0,8,8,111,5,AUS
3.0,1:51,Penalty shot - Goal,8 - 9,AUS,WEBSTER R,7.0,8,9,111,5,AUS
3.0,1:24,5m shot - Saved,8 - 9,ITA,RADICCHI F,5.0,8,9,84,5,AUS
3.0,0:37,Action shot - Saved,8 - 9,ITA,GARIBOTTI A,3.0,8,9,37,5,AUS
3.0,0:10,Turnover foul,8 - 9,AUS,GOFERS K,2.0,8,9,10,5,AUS
3.0,0:10,Steal,8 - 9,ITA,RADICCHI F,5.0,8,9,10,5,AUS
3.0,0:10,Time-Out,8 - 9,ITA,,,8,9,10,5,AUS
3.0,0:01,Turnover foul,8 - 9,ITA,QUEIROLO E,4.0,8,9,1,5,AUS
3.0,0:01,Steal,8 - 9,AUS,GOFERS K,2.0,8,9,1,5,AUS
4.0,8:00,Starting goalkeeper,8 - 9,ITA,GORLERO G,1.0,8,9,480,5,AUS
4.0,8:00,Starting goalkeeper,8 - 9,AUS,YANITSAS L,1.0,8,9,480,5,AUS
4.0,8:00,Sprint won possession,8 - 9,AUS,GOFERS K,2.0,8,9,480,5,AUS
4.0,7:31,Centre shot - Post,8 - 9,AUS,WEBSTER R,7.0,8,9,451,5,AUS
4.0,7:10,20 sec. exclusion in centre,8 - 9,AUS,BISHOP I,5.0,8,9,430,5,AUS
4.0,6:50,Extra player shot - Goal,9 - 9,ITA,GARIBOTTI A,3.0,9,9,410,5,AUS
4.0,6:23,Turnover foul,9 - 9,AUS,STEERE M,12.0,9,9,383,5,AUS
4.0,6:08,Turnover foul,9 - 9,ITA,QUEIROLO E,4.0,9,9,368,5,AUS
4.0,6:08,Steal,9 - 9,AUS,BISHOP I,5.0,9,9,368,5,AUS
4.0,5:55,Turnover foul,9 - 9,AUS,STEERE M,12.0,9,9,355,5,AUS
4.0,5:55,Steal,9 - 9,ITA,GARIBOTTI A,3.0,9,9,355,5,AUS
4.0,5:35,Action shot - Saved,9 - 9,ITA,QUEIROLO E,4.0,9,9,335,5,AUS
4.0,5:08,Action shot - Saved,9 - 9,AUS,BUCKLING H,3.0,9,9,308,5,AUS
4.0,4:40,Turnover foul,9 - 9,ITA,BIANCONI R,8.0,9,9,280,5,AUS
4.0,4:40,Steal,9 - 9,AUS,BISHOP I,5.0,9,9,280,5,AUS
4.0,4:15,Action shot - Goal,9 - 10,AUS,BUCKLING H,3.0,9,10,255,5,AUS
4.0,3:55,20 sec. exclusion in centre,9 - 10,AUS,RIDGE A,6.0,9,10,235,5,AUS
4.0,3:28,5m shot - Saved,9 - 10,ITA,BIANCONI R,8.0,9,10,208,5,AUS
4.0,3:11,20 sec. exclusion in field,9 - 10,AUS,GOFERS K,2.0,9,10,191,5,AUS
4.0,3:11,Exclusion with substitution,9 - 10,AUS,GOFERS K,2.0,9,10,191,5,AUS
4.0,2:47,Action shot - Goal,10 - 10,ITA,BIANCONI R,8.0,10,10,167,5,AUS
4.0,2:47,Yellow card,10 - 10,AUS,Team Official,,10,10,167,5,AUS
4.0,2:33,20 sec. exclusion in centre,10 - 10,ITA,TABANI C,2.0,10,10,153,5,AUS
4.0,2:11,Action shot - Post,10 - 10,AUS,WEBSTER R,7.0,10,10,131,5,AUS
4.0,1:44,5m shot - Blocked,10 - 10,ITA,BIANCONI R,8.0,10,10,104,5,AUS
4.0,1:42,Penalty foul,10 - 10,AUS,HALLIGAN B,4.0,10,10,102,5,AUS
4.0,1:42,Penalty shot - Goal,11 - 10,ITA,GARIBOTTI A,3.0,11,10,102,5,AUS
4.0,1:20,20 sec. exclusion in centre,11 - 10,ITA,TABANI C,2.0,11,10,80,5,AUS
4.0,1:20,Time-Out,11 - 10,AUS,,,11,10,80,5,AUS
4.0,0:52,Centre shot - Saved,11 - 10,AUS,BUCKLING H,3.0,11,10,52,5,AUS
4.0,0:25,5m shot - Missed,11 - 10,ITA,AIELLO R,6.0,11,10,25,5,AUS
4.0,0:05,20 sec. exclusion in field,11 - 10,ITA,AIELLO R,6.0,11,10,5,5,AUS
4.0,0:04,Extra player shot - Goal,11 - 11,AUS,HALLIGAN B,4.0,11,11,4,5,AUS
1.0,8:00,Starting goalkeeper,0 - 0,ITA,GORLERO G,1.0,0,0,480,6,HUN
1.0,8:00,Starting goalkeeper,0 - 0,HUN,GANGL E,1.0,0,0,480,6,HUN
1.0,8:00,Sprint won possession,0 - 0,ITA,BIANCONI R,8.0,0,0,480,6,HUN
1.0,7:31,5m shot - Saved,0 - 0,ITA,RADICCHI F,5.0,0,0,451,6,HUN
1.0,7:02,Turnover foul,0 - 0,HUN,BUJKA B,10.0,0,0,422,6,HUN
1.0,7:02,Steal,0 - 0,ITA,RADICCHI F,5.0,0,0,422,6,HUN
1.0,6:35,5m shot - Post,0 - 0,ITA,BIANCONI R,8.0,0,0,395,6,HUN
1.0,6:12,Action shot - Goal,0 - 1,HUN,BUJKA B,10.0,0,1,372,6,HUN
1.0,5:58,20 sec. exclusion in centre,0 - 1,HUN,CSABAI D,11.0,0,1,358,6,HUN
1.0,5:42,Extra player shot - Goal,1 - 1,ITA,BIANCONI R,8.0,1,1,342,6,HUN
1.0,5:15,Turnover foul,1 - 1,HUN,TAKACS O,6.0,1,1,315,6,HUN
1.0,5:15,Steal,1 - 1,ITA,GORLERO G,1.0,1,1,315,6,HUN
1.0,4:54,5m shot - Saved,1 - 1,ITA,RADICCHI F,5.0,1,1,294,6,HUN
1.0,4:41,Action shot - Saved,1 - 1,HUN,KESZTHELYI R,8.0,1,1,281,6,HUN
1.0,4:30,20 sec. exclusion in centre,1 - 1,ITA,RADICCHI F,5.0,1,1,270,6,HUN
1.0,4:10,Extra player shot - Goal,1 - 2,HUN,SZILAGYI D,12.0,1,2,250,6,HUN
1.0,3:30,20 sec. exclusion in centre,1 - 2,ITA,BIANCONI R,8.0,1,2,210,6,HUN
1.0,3:08,Action shot - Saved,1 - 2,HUN,BUJKA B,10.0,1,2,188,6,HUN
1.0,2:55,20 sec. exclusion in centre,1 - 2,HUN,SZUCS G,5.0,1,2,175,6,HUN
1.0,2:55,Time-Out,1 - 2,ITA,,,1,2,175,6,HUN
1.0,2:26,5m shot - Blocked,1 - 2,ITA,EMMOLO G,9.0,1,2,146,6,HUN
1.0,1:57,5m shot - Saved,1 - 2,HUN,KESZTHELYI R,8.0,1,2,117,6,HUN
1.0,1:13,Action shot - Goal,1 - 3,HUN,ANTAL D,3.0,1,3,73,6,HUN
1.0,0:56,Turnover foul,1 - 3,ITA,BIANCONI R,8.0,1,3,56,6,HUN
1.0,0:56,Steal,1 - 3,HUN,ILLES A,7.0,1,3,56,6,HUN
1.0,0:34,Turnover foul,1 - 3,HUN,TAKACS O,6.0,1,3,34,6,HUN
1.0,0:34,Steal,1 - 3,ITA,DARIO S,12.0,1,3,34,6,HUN
1.0,0:13,5m shot - Goal,2 - 3,ITA,BIANCONI R,8.0,2,3,13,6,HUN
1.0,0:13,Time-Out,2 - 3,HUN,,,2,3,13,6,HUN
1.0,0:01,5m shot - Post,2 - 3,HUN,BUJKA B,10.0,2,3,1,6,HUN
2.0,8:00,Starting goalkeeper,2 - 3,ITA,GORLERO G,1.0,2,3,480,6,HUN
2.0,8:00,Starting goalkeeper,2 - 3,HUN,GANGL E,1.0,2,3,480,6,HUN
2.0,8:00,Sprint won possession,2 - 3,ITA,BIANCONI R,8.0,2,3,480,6,HUN
2.0,7:42,Turnover foul,2 - 3,ITA,AIELLO R,6.0,2,3,462,6,HUN
2.0,7:28,Turnover foul,2 - 3,HUN,BUJKA B,10.0,2,3,448,6,HUN
2.0,7:03,Turnover foul,2 - 3,ITA,BIANCONI R,8.0,2,3,423,6,HUN
2.0,7:03,Steal,2 - 3,HUN,GANGL E,1.0,2,3,423,6,HUN
2.0,6:55,Counter attack - Goal,2 - 4,HUN,KESZTHELYI R,8.0,2,4,415,6,HUN
2.0,6:33,5m shot - Blocked,2 - 4,ITA,QUEIROLO E,4.0,2,4,393,6,HUN
2.0,6:10,5m shot - Saved,2 - 4,HUN,CZIGANY D,2.0,2,4,370,6,HUN
2.0,5:38,Turnover foul,2 - 4,HUN,GURISATTI G,4.0,2,4,338,6,HUN
2.0,5:38,Steal,2 - 4,ITA,GORLERO G,1.0,2,4,338,6,HUN
2.0,5:38,20 sec. exclusion in field,2 - 4,HUN,TAKACS O,6.0,2,4,338,6,HUN
2.0,5:38,Time-Out,2 - 4,ITA,,,2,4,338,6,HUN
2.0,5:21,Action shot - Saved,2 - 4,ITA,EMMOLO G,9.0,2,4,321,6,HUN
2.0,5:14,Action shot - Goal,3 - 4,ITA,GARIBOTTI A,3.0,3,4,314,6,HUN
2.0,4:54,Turnover foul,3 - 4,HUN,BUJKA B,10.0,3,4,294,6,HUN
2.0,4:54,Steal,3 - 4,ITA,GORLERO G,1.0,3,4,294,6,HUN
2.0,4:34,Turnover foul,3 - 4,ITA,GARIBOTTI A,3.0,3,4,274,6,HUN
2.0,4:34,Steal,3 - 4,HUN,CZIGANY D,2.0,3,4,274,6,HUN
2.0,4:32,20 sec. exclusion in field,3 - 4,ITA,BIANCONI R,8.0,3,4,272,6,HUN
2.0,4:31,Time-Out,3 - 4,HUN,,,3,4,271,6,HUN
2.0,4:09,5m shot - Goal,3 - 5,HUN,KESZTHELYI R,8.0,3,5,249,6,HUN
2.0,3:44,5m shot - Saved,3 - 5,ITA,COTTI A,11.0,3,5,224,6,HUN
2.0,3:20,Turnover foul,3 - 5,ITA,AIELLO R,6.0,3,5,200,6,HUN
2.0,3:20,Steal,3 - 5,HUN,ILLES A,7.0,3,5,200,6,HUN
2.0,2:51,5m shot - Post,3 - 5,HUN,ILLES A,7.0,3,5,171,6,HUN
2.0,2:26,Turnover foul,3 - 5,ITA,PICOZZI D,7.0,3,5,146,6,HUN
2.0,2:26,Steal,3 - 5,HUN,KESZTHELYI R,8.0,3,5,146,6,HUN
2.0,2:13,Turnover foul,3 - 5,HUN,ILLES A,7.0,3,5,133,6,HUN
2.0,2:01,20 sec. exclusion in field,3 - 5,HUN,BUJKA B,10.0,3,5,121,6,HUN
4.0,2:22,Steal,3 - 5,HUN,TAKACS O,6.0,3,5,142,6,HUN
4.0,1:55,Action shot - Saved,3 - 5,HUN,SZILAGYI D,12.0,3,5,115,6,HUN
4.0,1:52,Time-Out,3 - 5,ITA,,,3,5,112,6,HUN
4.0,1:30,Turnover foul,3 - 5,ITA,TABANI C,2.0,3,5,90,6,HUN
4.0,1:30,Steal,3 - 5,HUN,SZILAGYI D,12.0,3,5,90,6,HUN
4.0,1:09,Turnover foul,3 - 5,HUN,TAKACS O,6.0,3,5,69,6,HUN
4.0,1:09,Steal,3 - 5,ITA,GORLERO G,1.0,3,5,69,6,HUN
2.0,1:47,Extra player shot - Goal,4 - 5,ITA,GARIBOTTI A,3.0,4,5,107,6,HUN
2.0,1:19,Action shot - Goal,4 - 6,HUN,GURISATTI G,4.0,4,6,79,6,HUN
2.0,0:52,5m shot - Saved,4 - 6,ITA,COTTI A,11.0,4,6,52,6,HUN
2.0,0:36,Action shot - Post,4 - 6,HUN,CZIGANY D,2.0,4,6,36,6,HUN
2.0,0:07,5m shot - Post,4 - 6,HUN,KESZTHELYI R,8.0,4,6,7,6,HUN
2.0,0:01,5m shot - Missed,4 - 6,ITA,COTTI A,11.0,4,6,1,6,HUN
3.0,8:00,Starting goalkeeper,4 - 6,ITA,GORLERO G,1.0,4,6,480,6,HUN
3.0,8:00,Starting goalkeeper,4 - 6,HUN,GANGL E,1.0,4,6,480,6,HUN
3.0,8:00,Sprint won possession,4 - 6,HUN,SZILAGYI D,12.0,4,6,480,6,HUN
3.0,7:37,20 sec. exclusion in centre,4 - 6,ITA,RADICCHI F,5.0,4,6,457,6,HUN
3.0,7:21,Extra player shot - Goal,4 - 7,HUN,SZILAGYI D,12.0,4,7,441,6,HUN
3.0,6:55,5m shot - Saved,4 - 7,ITA,GARIBOTTI A,3.0,4,7,415,6,HUN
3.0,6:32,Action shot - Missed,4 - 7,HUN,KESZTHELYI R,8.0,4,7,392,6,HUN
3.0,6:17,20 sec. exclusion in centre,4 - 7,HUN,SZUCS G,5.0,4,7,377,6,HUN
3.0,5:52,Action shot - Saved,4 - 7,ITA,GARIBOTTI A,3.0,4,7,352,6,HUN
3.0,5:23,5m shot - Post,4 - 7,HUN,SZILAGYI D,12.0,4,7,323,6,HUN
3.0,5:07,Penalty foul,4 - 7,HUN,CSABAI D,11.0,4,7,307,6,HUN
3.0,5:07,Penalty shot - Goal,5 - 7,ITA,BIANCONI R,8.0,5,7,307,6,HUN
3.0,4:38,Action shot - Blocked,5 - 7,HUN,BUJKA B,10.0,5,7,278,6,HUN
3.0,4:07,5m shot - Saved,5 - 7,ITA,TABANI C,2.0,5,7,247,6,HUN
3.0,3:41,5m shot - Saved,5 - 7,HUN,CZIGANY D,2.0,5,7,221,6,HUN
3.0,3:21,Turnover foul,5 - 7,HUN,BUJKA B,10.0,5,7,201,6,HUN
3.0,3:21,Steal,5 - 7,ITA,GORLERO G,1.0,5,7,201,6,HUN
3.0,3:06,20 sec. exclusion in centre,5 - 7,HUN,TAKACS O,6.0,5,7,186,6,HUN
3.0,2:37,Action shot - Blocked,5 - 7,ITA,QUEIROLO E,4.0,5,7,157,6,HUN
3.0,2:16,Turnover foul,5 - 7,HUN,GURISATTI G,4.0,5,7,136,6,HUN
3.0,2:16,Steal,5 - 7,ITA,BIANCONI R,8.0,5,7,136,6,HUN
3.0,2:09,Action shot - Post,5 - 7,ITA,TABANI C,2.0,5,7,129,6,HUN
3.0,1:53,Turnover foul,5 - 7,HUN,GURISATTI G,4.0,5,7,113,6,HUN
3.0,1:53,Steal,5 - 7,ITA,GORLERO G,1.0,5,7,113,6,HUN
3.0,1:37,20 sec. exclusion in centre,5 - 7,HUN,CZIGANY D,2.0,5,7,97,6,HUN
3.0,1:37,Time-Out,5 - 7,ITA,,,5,7,97,6,HUN
3.0,1:20,Extra player shot - Goal,6 - 7,ITA,GARIBOTTI A,3.0,6,7,80,6,HUN
3.0,1:07,20 sec. exclusion in field,6 - 7,ITA,PICOZZI D,7.0,6,7,67,6,HUN
3.0,1:06,Time-Out,6 - 7,HUN,,,6,7,66,6,HUN
3.0,0:44,Action shot - Goal,6 - 8,HUN,KESZTHELYI R,8.0,6,8,44,6,HUN
3.0,0:16,Action shot - Saved,6 - 8,ITA,AIELLO R,6.0,6,8,16,6,HUN
3.0,0:07,Action shot - Missed,6 - 8,HUN,SZUCS G,5.0,6,8,7,6,HUN
4.0,8:00,Starting goalkeeper,6 - 8,ITA,GORLERO G,1.0,6,8,480,6,HUN
4.0,8:00,Starting goalkeeper,6 - 8,HUN,GANGL E,1.0,6,8,480,6,HUN
4.0,8:00,Sprint won possession,6 - 8,ITA,BIANCONI R,8.0,6,8,480,6,HUN
4.0,7:40,5m shot - Post,6 - 8,ITA,BIANCONI R,8.0,6,8,460,6,HUN
4.0,7:19,Action shot - Post,6 - 8,HUN,SZILAGYI D,12.0,6,8,439,6,HUN
4.0,7:06,20 sec. exclusion in centre,6 - 8,HUN,TOTH I,9.0,6,8,426,6,HUN
4.0,6:49,5m shot - Blocked,6 - 8,ITA,EMMOLO G,9.0,6,8,409,6,HUN
4.0,6:20,Turnover foul,6 - 8,HUN,SZILAGYI D,12.0,6,8,380,6,HUN
4.0,6:20,Steal,6 - 8,ITA,GORLERO G,1.0,6,8,380,6,HUN
4.0,6:04,Turnover foul,6 - 8,ITA,BIANCONI R,8.0,6,8,364,6,HUN
4.0,5:52,20 sec. exclusion in centre,6 - 8,ITA,QUEIROLO E,4.0,6,8,352,6,HUN
4.0,5:36,Extra player shot - Goal,6 - 9,HUN,CSABAI D,11.0,6,9,336,6,HUN
4.0,5:13,5m shot - Goal,7 - 9,ITA,GARIBOTTI A,3.0,7,9,313,6,HUN
4.0,4:43,Action shot - Goal,7 - 10,HUN,CZIGANY D,2.0,7,10,283,6,HUN
4.0,4:22,20 sec. exclusion in centre,7 - 10,HUN,ILLES A,7.0,7,10,262,6,HUN
4.0,4:09,20 sec. exclusion in centre,7 - 10,HUN,TOTH I,9.0,7,10,249,6,HUN
4.0,4:02,Extra player shot - Saved,7 - 10,ITA,PICOZZI D,7.0,7,10,242,6,HUN
4.0,3:47,5m shot - Post,7 - 10,ITA,BIANCONI R,8.0,7,10,227,6,HUN
4.0,3:18,5m shot - Missed,7 - 10,HUN,CZIGANY D,2.0,7,10,198,6,HUN
4.0,3:10,Penalty foul,7 - 10,HUN,ILLES A,7.0,7,10,190,6,HUN
4.0,3:10,Penalty shot - Goal,8 - 10,ITA,BIANCONI R,8.0,8,10,190,6,HUN
4.0,2:39,Action shot - Missed,8 - 10,HUN,CZIGANY D,2.0,8,10,159,6,HUN
4.0,2:22,Turnover foul,8 - 10,ITA,BIANCONI R,8.0,8,10,142,6,HUN
4.0,1:06,Exclusion with substitution,8 - 10,HUN,SZUCS G,5.0,8,10,66,6,HUN
4.0,1:06,20 sec. exclusion in field,8 - 10,HUN,SZUCS G,5.0,8,10,66,6,HUN
4.0,0:44,5m shot - Saved,8 - 10,ITA,BIANCONI R,8.0,8,10,44,6,HUN
4.0,0:24,Time-Out,8 - 10,HUN,,,8,10,24,6,HUN
4.0,0:04,20 sec. exclusion in field,8 - 10,HUN,CSABAI D,11.0,8,10,4,6,HUN
4.0,0:04,Exclusion with substitution,8 - 10,HUN,CSABAI D,11.0,8,10,4,6,HUN
