Action,Cap,FRA,Game,Opponent,Opponent name,Period,Player,Score,Seconds,Team,Time,Result,Goal
Extra player shot,2.0,0,1,1,NED,1.0,SMIT Y,1 - 0,453,NED,7:33,Goal,1
Extra player shot,9.0,0,1,2,NED,1.0,MEGENS M,2 - 0,369,NED,6:09,Goal,1
Action shot,2.0,0,1,2,NED,1.0,SMIT Y,2 - 0,330,NED,5:30,Missed,0
Action shot,4.0,0,1,2,NED,1.0,van der SLOOT S,2 - 0,311,NED,5:11,Saved,0
Action shot,5.0,0,1,2,NED,1.0,GUILLET L,2 - 0,283,FRA,4:43,Blocked,0
Action shot,3.0,0,1,2,NED,1.0,GENEE D,2 - 0,257,NED,4:17,Blocked,0
Penalty shot,4.0,0,1,3,NED,1.0,van der SLOOT S,3 - 0,256,NED,4:16,Goal,1
Action shot,9.0,0,1,4,NED,1.0,MEGENS M,4 - 0,202,NED,3:22,Goal,1
Action shot,9.0,0,1,4,NED,1.0,SACRE A,4 - 0,177,FRA,2:57,Missed,0
Action shot,9.0,0,1,4,NED,1.0,MEGENS M,4 - 0,166,NED,2:46,Saved,0
Action shot,4.0,0,1,4,NED,1.0,van der SLOOT S,4 - 0,125,NED,2:05,Saved,0
5m shot,11.0,0,1,5,NED,1.0,KLAASSEN L,5 - 0,110,NED,1:50,Goal,1
Centre shot,3.0,0,1,5,NED,1.0,BACHELIER L,5 - 0,82,FRA,1:22,Saved,0
5m shot,11.0,0,1,6,NED,1.0,KLAASSEN L,6 - 0,65,NED,1:05,Goal,1
Centre shot,12.0,0,1,7,NED,1.0,JOUSTRA K,7 - 0,41,NED,0:41,Goal,1
Action shot,5.0,0,1,7,NED,1.0,GENEE A,7 - 0,4,NED,0:04,Saved,0
5m shot,9.0,0,1,7,NED,1.0,MEGENS M,7 - 0,1,NED,0:01,Missed,0
5m shot,11.0,0,1,8,NED,2.0,KLAASSEN L,8 - 0,460,NED,7:40,Goal,1
5m shot,8.0,0,1,8,NED,2.0,BATTU A,8 - 0,436,FRA,7:16,Missed,0
5m shot,10.0,0,1,8,NED,2.0,KOOLHAAS I,8 - 0,406,NED,6:46,Blocked,0
Action shot,2.0,0,1,8,NED,2.0,MILLOT E,8 - 0,380,FRA,6:20,Saved,0
Action shot,4.0,0,1,9,NED,2.0,van der SLOOT S,9 - 0,366,NED,6:06,Goal,1
5m shot,9.0,0,1,9,NED,2.0,SACRE A,9 - 0,337,FRA,5:37,Saved,0
Action shot,3.0,0,1,10,NED,2.0,GENEE D,10 - 0,313,NED,5:13,Goal,1
5m shot,2.0,0,1,10,NED,2.0,MILLOT E,10 - 0,210,FRA,3:30,Saved,0
5m shot,3.0,0,1,11,NED,2.0,GENEE D,11 - 0,184,NED,3:04,Goal,1
5m shot,2.0,0,1,11,NED,2.0,SMIT Y,11 - 0,131,NED,2:11,Saved,0
Action shot,2.0,0,1,11,NED,2.0,MILLOT E,11 - 0,73,FRA,1:13,Saved,0
Centre shot,3.0,0,1,12,NED,2.0,GENEE D,12 - 0,62,NED,1:02,Goal,1
5m shot,2.0,0,1,12,NED,2.0,MILLOT E,12 - 0,34,FRA,0:34,Post,0
Action shot,7.0,0,1,12,NED,4.0,NIJHUIS M,12 - 0,142,NED,2:22,Saved,0
Extra player shot,3.0,0,1,12,NED,2.0,GENEE D,12 - 0,1,NED,0:01,Saved,0
Action shot,11.0,0,1,13,NED,3.0,KLAASSEN L,13 - 0,406,NED,6:46,Goal,1
Action shot,2.0,1,1,13,NED,3.0,MILLOT E,13 - 1,334,FRA,5:34,Goal,1
Action shot,5.0,1,1,14,NED,3.0,GENEE A,14 - 1,317,NED,5:17,Goal,1
Extra player shot,7.0,1,1,14,NED,3.0,VALVERDE C,14 - 1,283,FRA,4:43,Saved,0
5m shot,3.0,1,1,14,NED,3.0,BACHELIER L,14 - 1,262,FRA,4:22,Missed,0
5m shot,9.0,1,1,14,NED,3.0,MEGENS M,14 - 1,228,NED,3:48,Saved,0
5m shot,7.0,1,1,14,NED,3.0,VALVERDE C,14 - 1,148,FRA,2:28,Saved,0
5m shot,4.0,1,1,14,NED,3.0,SACRE A,14 - 1,104,FRA,1:44,Saved,0
5m shot,7.0,1,1,14,NED,3.0,NIJHUIS M,14 - 1,23,NED,0:23,Post,0
Action shot,12.0,1,1,14,NED,3.0,DAULE A,14 - 1,4,FRA,0:04,Missed,0
Penalty shot,4.0,1,1,15,NED,3.0,van der SLOOT S,15 - 1,1,NED,0:01,Goal,1
5m shot,12.0,1,1,15,NED,4.0,DAULE A,15 - 1,434,FRA,7:14,Blocked,0
5m shot,3.0,1,1,15,NED,4.0,GENEE D,15 - 1,419,NED,6:59,Post,0
5m shot,2.0,1,1,15,NED,4.0,MILLOT E,15 - 1,389,FRA,6:29,Saved,0
Action shot,9.0,1,1,16,NED,4.0,MEGENS M,16 - 1,361,NED,6:01,Goal,1
5m shot,9.0,1,1,16,NED,4.0,SACRE A,16 - 1,331,FRA,5:31,Blocked,0
5m shot,7.0,1,1,16,NED,4.0,VALVERDE C,16 - 1,305,FRA,5:05,Post,0
Action shot,3.0,1,1,16,NED,4.0,GENEE D,16 - 1,235,NED,3:55,Missed,0
5m shot,12.0,1,1,16,NED,4.0,DAULE A,16 - 1,205,FRA,3:25,Saved,0
Penalty shot,8.0,1,1,17,NED,4.0,SEVENICH V,17 - 1,177,NED,2:57,Goal,1
Action shot,11.0,1,1,17,NED,4.0,KLAASSEN L,17 - 1,96,NED,1:36,Post,0
Centre shot,6.0,2,1,17,NED,4.0,MAHIEU G,17 - 2,62,FRA,1:02,Goal,1
5m shot,11.0,2,1,17,NED,4.0,KLAASSEN L,17 - 2,36,NED,0:36,Post,0
Centre shot,12.0,2,1,17,NED,4.0,JOUSTRA K,17 - 2,1,NED,0:01,Saved,0
Action shot,8.0,0,2,1,HUN,1.0,KESZTHELYI R,0 - 1,452,HUN,7:32,Goal,1
5m shot,7.0,0,2,1,HUN,1.0,VALVERDE C,0 - 1,423,FRA,7:03,Saved,0
Extra player shot,7.0,0,2,1,HUN,1.0,VALVERDE C,0 - 1,393,FRA,6:33,Blocked,0
Action shot,8.0,0,2,2,HUN,1.0,KESZTHELYI R,0 - 2,371,HUN,6:11,Goal,1
Extra player shot,6.0,0,2,3,HUN,1.0,TAKACS O,0 - 3,317,HUN,5:17,Goal,1
Action shot,12.0,0,2,3,HUN,1.0,DAULE A,0 - 3,286,FRA,4:46,Saved,0
Action shot,3.0,0,2,4,HUN,1.0,ANTAL D,0 - 4,270,HUN,4:30,Goal,1
5m shot,8.0,0,2,5,HUN,1.0,KESZTHELYI R,0 - 5,218,HUN,3:38,Goal,1
Extra player shot,9.0,0,2,6,HUN,1.0,TOTH I,0 - 6,181,HUN,3:01,Goal,1
Extra player shot,5.0,0,2,6,HUN,1.0,SZUCS G,0 - 6,128,HUN,2:08,Post,0
5m shot,5.0,0,2,6,HUN,1.0,GUILLET L,0 - 6,58,FRA,0:58,Missed,0
Centre shot,12.0,0,2,7,HUN,1.0,SZILAGYI D,0 - 7,31,HUN,0:31,Goal,1
Extra player shot,5.0,0,2,7,HUN,1.0,GUILLET L,0 - 7,2,FRA,0:02,Saved,0
Penalty shot,2.0,1,2,7,HUN,2.0,MILLOT E,1 - 7,453,FRA,7:33,Goal,1
Extra player shot,7.0,1,2,8,HUN,2.0,ILLES A,1 - 8,379,HUN,6:19,Goal,1
Action shot,9.0,1,2,8,HUN,2.0,SACRE A,1 - 8,318,FRA,5:18,Post,0
Action shot,2.0,1,2,9,HUN,2.0,CZIGANY D,1 - 9,288,HUN,4:48,Goal,1
Extra player shot,4.0,2,2,9,HUN,2.0,SACRE A,2 - 9,268,FRA,4:28,Goal,1
Extra player shot,11.0,2,2,10,HUN,2.0,CSABAI D,2 - 10,241,HUN,4:01,Goal,1
Centre shot,12.0,2,2,10,HUN,2.0,DAULE A,2 - 10,213,FRA,3:33,Saved,0
5m shot,11.0,2,2,10,HUN,2.0,CSABAI D,2 - 10,185,HUN,3:05,Saved,0
Extra player shot,10.0,2,2,11,HUN,2.0,BUJKA B,2 - 11,163,HUN,2:43,Goal,1
Centre shot,7.0,2,2,11,HUN,2.0,ILLES A,2 - 11,118,HUN,1:58,Missed,0
5m shot,3.0,2,2,11,HUN,2.0,BACHELIER L,2 - 11,93,FRA,1:33,Post,0
Centre shot,10.0,2,2,12,HUN,2.0,BUJKA B,2 - 12,73,HUN,1:13,Goal,1
5m shot,7.0,2,2,12,HUN,4.0,VALVERDE C,2 - 12,140,FRA,2:20,Saved,0
5m shot,11.0,2,2,12,HUN,4.0,CSABAI D,2 - 12,116,HUN,1:56,Post,0
Penalty shot,5.0,2,2,12,HUN,4.0,GUILLET L,2 - 12,92,FRA,1:32,Saved,0
5m shot,8.0,5,2,22,HUN,4.0,KESZTHELYI R,5 - 22,76,HUN,1:16,Goal,1
Counter attack,2.0,2,2,13,HUN,2.0,CZIGANY D,2 - 13,49,HUN,0:49,Goal,1
Action shot,4.0,2,2,14,HUN,2.0,GURISATTI G,2 - 14,8,HUN,0:08,Goal,1
5m shot,2.0,2,2,14,HUN,2.0,MILLOT E,2 - 14,1,FRA,0:01,Saved,0
5m shot,8.0,2,2,14,HUN,3.0,KESZTHELYI R,2 - 14,454,HUN,7:34,Post,0
Centre shot,9.0,2,2,15,HUN,3.0,TOTH I,2 - 15,438,HUN,7:18,Goal,1
Action shot,2.0,2,2,15,HUN,3.0,MILLOT E,2 - 15,374,FRA,6:14,Saved,0
Extra player shot,6.0,2,2,16,HUN,3.0,TAKACS O,2 - 16,351,HUN,5:51,Goal,1
Extra player shot,9.0,3,2,16,HUN,3.0,SACRE A,3 - 16,316,FRA,5:16,Goal,1
Action shot,12.0,3,2,17,HUN,3.0,SZILAGYI D,3 - 17,275,HUN,4:35,Goal,1
Centre shot,3.0,4,2,17,HUN,3.0,BACHELIER L,4 - 17,254,FRA,4:14,Goal,1
Centre shot,3.0,4,2,17,HUN,3.0,ANTAL D,4 - 17,137,HUN,2:17,Saved,0
Action shot,5.0,4,2,18,HUN,3.0,SZUCS G,4 - 18,116,HUN,1:56,Goal,1
Action shot,10.0,4,2,19,HUN,3.0,BUJKA B,4 - 19,70,HUN,1:10,Goal,1
Action shot,3.0,4,2,20,HUN,3.0,ANTAL D,4 - 20,30,HUN,0:30,Goal,1
Extra player shot,2.0,5,2,20,HUN,3.0,MILLOT E,5 - 20,2,FRA,0:02,Goal,1
Action shot,10.0,5,2,21,HUN,4.0,BUJKA B,5 - 21,453,HUN,7:33,Goal,1
Extra player shot,2.0,5,2,21,HUN,4.0,MILLOT E,5 - 21,413,FRA,6:53,Post,0
Action shot,11.0,5,2,21,HUN,4.0,CSABAI D,5 - 21,386,HUN,6:26,Saved,0
Extra player shot,12.0,5,2,21,HUN,4.0,DAULE A,5 - 21,351,FRA,5:51,Saved,0
Extra player shot,6.0,5,2,21,HUN,4.0,MAHIEU G,5 - 21,324,FRA,5:24,Post,0
5m shot,11.0,5,2,21,HUN,4.0,CSABAI D,5 - 21,274,HUN,4:34,Post,0
5m shot,12.0,5,2,21,HUN,4.0,DAULE A,5 - 21,245,FRA,4:05,Saved,0
5m shot,10.0,5,2,21,HUN,4.0,BUJKA B,5 - 21,228,HUN,3:48,Saved,0
Centre shot,10.0,5,2,21,HUN,4.0,BUJKA B,5 - 21,212,HUN,3:32,Missed,0
Action shot,4.0,5,2,21,HUN,4.0,GURISATTI G,5 - 21,167,HUN,2:47,Post,0
Action shot,6.0,5,2,21,HUN,4.0,MAHIEU G,5 - 21,48,FRA,0:48,Blocked,0
Counter attack,3.0,5,2,23,HUN,4.0,ANTAL D,5 - 23,39,HUN,0:39,Goal,1
Action shot,8.0,5,2,23,HUN,4.0,KESZTHELYI R,5 - 23,10,HUN,0:10,Saved,0
Centre shot,3.0,5,2,24,HUN,4.0,ANTAL D,5 - 24,3,HUN,0:03,Goal,1
Action shot,12.0,0,3,1,JPN,1.0,SUZUKI K,1 - 0,442,JPN,7:22,Goal,1
Centre shot,6.0,1,3,1,JPN,1.0,MAHIEU G,1 - 1,416,FRA,6:56,Goal,1
5m shot,5.0,1,3,2,JPN,1.0,SAKANOUE C,2 - 1,393,JPN,6:33,Goal,1
Centre shot,6.0,1,3,2,JPN,1.0,MAHIEU G,2 - 1,362,FRA,6:02,Post,0
Centre shot,6.0,1,3,2,JPN,1.0,YAMAMOTO M,2 - 1,344,JPN,5:44,Post,0
Extra player shot,11.0,2,3,2,JPN,1.0,BARBIEUX M,2 - 2,318,FRA,5:18,Goal,1
5m shot,2.0,2,3,2,JPN,1.0,ARIMA Y,2 - 2,301,JPN,5:01,Post,0
Extra player shot,10.0,2,3,2,JPN,1.0,NORO M,2 - 2,225,JPN,3:45,Post,0
Action shot,12.0,2,3,2,JPN,1.0,SUZUKI K,2 - 2,149,JPN,2:29,Missed,0
Action shot,7.0,2,3,2,JPN,1.0,VALVERDE C,2 - 2,130,FRA,2:10,Saved,0
Counter attack,7.0,2,3,3,JPN,1.0,INABA A,3 - 2,117,JPN,1:57,Goal,1
5m shot,2.0,2,3,3,JPN,1.0,ARIMA Y,3 - 2,84,JPN,1:24,Post,0
Action shot,3.0,2,3,3,JPN,1.0,KAZAMA Y,3 - 2,36,JPN,0:36,Saved,0
Extra player shot,5.0,3,3,3,JPN,1.0,GUILLET L,3 - 3,1,FRA,0:01,Goal,1
Action shot,7.0,3,3,3,JPN,2.0,INABA A,3 - 3,451,JPN,7:31,Saved,0
5m shot,7.0,3,3,3,JPN,2.0,VALVERDE C,3 - 3,425,FRA,7:05,Saved,0
5m shot,10.0,3,3,3,JPN,2.0,NORO M,3 - 3,401,JPN,6:41,Missed,0
Extra player shot,12.0,4,3,3,JPN,2.0,DAULE A,3 - 4,368,FRA,6:08,Goal,1
Extra player shot,2.0,5,3,3,JPN,2.0,MILLOT E,3 - 5,313,FRA,5:13,Goal,1
Centre shot,6.0,5,3,3,JPN,2.0,MAHIEU G,3 - 5,269,FRA,4:29,Missed,0
5m shot,7.0,5,3,3,JPN,2.0,INABA A,3 - 5,240,JPN,4:00,Post,0
Action shot,5.0,5,3,3,JPN,2.0,GUILLET L,3 - 5,209,FRA,3:29,Saved,0
Action shot,5.0,5,3,3,JPN,2.0,SAKANOUE C,3 - 5,195,JPN,3:15,Saved,0
Counter attack,7.0,5,3,3,JPN,4.0,INABA A,3 - 5,311,JPN,5:11,Post,0
Penalty shot,2.0,5,3,3,JPN,4.0,ARIMA Y,3 - 5,284,JPN,4:44,Saved,0
5m shot,2.0,5,3,3,JPN,4.0,MILLOT E,3 - 5,259,FRA,4:19,Post,0
Counter attack,6.0,8,3,8,JPN,4.0,YAMAMOTO M,8 - 8,242,JPN,4:02,Goal,1
Action shot,12.0,8,3,8,JPN,4.0,SUZUKI K,8 - 8,203,JPN,3:23,Blocked,0
Penalty shot,2.0,6,3,3,JPN,2.0,MILLOT E,3 - 6,85,FRA,1:25,Goal,1
5m shot,2.0,6,3,3,JPN,2.0,ARIMA Y,3 - 6,61,JPN,1:01,Saved,0
Extra player shot,7.0,6,3,3,JPN,2.0,INABA A,3 - 6,20,JPN,0:20,Saved,0
5m shot,5.0,6,3,3,JPN,3.0,GUILLET L,3 - 6,395,FRA,6:35,Missed,0
Extra player shot,6.0,6,3,3,JPN,3.0,YAMAMOTO M,3 - 6,355,JPN,5:55,Saved,0
Action shot,12.0,6,3,4,JPN,3.0,SUZUKI K,4 - 6,313,JPN,5:13,Goal,1
5m shot,2.0,6,3,4,JPN,3.0,MILLOT E,4 - 6,286,FRA,4:46,Saved,0
Centre shot,8.0,6,3,4,JPN,3.0,NIIZAWA Y,4 - 6,279,JPN,4:39,Post,0
5m shot,2.0,6,3,4,JPN,3.0,ARIMA Y,4 - 6,219,JPN,3:39,Blocked,0
Action shot,5.0,6,3,4,JPN,3.0,SAKANOUE C,4 - 6,184,JPN,3:04,Post,0
Action shot,7.0,6,3,5,JPN,3.0,INABA A,5 - 6,113,JPN,1:53,Goal,1
Action shot,7.0,6,3,5,JPN,3.0,INABA A,5 - 6,71,JPN,1:11,Saved,0
Action shot,5.0,6,3,6,JPN,3.0,SAKANOUE C,6 - 6,32,JPN,0:32,Goal,1
5m shot,2.0,7,3,6,JPN,3.0,MILLOT E,6 - 7,3,FRA,0:03,Goal,1
5m shot,2.0,7,3,6,JPN,3.0,ARIMA Y,6 - 7,1,JPN,0:01,Missed,0
Action shot,7.0,7,3,6,JPN,4.0,VALVERDE C,6 - 7,396,FRA,6:36,Post,0
Centre shot,7.0,7,3,7,JPN,4.0,INABA A,7 - 7,377,JPN,6:17,Goal,1
Centre shot,6.0,8,3,7,JPN,4.0,MAHIEU G,7 - 8,355,FRA,5:55,Goal,1
Action shot,12.0,8,3,7,JPN,4.0,SUZUKI K,7 - 8,339,JPN,5:39,Saved,0
5m shot,4.0,8,3,7,JPN,4.0,SACRE A,7 - 8,176,FRA,2:56,Saved,0
5m shot,2.0,8,3,7,JPN,4.0,ARIMA Y,7 - 8,111,JPN,1:51,Missed,0
Action shot,2.0,9,3,8,JPN,4.0,MILLOT E,8 - 9,74,FRA,1:14,Goal,1
5m shot,7.0,9,3,8,JPN,4.0,INABA A,8 - 9,55,JPN,0:55,Post,0
5m shot,5.0,9,3,8,JPN,4.0,SAKANOUE C,8 - 9,16,JPN,0:16,Blocked,0
5m shot,7.0,0,4,1,AUS,1.0,WEBSTER R,0 - 1,428,AUS,7:08,Goal,1
5m shot,5.0,0,4,1,AUS,1.0,GUILLET L,0 - 1,398,FRA,6:38,Post,0
5m shot,3.0,0,4,1,AUS,1.0,BUCKLING H,0 - 1,382,AUS,6:22,Post,0
Penalty shot,7.0,0,4,2,AUS,1.0,WEBSTER R,0 - 2,341,AUS,5:41,Goal,1
5m shot,3.0,0,4,2,AUS,1.0,BACHELIER L,0 - 2,310,FRA,5:10,Blocked,0
Centre shot,9.0,0,4,3,AUS,1.0,ARANCINI Z,0 - 3,287,AUS,4:47,Goal,1
5m shot,10.0,0,4,3,AUS,1.0,DESCHAMPT Y,0 - 3,257,FRA,4:17,Saved,0
Action shot,7.0,0,4,3,AUS,1.0,WEBSTER R,0 - 3,230,AUS,3:50,Missed,0
Action shot,5.0,0,4,3,AUS,1.0,GUILLET L,0 - 3,212,FRA,3:32,Saved,0
5m shot,2.0,0,4,3,AUS,1.0,MILLOT E,0 - 3,161,FRA,2:41,Saved,0
Counter attack,2.0,0,4,4,AUS,1.0,GOFERS K,0 - 4,145,AUS,2:25,Goal,1
5m shot,7.0,0,4,4,AUS,1.0,VALVERDE C,0 - 4,116,FRA,1:56,Saved,0
Extra player shot,3.0,0,4,5,AUS,1.0,BUCKLING H,0 - 5,47,AUS,0:47,Goal,1
Extra player shot,6.0,0,4,5,AUS,1.0,MAHIEU G,0 - 5,13,FRA,0:13,Missed,0
5m shot,5.0,0,4,5,AUS,1.0,BISHOP I,0 - 5,0,AUS,0:00,Saved,0
Action shot,7.0,0,4,6,AUS,2.0,WEBSTER R,0 - 6,400,AUS,6:40,Goal,1
Action shot,4.0,0,4,7,AUS,2.0,HALLIGAN B,0 - 7,333,AUS,5:33,Goal,1
5m shot,9.0,0,4,7,AUS,2.0,SACRE A,0 - 7,309,FRA,5:09,Missed,0
Counter attack,2.0,0,4,8,AUS,2.0,GOFERS K,0 - 8,296,AUS,4:56,Goal,1
Extra player shot,4.0,0,4,8,AUS,2.0,SACRE A,0 - 8,279,FRA,4:39,Saved,0
Extra player shot,5.0,0,4,8,AUS,2.0,GUILLET L,0 - 8,264,FRA,4:24,Saved,0
5m shot,11.0,0,4,8,AUS,2.0,BAXTER M,0 - 8,178,AUS,2:58,Saved,0
Action shot,3.0,0,4,8,AUS,2.0,BACHELIER L,0 - 8,153,FRA,2:33,Saved,0
5m shot,12.0,0,4,8,AUS,2.0,STEERE M,0 - 8,124,AUS,2:04,Saved,0
5m shot,6.0,0,4,8,AUS,2.0,RIDGE A,0 - 8,47,AUS,0:47,Post,0
5m shot,7.0,0,4,8,AUS,2.0,VALVERDE C,0 - 8,25,FRA,0:25,Saved,0
5m shot,4.0,0,4,9,AUS,2.0,HALLIGAN B,0 - 9,1,AUS,0:01,Goal,1
Action shot,7.0,0,4,9,AUS,3.0,WEBSTER R,0 - 9,438,AUS,7:18,Saved,0
Action shot,7.0,0,4,9,AUS,3.0,VALVERDE C,0 - 9,414,FRA,6:54,Missed,0
Action shot,2.0,0,4,9,AUS,3.0,MILLOT E,0 - 9,364,FRA,6:04,Saved,0
Action shot,5.0,0,4,9,AUS,3.0,BISHOP I,0 - 9,345,AUS,5:45,Missed,0
Extra player shot,2.0,1,4,9,AUS,3.0,MILLOT E,1 - 9,299,FRA,4:59,Goal,1
Extra player shot,7.0,1,4,9,AUS,3.0,WEBSTER R,1 - 9,202,AUS,3:22,Blocked,0
5m shot,12.0,1,4,9,AUS,3.0,STEERE M,1 - 9,171,AUS,2:51,Post,0
Extra player shot,4.0,1,4,9,AUS,3.0,SACRE A,1 - 9,44,FRA,0:44,Missed,0
Extra player shot,9.0,1,4,10,AUS,3.0,ARANCINI Z,1 - 10,13,AUS,0:13,Goal,1
Action shot,3.0,1,4,11,AUS,4.0,BUCKLING H,1 - 11,436,AUS,7:16,Goal,1
5m shot,2.0,1,4,11,AUS,4.0,MILLOT E,1 - 11,407,FRA,6:47,Blocked,0
Counter attack,10.0,1,4,12,AUS,4.0,MIHAILOVIC L,1 - 12,391,AUS,6:31,Goal,1
Centre shot,4.0,1,4,13,AUS,4.0,HALLIGAN B,1 - 13,346,AUS,5:46,Goal,1
5m shot,8.0,2,4,13,AUS,4.0,BATTU A,2 - 13,317,FRA,5:17,Goal,1
Action shot,9.0,2,4,14,AUS,4.0,ARANCINI Z,2 - 14,290,AUS,4:50,Goal,1
Centre shot,8.0,2,4,14,AUS,4.0,ZIMMERMAN J,2 - 14,240,AUS,4:00,Saved,0
5m shot,7.0,2,4,14,AUS,4.0,VALVERDE C,2 - 14,219,FRA,3:39,Missed,0
Extra player shot,9.0,2,4,15,AUS,4.0,ARANCINI Z,2 - 15,175,AUS,2:55,Goal,1
5m shot,5.0,2,4,15,AUS,4.0,GUILLET L,2 - 15,131,FRA,2:11,Post,0
5m shot,11.0,2,4,16,AUS,4.0,BAXTER M,2 - 16,105,AUS,1:45,Goal,1
Extra player shot,3.0,2,4,16,AUS,4.0,BACHELIER L,2 - 16,58,FRA,0:58,Post,0
5m shot,10.0,2,4,16,AUS,4.0,MIHAILOVIC L,2 - 16,33,AUS,0:33,Missed,0
5m shot,3.0,2,4,16,AUS,4.0,BACHELIER L,2 - 16,3,FRA,0:03,Saved,0
5m shot,8.0,0,5,0,CHN,1.0,ZHANG C,0 - 0,398,CHN,6:38,Saved,0
Action shot,6.0,0,5,1,CHN,1.0,GUO N,1 - 0,357,CHN,5:57,Goal,1
5m shot,5.0,0,5,1,CHN,1.0,GUILLET L,1 - 0,326,FRA,5:26,Post,0
5m shot,5.0,0,5,1,CHN,1.0,GUILLET L,1 - 0,299,FRA,4:59,Saved,0
Centre shot,4.0,1,5,1,CHN,1.0,SACRE A,1 - 1,250,FRA,4:10,Goal,1
5m shot,5.0,1,5,1,CHN,1.0,NIU G,1 - 1,236,CHN,3:56,Missed,0
5m shot,5.0,1,5,1,CHN,1.0,NIU G,1 - 1,231,CHN,3:51,Saved,0
Action shot,3.0,1,5,2,CHN,1.0,MEI X,2 - 1,204,CHN,3:24,Goal,1
5m shot,7.0,1,5,2,CHN,1.0,VALVERDE C,2 - 1,153,FRA,2:33,Missed,0
5m shot,5.0,1,5,2,CHN,1.0,NIU G,2 - 1,141,CHN,2:21,Saved,0
5m shot,3.0,1,5,2,CHN,1.0,MEI X,2 - 1,93,CHN,1:33,Post,0
Action shot,5.0,2,5,2,CHN,1.0,GUILLET L,2 - 2,63,FRA,1:03,Goal,1
Action shot,10.0,2,5,3,CHN,1.0,ZHANG D,3 - 2,21,CHN,0:21,Goal,1
Penalty shot,2.0,3,5,3,CHN,2.0,MILLOT E,3 - 3,284,FRA,4:44,Goal,1
5m shot,4.0,3,5,3,CHN,2.0,SACRE A,3 - 3,233,FRA,3:53,Saved,0
Action shot,6.0,3,5,4,CHN,2.0,GUO N,4 - 3,219,CHN,3:39,Goal,1
Centre shot,12.0,4,5,4,CHN,2.0,DAULE A,4 - 4,191,FRA,3:11,Goal,1
5m shot,10.0,4,5,4,CHN,2.0,ZHANG D,4 - 4,163,CHN,2:43,Missed,0
Action shot,6.0,4,5,4,CHN,2.0,MAHIEU G,4 - 4,152,FRA,2:32,Saved,0
Action shot,2.0,4,5,5,CHN,2.0,BI Y,5 - 4,129,CHN,2:09,Goal,1
5m shot,5.0,4,5,5,CHN,2.0,GUILLET L,5 - 4,48,FRA,0:48,Blocked,0
Penalty shot,9.0,4,5,6,CHN,2.0,ZHAO Z,6 - 4,22,CHN,0:22,Goal,1
Action shot,3.0,4,5,6,CHN,4.0,BACHELIER L,6 - 4,51,FRA,0:51,Saved,0
5m shot,5.0,4,5,7,CHN,3.0,NIU G,7 - 4,451,CHN,7:31,Goal,1
Action shot,12.0,4,5,7,CHN,3.0,DAULE A,7 - 4,426,FRA,7:06,Blocked,0
Action shot,6.0,4,5,7,CHN,3.0,GUO N,7 - 4,413,CHN,6:53,Saved,0
5m shot,3.0,4,5,7,CHN,3.0,MEI X,7 - 4,357,CHN,5:57,Post,0
Extra player shot,3.0,4,5,8,CHN,3.0,MEI X,8 - 4,336,CHN,5:36,Goal,1
5m shot,4.0,5,5,8,CHN,3.0,SACRE A,8 - 5,269,FRA,4:29,Goal,1
5m shot,9.0,5,5,8,CHN,3.0,ZHAO Z,8 - 5,245,CHN,4:05,Saved,0
5m shot,11.0,5,5,8,CHN,3.0,BARBIEUX M,8 - 5,195,FRA,3:15,Blocked,0
5m shot,5.0,5,5,9,CHN,3.0,NIU G,9 - 5,119,CHN,1:59,Goal,1
Action shot,2.0,5,5,9,CHN,3.0,MILLOT E,9 - 5,61,FRA,1:01,Saved,0
Counter attack,12.0,5,5,10,CHN,3.0,ZHANG J,10 - 5,46,CHN,0:46,Goal,1
5m shot,6.0,5,5,10,CHN,3.0,GUO N,10 - 5,1,CHN,0:01,Post,0
5m shot,2.0,5,5,10,CHN,4.0,BI Y,10 - 5,435,CHN,7:15,Missed,0
5m shot,9.0,5,5,10,CHN,4.0,SACRE A,10 - 5,406,FRA,6:46,Saved,0
Action shot,10.0,5,5,11,CHN,4.0,ZHANG D,11 - 5,359,CHN,5:59,Goal,1
Action shot,5.0,5,5,11,CHN,4.0,GUILLET L,11 - 5,330,FRA,5:30,Saved,0
Action shot,9.0,5,5,11,CHN,4.0,ZHAO Z,11 - 5,321,CHN,5:21,Post,0
5m shot,7.0,5,5,11,CHN,4.0,VALVERDE C,11 - 5,299,FRA,4:59,Missed,0
Action shot,5.0,5,5,11,CHN,4.0,GUILLET L,11 - 5,268,FRA,4:28,Saved,0
Action shot,5.0,5,5,12,CHN,4.0,NIU G,12 - 5,182,CHN,3:02,Goal,1
5m shot,10.0,5,5,12,CHN,4.0,DESCHAMPT Y,12 - 5,162,FRA,2:42,Saved,0
Extra player shot,7.0,5,5,13,CHN,4.0,NONG S,13 - 5,117,CHN,1:57,Goal,1
5m shot,5.0,5,5,13,CHN,4.0,GUILLET L,13 - 5,88,FRA,1:28,Saved,0
Action shot,9.0,5,5,13,CHN,4.0,SACRE A,13 - 5,30,FRA,0:30,Saved,0
5m shot,11.0,0,6,0,NZL,1.0,HUDSON K,0 - 0,432,NZL,7:12,Missed,0
Extra player shot,12.0,0,6,0,NZL,1.0,DAULE A,0 - 0,403,FRA,6:43,Post,0
Action shot,8.0,0,6,1,NZL,1.0,LOPES da SILVA C,1 - 0,374,NZL,6:14,Goal,1
5m shot,3.0,0,6,1,NZL,1.0,MASON K,1 - 0,281,NZL,4:41,Blocked,0
Action shot,7.0,0,6,1,NZL,1.0,VALVERDE C,1 - 0,259,FRA,4:19,Saved,0
Extra player shot,10.0,0,6,1,NZL,1.0,BOWRY C,1 - 0,208,NZL,3:28,Saved,0
5m shot,7.0,0,6,1,NZL,1.0,VALVERDE C,1 - 0,182,FRA,3:02,Blocked,0
5m shot,8.0,0,6,1,NZL,1.0,LOPES da SILVA C,1 - 0,148,NZL,2:28,Missed,0
Action shot,12.0,0,6,1,NZL,1.0,DAULE A,1 - 0,128,FRA,2:08,Saved,0
5m shot,3.0,0,6,1,NZL,1.0,MASON K,1 - 0,102,NZL,1:42,Post,0
Centre shot,9.0,0,6,1,NZL,1.0,STONEMAN E,1 - 0,46,NZL,0:46,Saved,0
Centre shot,3.0,0,6,1,NZL,1.0,BACHELIER L,1 - 0,10,FRA,0:10,Saved,0
5m shot,3.0,0,6,1,NZL,1.0,MASON K,1 - 0,1,NZL,0:01,Saved,0
Extra player shot,8.0,0,6,1,NZL,2.0,LOPES da SILVA C,1 - 0,457,NZL,7:37,Saved,0
Extra player shot,8.0,0,6,1,NZL,2.0,BATTU A,1 - 0,424,FRA,7:04,Saved,0
5m shot,11.0,0,6,2,NZL,2.0,HUDSON K,2 - 0,397,NZL,6:37,Goal,1
5m shot,5.0,0,6,2,NZL,2.0,BOYD A,2 - 0,344,NZL,5:44,Blocked,0
Extra player shot,7.0,1,6,2,NZL,2.0,VALVERDE C,2 - 1,318,FRA,5:18,Goal,1
Extra player shot,3.0,1,6,2,NZL,2.0,MASON K,2 - 1,274,NZL,4:34,Post,0
Extra player shot,12.0,2,6,2,NZL,2.0,DAULE A,2 - 2,244,FRA,4:04,Goal,1
5m shot,3.0,2,6,2,NZL,2.0,MASON K,2 - 2,222,NZL,3:42,Saved,0
Extra player shot,2.0,2,6,2,NZL,2.0,MILLOT E,2 - 2,181,FRA,3:01,Missed,0
5m shot,6.0,2,6,2,NZL,2.0,DOYLE B,2 - 2,152,NZL,2:32,Saved,0
5m shot,8.0,2,6,2,NZL,2.0,LOPES da SILVA C,2 - 2,107,NZL,1:47,Saved,0
5m shot,3.0,2,6,3,NZL,2.0,MASON K,3 - 2,50,NZL,0:50,Goal,1
5m shot,8.0,2,6,3,NZL,4.0,LOPES da SILVA C,3 - 2,50,NZL,0:50,Saved,0
5m shot,12.0,2,6,3,NZL,4.0,PYE B,3 - 2,42,NZL,0:42,Missed,0
5m shot,3.0,3,6,3,NZL,3.0,BACHELIER L,3 - 3,451,FRA,7:31,Goal,1
5m shot,12.0,3,6,3,NZL,3.0,PYE B,3 - 3,430,NZL,7:10,Saved,0
Extra player shot,2.0,4,6,3,NZL,3.0,MILLOT E,3 - 4,396,FRA,6:36,Goal,1
Extra player shot,6.0,4,6,3,NZL,3.0,DOYLE B,3 - 4,357,NZL,5:57,Saved,0
Action shot,9.0,4,6,3,NZL,3.0,SACRE A,3 - 4,330,FRA,5:30,Saved,0
Extra player shot,7.0,5,6,3,NZL,3.0,VALVERDE C,3 - 5,309,FRA,5:09,Goal,1
Action shot,12.0,5,6,4,NZL,3.0,PYE B,4 - 5,287,NZL,4:47,Goal,1
Action shot,12.0,5,6,4,NZL,3.0,DAULE A,4 - 5,260,FRA,4:20,Saved,0
5m shot,3.0,5,6,4,NZL,3.0,BACHELIER L,4 - 5,230,FRA,3:50,Saved,0
5m shot,7.0,5,6,4,NZL,3.0,HOUGHTON E,4 - 5,204,NZL,3:24,Post,0
5m shot,4.0,6,6,4,NZL,3.0,SACRE A,4 - 6,156,FRA,2:36,Goal,1
Centre shot,8.0,6,6,4,NZL,3.0,LOPES da SILVA C,4 - 6,137,NZL,2:17,Missed,0
Centre shot,5.0,6,6,4,NZL,3.0,GUILLET L,4 - 6,123,FRA,2:03,Missed,0
Action shot,8.0,6,6,4,NZL,3.0,LOPES da SILVA C,4 - 6,99,NZL,1:39,Saved,0
Extra player shot,12.0,7,6,4,NZL,3.0,DAULE A,4 - 7,82,FRA,1:22,Goal,1
5m shot,12.0,7,6,4,NZL,3.0,PYE B,4 - 7,57,NZL,0:57,Saved,0
5m shot,3.0,7,6,4,NZL,3.0,MASON K,4 - 7,32,NZL,0:32,Missed,0
Extra player shot,3.0,7,6,5,NZL,4.0,MASON K,5 - 7,432,NZL,7:12,Goal,1
Extra player shot,5.0,8,6,5,NZL,4.0,GUILLET L,5 - 8,389,FRA,6:29,Goal,1
Action shot,5.0,9,6,5,NZL,4.0,GUILLET L,5 - 9,343,FRA,5:43,Goal,1
Penalty shot,8.0,9,6,6,NZL,4.0,LOPES da SILVA C,6 - 9,319,NZL,5:19,Goal,1
Action shot,7.0,9,6,7,NZL,4.0,HOUGHTON E,7 - 9,276,NZL,4:36,Goal,1
Centre shot,2.0,9,6,7,NZL,4.0,LEWIS N,7 - 9,230,NZL,3:50,Saved,0
5m shot,7.0,9,6,7,NZL,4.0,HOUGHTON E,7 - 9,192,NZL,3:12,Missed,0
5m shot,3.0,9,6,7,NZL,4.0,MASON K,7 - 9,143,NZL,2:23,Saved,0
Action shot,3.0,9,6,7,NZL,4.0,MASON K,7 - 9,5,NZL,0:05,Saved,0
